thick,t_mm,width,test,W_Y,M,SAC,n,alpha,onset,frame,eps1,eps2
A,1.2,W02,001,15.0,0.7,0.0005,6,0.1,True,322,0.1638368375507402,-0.043359527801289974
A,1.2,W02,001,15.0,0.7,0.0005,6,0.2,True,408,0.3141749206884408,-0.09501411085143502
A,1.2,W02,001,15.0,0.7,0.0005,8,0.1,True,406,0.30753569176167617,-0.09299823347433114
A,1.2,W02,001,15.0,0.7,0.0005,8,0.2,True,408,0.3141749206884408,-0.09501411085143502
A,1.2,W02,001,15.0,0.7,0.0005,10,0.1,True,406,0.30753569176167617,-0.09299823347433114
A,1.2,W02,001,15.0,0.7,0.0005,10,0.2,True,408,0.3141749206884408,-0.09501411085143502
A,1.2,W02,001,15.0,0.7,0.001,6,0.1,True,387,0.23467248954154826,-0.0689652838088848
A,1.2,W02,001,15.0,0.7,0.001,6,0.2,True,387,0.23467248954154826,-0.0689652838088848
A,1.2,W02,001,15.0,0.7,0.001,8,0.1,True,387,0.23467248954154826,-0.0689652838088848
A,1.2,W02,001,15.0,0.7,0.001,8,0.2,True,387,0.23467248954154826,-0.0689652838088848
A,1.2,W02,001,15.0,0.7,0.001,10,0.1,True,387,0.23467248954154826,-0.0689652838088848
A,1.2,W02,001,15.0,0.7,0.001,10,0.2,True,387,0.23467248954154826,-0.0689652838088848
A,1.2,W02,001,15.0,0.75,0.0005,6,0.1,True,411,0.32879861490226087,-0.09886263329305767
A,1.2,W02,001,15.0,0.75,0.0005,6,0.2,True,412,0.3337561035597766,-0.10004935560770976
A,1.2,W02,001,15.0,0.75,0.0005,8,0.1,True,411,0.32879861490226087,-0.09886263329305767
A,1.2,W02,001,15.0,0.75,0.0005,8,0.2,True,412,0.3337561035597766,-0.10004935560770976
A,1.2,W02,001,15.0,0.75,0.0005,10,0.1,True,411,0.32879861490226087,-0.09886263329305767
A,1.2,W02,001,15.0,0.75,0.0005,10,0.2,True,412,0.3337561035597766,-0.10004935560770976
A,1.2,W02,001,15.0,0.75,0.001,6,0.1,True,387,0.23467248954154826,-0.0689652838088848
A,1.2,W02,001,15.0,0.75,0.001,6,0.2,True,387,0.23467248954154826,-0.0689652838088848
A,1.2,W02,001,15.0,0.75,0.001,8,0.1,True,387,0.23467248954154826,-0.0689652838088848
A,1.2,W02,001,15.0,0.75,0.001,8,0.2,True,387,0.23467248954154826,-0.0689652838088848
A,1.2,W02,001,15.0,0.75,0.001,10,0.1,True,387,0.23467248954154826,-0.0689652838088848
A,1.2,W02,001,15.0,0.75,0.001,10,0.2,True,387,0.23467248954154826,-0.0689652838088848
A,1.2,W02,001,15.0,0.8,0.0005,6,0.1,True,352,0.19700275913432794,-0.056020701189100006
A,1.2,W02,001,15.0,0.8,0.0005,6,0.2,True,387,0.23467248954154826,-0.0689652838088848
A,1.2,W02,001,15.0,0.8,0.0005,8,0.1,True,352,0.19700275913432794,-0.056020701189100006
A,1.2,W02,001,15.0,0.8,0.0005,8,0.2,True,387,0.23467248954154826,-0.0689652838088848
A,1.2,W02,001,15.0,0.8,0.0005,10,0.1,True,352,0.19700275913432794,-0.056020701189100006
A,1.2,W02,001,15.0,0.8,0.0005,10,0.2,True,387,0.23467248954154826,-0.0689652838088848
A,1.2,W02,001,15.0,0.8,0.001,6,0.1,True,387,0.23467248954154826,-0.0689652838088848
A,1.2,W02,001,15.0,0.8,0.001,6,0.2,True,387,0.23467248954154826,-0.0689652838088848
A,1.2,W02,001,15.0,0.8,0.001,8,0.1,True,387,0.23467248954154826,-0.0689652838088848
A,1.2,W02,001,15.0,0.8,0.001,8,0.2,True,387,0.23467248954154826,-0.0689652838088848
A,1.2,W02,001,15.0,0.8,0.001,10,0.1,True,387,0.23467248954154826,-0.0689652838088848
A,1.2,W02,001,15.0,0.8,0.001,10,0.2,True,387,0.23467248954154826,-0.0689652838088848
A,1.2,W02,001,20.0,0.7,0.0005,6,0.1,True,413,0.3397984692924901,-0.10146564245223999
A,1.2,W02,001,20.0,0.7,0.0005,6,0.2,True,415,0.35129387127725703,-0.10384375964732546
A,1.2,W02,001,20.0,0.7,0.0005,8,0.1,True,413,0.3397984692924901,-0.10146564245223999
A,1.2,W02,001,20.0,0.7,0.0005,8,0.2,True,415,0.35129387127725703,-0.10384375964732546
A,1.2,W02,001,20.0,0.7,0.0005,10,0.1,True,413,0.3397984692924901,-0.10146564245223999
A,1.2,W02,001,20.0,0.7,0.0005,10,0.2,True,415,0.35129387127725703,-0.10384375964732546
A,1.2,W02,001,20.0,0.7,0.001,6,0.1,True,387,0.23461981196152537,-0.06892765519258223
A,1.2,W02,001,20.0,0.7,0.001,6,0.2,True,387,0.23461981196152537,-0.06892765519258223
A,1.2,W02,001,20.0,0.7,0.001,8,0.1,True,387,0.23461981196152537,-0.06892765519258223
A,1.2,W02,001,20.0,0.7,0.001,8,0.2,True,387,0.23461981196152537,-0.06892765519258223
A,1.2,W02,001,20.0,0.7,0.001,10,0.1,True,387,0.23461981196152537,-0.06892765519258223
A,1.2,W02,001,20.0,0.7,0.001,10,0.2,True,387,0.23461981196152537,-0.06892765519258223
A,1.2,W02,001,20.0,0.75,0.0005,6,0.1,True,403,0.2994326055049896,-0.09068463781946584
A,1.2,W02,001,20.0,0.75,0.0005,6,0.2,True,404,0.30301680768791,-0.09167677477786415
A,1.2,W02,001,20.0,0.75,0.0005,8,0.1,True,403,0.2994326055049896,-0.09068463781946584
A,1.2,W02,001,20.0,0.75,0.0005,8,0.2,True,404,0.30301680768791,-0.09167677477786415
A,1.2,W02,001,20.0,0.75,0.0005,10,0.1,True,403,0.2994326055049896,-0.09068463781946584
A,1.2,W02,001,20.0,0.75,0.0005,10,0.2,True,404,0.30301680768791,-0.09167677477786415
A,1.2,W02,001,20.0,0.75,0.001,6,0.1,True,387,0.23461981196152537,-0.06892765519258223
A,1.2,W02,001,20.0,0.75,0.001,6,0.2,True,387,0.23461981196152537,-0.06892765519258223
A,1.2,W02,001,20.0,0.75,0.001,8,0.1,True,387,0.23461981196152537,-0.06892765519258223
A,1.2,W02,001,20.0,0.75,0.001,8,0.2,True,387,0.23461981196152537,-0.06892765519258223
A,1.2,W02,001,20.0,0.75,0.001,10,0.1,True,387,0.23461981196152537,-0.06892765519258223
A,1.2,W02,001,20.0,0.75,0.001,10,0.2,True,387,0.23461981196152537,-0.06892765519258223
A,1.2,W02,001,20.0,0.8,0.0005,6,0.1,True,352,0.1970519586221168,-0.05600840863036482
A,1.2,W02,001,20.0,0.8,0.0005,6,0.2,True,387,0.23461981196152537,-0.06892765519258223
A,1.2,W02,001,20.0,0.8,0.0005,8,0.1,True,352,0.1970519586221168,-0.05600840863036482
A,1.2,W02,001,20.0,0.8,0.0005,8,0.2,True,387,0.23461981196152537,-0.06892765519258223
A,1.2,W02,001,20.0,0.8,0.0005,10,0.1,True,352,0.1970519586221168,-0.05600840863036482
A,1.2,W02,001,20.0,0.8,0.0005,10,0.2,True,387,0.23461981196152537,-0.06892765519258223
A,1.2,W02,001,20.0,0.8,0.001,6,0.1,True,387,0.23461981196152537,-0.06892765519258223
A,1.2,W02,001,20.0,0.8,0.001,6,0.2,True,387,0.23461981196152537,-0.06892765519258223
A,1.2,W02,001,20.0,0.8,0.001,8,0.1,True,387,0.23461981196152537,-0.06892765519258223
A,1.2,W02,001,20.0,0.8,0.001,8,0.2,True,387,0.23461981196152537,-0.06892765519258223
A,1.2,W02,001,20.0,0.8,0.001,10,0.1,True,387,0.23461981196152537,-0.06892765519258223
A,1.2,W02,001,20.0,0.8,0.001,10,0.2,True,387,0.23461981196152537,-0.06892765519258223
A,1.2,W02,001,25.0,0.7,0.0005,6,0.1,True,413,0.3397984692924901,-0.10146564245223999
A,1.2,W02,001,25.0,0.7,0.0005,6,0.2,True,415,0.35129387127725703,-0.10384375964732546
A,1.2,W02,001,25.0,0.7,0.0005,8,0.1,True,413,0.3397984692924901,-0.10146564245223999
A,1.2,W02,001,25.0,0.7,0.0005,8,0.2,True,415,0.35129387127725703,-0.10384375964732546
A,1.2,W02,001,25.0,0.7,0.0005,10,0.1,True,413,0.3397984692924901,-0.10146564245223999
A,1.2,W02,001,25.0,0.7,0.0005,10,0.2,True,415,0.35129387127725703,-0.10384375964732546
A,1.2,W02,001,25.0,0.7,0.001,6,0.1,True,387,0.23461981196152537,-0.06892765519258223
A,1.2,W02,001,25.0,0.7,0.001,6,0.2,True,387,0.23461981196152537,-0.06892765519258223
A,1.2,W02,001,25.0,0.7,0.001,8,0.1,True,387,0.23461981196152537,-0.06892765519258223
A,1.2,W02,001,25.0,0.7,0.001,8,0.2,True,387,0.23461981196152537,-0.06892765519258223
A,1.2,W02,001,25.0,0.7,0.001,10,0.1,True,387,0.23461981196152537,-0.06892765519258223
A,1.2,W02,001,25.0,0.7,0.001,10,0.2,True,387,0.23461981196152537,-0.06892765519258223
A,1.2,W02,001,25.0,0.75,0.0005,6,0.1,True,403,0.2994326055049896,-0.09068463781946584
A,1.2,W02,001,25.0,0.75,0.0005,6,0.2,True,404,0.30301680768791,-0.09167677477786415
A,1.2,W02,001,25.0,0.75,0.0005,8,0.1,True,403,0.2994326055049896,-0.09068463781946584
A,1.2,W02,001,25.0,0.75,0.0005,8,0.2,True,404,0.30301680768791,-0.09167677477786415
A,1.2,W02,001,25.0,0.75,0.0005,10,0.1,True,403,0.2994326055049896,-0.09068463781946584
A,1.2,W02,001,25.0,0.75,0.0005,10,0.2,True,404,0.30301680768791,-0.09167677477786415
A,1.2,W02,001,25.0,0.75,0.001,6,0.1,True,387,0.23461981196152537,-0.06892765519258223
A,1.2,W02,001,25.0,0.75,0.001,6,0.2,True,387,0.23461981196152537,-0.06892765519258223
A,1.2,W02,001,25.0,0.75,0.001,8,0.1,True,387,0.23461981196152537,-0.06892765519258223
A,1.2,W02,001,25.0,0.75,0.001,8,0.2,True,387,0.23461981196152537,-0.06892765519258223
A,1.2,W02,001,25.0,0.75,0.001,10,0.1,True,387,0.23461981196152537,-0.06892765519258223
A,1.2,W02,001,25.0,0.75,0.001,10,0.2,True,387,0.23461981196152537,-0.06892765519258223
A,1.2,W02,001,25.0,0.8,0.0005,6,0.1,True,352,0.1970519586221168,-0.05600840863036482
A,1.2,W02,001,25.0,0.8,0.0005,6,0.2,True,387,0.23461981196152537,-0.06892765519258223
A,1.2,W02,001,25.0,0.8,0.0005,8,0.1,True,352,0.1970519586221168,-0.05600840863036482
A,1.2,W02,001,25.0,0.8,0.0005,8,0.2,True,387,0.23461981196152537,-0.06892765519258223
A,1.2,W02,001,25.0,0.8,0.0005,10,0.1,True,352,0.1970519586221168,-0.05600840863036482
A,1.2,W02,001,25.0,0.8,0.0005,10,0.2,True,387,0.23461981196152537,-0.06892765519258223
A,1.2,W02,001,25.0,0.8,0.001,6,0.1,True,387,0.23461981196152537,-0.06892765519258223
A,1.2,W02,001,25.0,0.8,0.001,6,0.2,True,387,0.23461981196152537,-0.06892765519258223
A,1.2,W02,001,25.0,0.8,0.001,8,0.1,True,387,0.23461981196152537,-0.06892765519258223
A,1.2,W02,001,25.0,0.8,0.001,8,0.2,True,387,0.23461981196152537,-0.06892765519258223
A,1.2,W02,001,25.0,0.8,0.001,10,0.1,True,387,0.23461981196152537,-0.06892765519258223
A,1.2,W02,001,25.0,0.8,0.001,10,0.2,True,387,0.23461981196152537,-0.06892765519258223
A,1.2,W02,002,15.0,0.7,0.0005,6,0.1,True,424,0.3493429215216055,-0.10132623809139903
A,1.2,W02,002,15.0,0.7,0.0005,6,0.2,True,424,0.3493429215216055,-0.10132623809139903
A,1.2,W02,002,15.0,0.7,0.0005,8,0.1,True,424,0.3493429215216055,-0.10132623809139903
A,1.2,W02,002,15.0,0.7,0.0005,8,0.2,True,424,0.3493429215216055,-0.10132623809139903
A,1.2,W02,002,15.0,0.7,0.0005,10,0.1,True,424,0.3493429215216055,-0.10132623809139903
A,1.2,W02,002,15.0,0.7,0.0005,10,0.2,True,424,0.3493429215216055,-0.10132623809139903
A,1.2,W02,002,15.0,0.7,0.001,6,0.1,True,393,0.23243152095777234,-0.06703132790763204
A,1.2,W02,002,15.0,0.7,0.001,6,0.2,True,393,0.23243152095777234,-0.06703132790763204
A,1.2,W02,002,15.0,0.7,0.001,8,0.1,True,393,0.23243152095777234,-0.06703132790763204
A,1.2,W02,002,15.0,0.7,0.001,8,0.2,True,393,0.23243152095777234,-0.06703132790763204
A,1.2,W02,002,15.0,0.7,0.001,10,0.1,True,393,0.23243152095777234,-0.06703132790763204
A,1.2,W02,002,15.0,0.7,0.001,10,0.2,True,393,0.23243152095777234,-0.06703132790763204
A,1.2,W02,002,15.0,0.75,0.0005,6,0.1,True,421,0.3328516290682118,-0.0977269189386833
A,1.2,W02,002,15.0,0.75,0.0005,6,0.2,True,421,0.3328516290682118,-0.0977269189386833
A,1.2,W02,002,15.0,0.75,0.0005,8,0.1,True,421,0.3328516290682118,-0.0977269189386833
A,1.2,W02,002,15.0,0.75,0.0005,8,0.2,True,421,0.3328516290682118,-0.0977269189386833
A,1.2,W02,002,15.0,0.75,0.0005,10,0.1,True,421,0.3328516290682118,-0.0977269189386833
A,1.2,W02,002,15.0,0.75,0.0005,10,0.2,True,421,0.3328516290682118,-0.0977269189386833
A,1.2,W02,002,15.0,0.75,0.001,6,0.1,True,398,0.2372003948179687,-0.06822720197279279
A,1.2,W02,002,15.0,0.75,0.001,6,0.2,True,398,0.2372003948179687,-0.06822720197279279
A,1.2,W02,002,15.0,0.75,0.001,8,0.1,True,398,0.2372003948179687,-0.06822720197279279
A,1.2,W02,002,15.0,0.75,0.001,8,0.2,True,398,0.2372003948179687,-0.06822720197279279
A,1.2,W02,002,15.0,0.75,0.001,10,0.1,True,398,0.2372003948179687,-0.06822720197279279
A,1.2,W02,002,15.0,0.75,0.001,10,0.2,True,398,0.2372003948179687,-0.06822720197279279
A,1.2,W02,002,15.0,0.8,0.0005,6,0.1,True,414,0.2987168180506404,-0.08798324053243893
A,1.2,W02,002,15.0,0.8,0.0005,6,0.2,True,415,0.3042864516014006,-0.08965428555157126
A,1.2,W02,002,15.0,0.8,0.0005,8,0.1,True,414,0.2987168180506404,-0.08798324053243893
A,1.2,W02,002,15.0,0.8,0.0005,8,0.2,True,415,0.3042864516014006,-0.08965428555157126
A,1.2,W02,002,15.0,0.8,0.0005,10,0.1,True,414,0.2987168180506404,-0.08798324053243893
A,1.2,W02,002,15.0,0.8,0.0005,10,0.2,True,415,0.3042864516014006,-0.08965428555157126
A,1.2,W02,002,15.0,0.8,0.001,6,0.1,True,398,0.2372003948179687,-0.06822720197279279
A,1.2,W02,002,15.0,0.8,0.001,6,0.2,True,398,0.2372003948179687,-0.06822720197279279
A,1.2,W02,002,15.0,0.8,0.001,8,0.1,True,398,0.2372003948179687,-0.06822720197279279
A,1.2,W02,002,15.0,0.8,0.001,8,0.2,True,398,0.2372003948179687,-0.06822720197279279
A,1.2,W02,002,15.0,0.8,0.001,10,0.1,True,398,0.2372003948179687,-0.06822720197279279
A,1.2,W02,002,15.0,0.8,0.001,10,0.2,True,398,0.2372003948179687,-0.06822720197279279
A,1.2,W02,002,20.0,0.7,0.0005,6,0.1,True,333,0.1776144428130908,-0.04803820069019611
A,1.2,W02,002,20.0,0.7,0.0005,6,0.2,True,393,0.23245546317253357,-0.06698721742782837
A,1.2,W02,002,20.0,0.7,0.0005,8,0.1,True,333,0.1776144428130908,-0.04803820069019611
A,1.2,W02,002,20.0,0.7,0.0005,8,0.2,True,393,0.23245546317253357,-0.06698721742782837
A,1.2,W02,002,20.0,0.7,0.0005,10,0.1,True,333,0.1776144428130908,-0.04803820069019611
A,1.2,W02,002,20.0,0.7,0.0005,10,0.2,True,393,0.23245546317253357,-0.06698721742782837
A,1.2,W02,002,20.0,0.7,0.001,6,0.1,True,343,0.2086138219023362,-0.05859800552328428
A,1.2,W02,002,20.0,0.7,0.001,6,0.2,True,403,0.2560600730089041,-0.07455072351373158
A,1.2,W02,002,20.0,0.7,0.001,8,0.1,True,403,0.2560600730089041,-0.07455072351373158
A,1.2,W02,002,20.0,0.7,0.001,8,0.2,True,403,0.2560600730089041,-0.07455072351373158
A,1.2,W02,002,20.0,0.7,0.001,10,0.1,True,403,0.2560600730089041,-0.07455072351373158
A,1.2,W02,002,20.0,0.7,0.001,10,0.2,True,403,0.2560600730089041,-0.07455072351373158
A,1.2,W02,002,20.0,0.75,0.0005,6,0.1,True,393,0.23245546317253357,-0.06698721742782837
A,1.2,W02,002,20.0,0.75,0.0005,6,0.2,True,393,0.23245546317253357,-0.06698721742782837
A,1.2,W02,002,20.0,0.75,0.0005,8,0.1,True,393,0.23245546317253357,-0.06698721742782837
A,1.2,W02,002,20.0,0.75,0.0005,8,0.2,True,393,0.23245546317253357,-0.06698721742782837
A,1.2,W02,002,20.0,0.75,0.0005,10,0.1,True,393,0.23245546317253357,-0.06698721742782837
A,1.2,W02,002,20.0,0.75,0.0005,10,0.2,True,393,0.23245546317253357,-0.06698721742782837
A,1.2,W02,002,20.0,0.75,0.001,6,0.1,True,343,0.2086138219023362,-0.05859800552328428
A,1.2,W02,002,20.0,0.75,0.001,6,0.2,True,403,0.2560600730089041,-0.07455072351373158
A,1.2,W02,002,20.0,0.75,0.001,8,0.1,True,403,0.2560600730089041,-0.07455072351373158
A,1.2,W02,002,20.0,0.75,0.001,8,0.2,True,403,0.2560600730089041,-0.07455072351373158
A,1.2,W02,002,20.0,0.75,0.001,10,0.1,True,403,0.2560600730089041,-0.07455072351373158
A,1.2,W02,002,20.0,0.75,0.001,10,0.2,True,403,0.2560600730089041,-0.07455072351373158
A,1.2,W02,002,20.0,0.8,0.0005,6,0.1,True,393,0.23245546317253357,-0.06698721742782837
A,1.2,W02,002,20.0,0.8,0.0005,6,0.2,True,393,0.23245546317253357,-0.06698721742782837
A,1.2,W02,002,20.0,0.8,0.0005,8,0.1,True,393,0.23245546317253357,-0.06698721742782837
A,1.2,W02,002,20.0,0.8,0.0005,8,0.2,True,393,0.23245546317253357,-0.06698721742782837
A,1.2,W02,002,20.0,0.8,0.0005,10,0.1,True,393,0.23245546317253357,-0.06698721742782837
A,1.2,W02,002,20.0,0.8,0.0005,10,0.2,True,393,0.23245546317253357,-0.06698721742782837
A,1.2,W02,002,20.0,0.8,0.001,6,0.1,True,403,0.2560600730089041,-0.07455072351373158
A,1.2,W02,002,20.0,0.8,0.001,6,0.2,True,403,0.2560600730089041,-0.07455072351373158
A,1.2,W02,002,20.0,0.8,0.001,8,0.1,True,403,0.2560600730089041,-0.07455072351373158
A,1.2,W02,002,20.0,0.8,0.001,8,0.2,True,403,0.2560600730089041,-0.07455072351373158
A,1.2,W02,002,20.0,0.8,0.001,10,0.1,True,403,0.2560600730089041,-0.07455072351373158
A,1.2,W02,002,20.0,0.8,0.001,10,0.2,True,403,0.2560600730089041,-0.07455072351373158
A,1.2,W02,002,25.0,0.7,0.0005,6,0.1,True,333,0.1776144428130908,-0.04803820069019611
A,1.2,W02,002,25.0,0.7,0.0005,6,0.2,True,333,0.1776144428130908,-0.04803820069019611
A,1.2,W02,002,25.0,0.7,0.0005,8,0.1,True,333,0.1776144428130908,-0.04803820069019611
A,1.2,W02,002,25.0,0.7,0.0005,8,0.2,True,333,0.1776144428130908,-0.04803820069019611
A,1.2,W02,002,25.0,0.7,0.0005,10,0.1,True,412,0.28988348635343403,-0.0854158725302953
A,1.2,W02,002,25.0,0.7,0.0005,10,0.2,True,413,0.29393004186642474,-0.08658273403461163
A,1.2,W02,002,25.0,0.7,0.001,6,0.1,True,343,0.2086138219023362,-0.05859800552328428
A,1.2,W02,002,25.0,0.7,0.001,6,0.2,True,403,0.2560600730089041,-0.07455072351373158
A,1.2,W02,002,25.0,0.7,0.001,8,0.1,True,403,0.2560600730089041,-0.07455072351373158
A,1.2,W02,002,25.0,0.7,0.001,8,0.2,True,403,0.2560600730089041,-0.07455072351373158
A,1.2,W02,002,25.0,0.7,0.001,10,0.1,True,403,0.2560600730089041,-0.07455072351373158
A,1.2,W02,002,25.0,0.7,0.001,10,0.2,True,403,0.2560600730089041,-0.07455072351373158
A,1.2,W02,002,25.0,0.75,0.0005,6,0.1,True,343,0.2086138219023362,-0.05859800552328428
A,1.2,W02,002,25.0,0.75,0.0005,6,0.2,True,405,0.2643376818070045,-0.07736816562903233
A,1.2,W02,002,25.0,0.75,0.0005,8,0.1,True,393,0.23245546317253357,-0.06698721742782837
A,1.2,W02,002,25.0,0.75,0.0005,8,0.2,True,405,0.2643376818070045,-0.07736816562903233
A,1.2,W02,002,25.0,0.75,0.0005,10,0.1,True,393,0.23245546317253357,-0.06698721742782837
A,1.2,W02,002,25.0,0.75,0.0005,10,0.2,True,405,0.2643376818070045,-0.07736816562903233
A,1.2,W02,002,25.0,0.75,0.001,6,0.1,True,343,0.2086138219023362,-0.05859800552328428
A,1.2,W02,002,25.0,0.75,0.001,6,0.2,True,403,0.2560600730089041,-0.07455072351373158
A,1.2,W02,002,25.0,0.75,0.001,8,0.1,True,403,0.2560600730089041,-0.07455072351373158
A,1.2,W02,002,25.0,0.75,0.001,8,0.2,True,403,0.2560600730089041,-0.07455072351373158
A,1.2,W02,002,25.0,0.75,0.001,10,0.1,True,403,0.2560600730089041,-0.07455072351373158
A,1.2,W02,002,25.0,0.75,0.001,10,0.2,True,403,0.2560600730089041,-0.07455072351373158
A,1.2,W02,002,25.0,0.8,0.0005,6,0.1,True,393,0.23245546317253357,-0.06698721742782837
A,1.2,W02,002,25.0,0.8,0.0005,6,0.2,True,398,0.23726184570636505,-0.06819932200969794
A,1.2,W02,002,25.0,0.8,0.0005,8,0.1,True,393,0.23245546317253357,-0.06698721742782837
A,1.2,W02,002,25.0,0.8,0.0005,8,0.2,True,398,0.23726184570636505,-0.06819932200969794
A,1.2,W02,002,25.0,0.8,0.0005,10,0.1,True,393,0.23245546317253357,-0.06698721742782837
A,1.2,W02,002,25.0,0.8,0.0005,10,0.2,True,398,0.23726184570636505,-0.06819932200969794
A,1.2,W02,002,25.0,0.8,0.001,6,0.1,True,403,0.2560600730089041,-0.07455072351373158
A,1.2,W02,002,25.0,0.8,0.001,6,0.2,True,403,0.2560600730089041,-0.07455072351373158
A,1.2,W02,002,25.0,0.8,0.001,8,0.1,True,403,0.2560600730089041,-0.07455072351373158
A,1.2,W02,002,25.0,0.8,0.001,8,0.2,True,403,0.2560600730089041,-0.07455072351373158
A,1.2,W02,002,25.0,0.8,0.001,10,0.1,True,403,0.2560600730089041,-0.07455072351373158
A,1.2,W02,002,25.0,0.8,0.001,10,0.2,True,403,0.2560600730089041,-0.07455072351373158
A,1.2,W05,001,15.0,0.7,0.0005,6,0.1,True,433,0.23240710934003195,-0.03067166268825531
A,1.2,W05,001,15.0,0.7,0.0005,6,0.2,True,448,0.3082842775185903,-0.04158536712328593
A,1.2,W05,001,15.0,0.7,0.0005,8,0.1,True,447,0.3012744716803233,-0.04090630034605662
A,1.2,W05,001,15.0,0.7,0.0005,8,0.2,True,448,0.3082842775185903,-0.04158536712328593
A,1.2,W05,001,15.0,0.7,0.0005,10,0.1,True,447,0.3012744716803233,-0.04090630034605662
A,1.2,W05,001,15.0,0.7,0.0005,10,0.2,True,448,0.3082842775185903,-0.04158536712328593
A,1.2,W05,001,15.0,0.7,0.001,6,0.1,True,444,0.28377086798350015,-0.038671926359335584
A,1.2,W05,001,15.0,0.7,0.001,6,0.2,True,449,0.31566280364990235,-0.042281018992265065
A,1.2,W05,001,15.0,0.7,0.001,8,0.1,True,444,0.28377086798350015,-0.038671926359335584
A,1.2,W05,001,15.0,0.7,0.001,8,0.2,True,449,0.31566280364990235,-0.042281018992265065
A,1.2,W05,001,15.0,0.7,0.001,10,0.1,True,444,0.28377086798350015,-0.038671926359335584
A,1.2,W05,001,15.0,0.7,0.001,10,0.2,True,449,0.31566280364990235,-0.042281018992265065
A,1.2,W05,001,15.0,0.75,0.0005,6,0.1,True,451,0.3309968241055806,-0.043469611008961996
A,1.2,W05,001,15.0,0.75,0.0005,6,0.2,True,451,0.3309968241055806,-0.043469611008961996
A,1.2,W05,001,15.0,0.75,0.0005,8,0.1,True,451,0.3309968241055806,-0.043469611008961996
A,1.2,W05,001,15.0,0.75,0.0005,8,0.2,True,451,0.3309968241055806,-0.043469611008961996
A,1.2,W05,001,15.0,0.75,0.0005,10,0.1,True,451,0.3309968241055806,-0.043469611008961996
A,1.2,W05,001,15.0,0.75,0.0005,10,0.2,True,451,0.3309968241055806,-0.043469611008961996
A,1.2,W05,001,15.0,0.75,0.001,6,0.1,True,444,0.28377086798350015,-0.038671926359335584
A,1.2,W05,001,15.0,0.75,0.001,6,0.2,True,449,0.31566280364990235,-0.042281018992265065
A,1.2,W05,001,15.0,0.75,0.001,8,0.1,True,444,0.28377086798350015,-0.038671926359335584
A,1.2,W05,001,15.0,0.75,0.001,8,0.2,True,449,0.31566280364990235,-0.042281018992265065
A,1.2,W05,001,15.0,0.75,0.001,10,0.1,True,444,0.28377086798350015,-0.038671926359335584
A,1.2,W05,001,15.0,0.75,0.001,10,0.2,True,449,0.31566280364990235,-0.042281018992265065
A,1.2,W05,001,15.0,0.8,0.0005,6,0.1,True,426,0.21327845394611358,-0.02833216905593872
A,1.2,W05,001,15.0,0.8,0.0005,6,0.2,True,426,0.21327845394611358,-0.02833216905593872
A,1.2,W05,001,15.0,0.8,0.0005,8,0.1,True,426,0.21327845394611358,-0.02833216905593872
A,1.2,W05,001,15.0,0.8,0.0005,8,0.2,True,426,0.21327845394611358,-0.02833216905593872
A,1.2,W05,001,15.0,0.8,0.0005,10,0.1,True,426,0.21327845394611358,-0.02833216905593872
A,1.2,W05,001,15.0,0.8,0.0005,10,0.2,True,426,0.21327845394611358,-0.02833216905593872
A,1.2,W05,001,15.0,0.8,0.001,6,0.1,True,444,0.28377086798350015,-0.038671926359335584
A,1.2,W05,001,15.0,0.8,0.001,6,0.2,True,449,0.31566280364990235,-0.042281018992265065
A,1.2,W05,001,15.0,0.8,0.001,8,0.1,True,444,0.28377086798350015,-0.038671926359335584
A,1.2,W05,001,15.0,0.8,0.001,8,0.2,True,449,0.31566280364990235,-0.042281018992265065
A,1.2,W05,001,15.0,0.8,0.001,10,0.1,True,444,0.28377086798350015,-0.038671926359335584
A,1.2,W05,001,15.0,0.8,0.001,10,0.2,True,449,0.31566280364990235,-0.042281018992265065
A,1.2,W05,001,20.0,0.7,0.0005,6,0.1,False,,,
A,1.2,W05,001,20.0,0.7,0.0005,6,0.2,False,,,
A,1.2,W05,001,20.0,0.7,0.0005,8,0.1,False,,,
A,1.2,W05,001,20.0,0.7,0.0005,8,0.2,False,,,
A,1.2,W05,001,20.0,0.7,0.0005,10,0.1,False,,,
A,1.2,W05,001,20.0,0.7,0.0005,10,0.2,False,,,
A,1.2,W05,001,20.0,0.7,0.001,6,0.1,False,,,
A,1.2,W05,001,20.0,0.7,0.001,6,0.2,False,,,
A,1.2,W05,001,20.0,0.7,0.001,8,0.1,False,,,
A,1.2,W05,001,20.0,0.7,0.001,8,0.2,False,,,
A,1.2,W05,001,20.0,0.7,0.001,10,0.1,False,,,
A,1.2,W05,001,20.0,0.7,0.001,10,0.2,False,,,
A,1.2,W05,001,20.0,0.75,0.0005,6,0.1,True,426,0.21327845394611358,-0.02833216905593872
A,1.2,W05,001,20.0,0.75,0.0005,6,0.2,True,451,0.3309968241055806,-0.043469611008961996
A,1.2,W05,001,20.0,0.75,0.0005,8,0.1,True,426,0.21327845394611358,-0.02833216905593872
A,1.2,W05,001,20.0,0.75,0.0005,8,0.2,True,451,0.3309968241055806,-0.043469611008961996
A,1.2,W05,001,20.0,0.75,0.0005,10,0.1,True,449,0.31566280364990235,-0.042281018992265065
A,1.2,W05,001,20.0,0.75,0.0005,10,0.2,True,451,0.3309968241055806,-0.043469611008961996
A,1.2,W05,001,20.0,0.75,0.001,6,0.1,True,442,0.2752936502297719,-0.03749603231747945
A,1.2,W05,001,20.0,0.75,0.001,6,0.2,True,449,0.31566280364990235,-0.042281018992265065
A,1.2,W05,001,20.0,0.75,0.001,8,0.1,True,442,0.2752936502297719,-0.03749603231747945
A,1.2,W05,001,20.0,0.75,0.001,8,0.2,True,449,0.31566280364990235,-0.042281018992265065
A,1.2,W05,001,20.0,0.75,0.001,10,0.1,True,442,0.2752936502297719,-0.03749603231747945
A,1.2,W05,001,20.0,0.75,0.001,10,0.2,True,449,0.31566280364990235,-0.042281018992265065
A,1.2,W05,001,20.0,0.8,0.0005,6,0.1,True,426,0.21327845394611358,-0.02833216905593872
A,1.2,W05,001,20.0,0.8,0.0005,6,0.2,True,426,0.21327845394611358,-0.02833216905593872
A,1.2,W05,001,20.0,0.8,0.0005,8,0.1,False,,,
A,1.2,W05,001,20.0,0.8,0.0005,8,0.2,False,,,
A,1.2,W05,001,20.0,0.8,0.0005,10,0.1,False,,,
A,1.2,W05,001,20.0,0.8,0.0005,10,0.2,False,,,
A,1.2,W05,001,20.0,0.8,0.001,6,0.1,True,439,0.26213485876719156,-0.03540560911099116
A,1.2,W05,001,20.0,0.8,0.001,6,0.2,True,445,0.2887655568122864,-0.03941651205221812
A,1.2,W05,001,20.0,0.8,0.001,8,0.1,True,439,0.26213485876719156,-0.03540560911099116
A,1.2,W05,001,20.0,0.8,0.001,8,0.2,True,445,0.2887655568122864,-0.03941651205221812
A,1.2,W05,001,20.0,0.8,0.001,10,0.1,True,439,0.26213485876719156,-0.03540560911099116
A,1.2,W05,001,20.0,0.8,0.001,10,0.2,True,445,0.2887655568122864,-0.03941651205221812
A,1.2,W05,001,25.0,0.7,0.0005,6,0.1,True,442,0.2752936502297719,-0.03749603231747945
A,1.2,W05,001,25.0,0.7,0.0005,6,0.2,True,443,0.27932088017463685,-0.03809019535779953
A,1.2,W05,001,25.0,0.7,0.0005,8,0.1,True,442,0.2752936502297719,-0.03749603231747945
A,1.2,W05,001,25.0,0.7,0.0005,8,0.2,True,443,0.27932088017463685,-0.03809019535779953
A,1.2,W05,001,25.0,0.7,0.0005,10,0.1,True,442,0.2752936502297719,-0.03749603231747945
A,1.2,W05,001,25.0,0.7,0.0005,10,0.2,True,443,0.27932088017463685,-0.03809019535779953
A,1.2,W05,001,25.0,0.7,0.001,6,0.1,True,439,0.26213485876719156,-0.03540560911099116
A,1.2,W05,001,25.0,0.7,0.001,6,0.2,True,439,0.26213485876719156,-0.03540560911099116
A,1.2,W05,001,25.0,0.7,0.001,8,0.1,False,,,
A,1.2,W05,001,25.0,0.7,0.001,8,0.2,False,,,
A,1.2,W05,001,25.0,0.7,0.001,10,0.1,False,,,
A,1.2,W05,001,25.0,0.7,0.001,10,0.2,False,,,
A,1.2,W05,001,25.0,0.75,0.0005,6,0.1,False,,,
A,1.2,W05,001,25.0,0.75,0.0005,6,0.2,False,,,
A,1.2,W05,001,25.0,0.75,0.0005,8,0.1,False,,,
A,1.2,W05,001,25.0,0.75,0.0005,8,0.2,False,,,
A,1.2,W05,001,25.0,0.75,0.0005,10,0.1,False,,,
A,1.2,W05,001,25.0,0.75,0.0005,10,0.2,False,,,
A,1.2,W05,001,25.0,0.75,0.001,6,0.1,True,391,0.20849178274472555,-0.02754578193028768
A,1.2,W05,001,25.0,0.75,0.001,6,0.2,False,,,
A,1.2,W05,001,25.0,0.75,0.001,8,0.1,True,391,0.20849178274472555,-0.02754578193028768
A,1.2,W05,001,25.0,0.75,0.001,8,0.2,False,,,
A,1.2,W05,001,25.0,0.75,0.001,10,0.1,False,,,
A,1.2,W05,001,25.0,0.75,0.001,10,0.2,False,,,
A,1.2,W05,001,25.0,0.8,0.0005,6,0.1,True,376,0.2075660953919093,-0.027920760015646615
A,1.2,W05,001,25.0,0.8,0.0005,6,0.2,True,381,0.20750208099683126,-0.027843728264172873
A,1.2,W05,001,25.0,0.8,0.0005,8,0.1,True,376,0.2075660953919093,-0.027920760015646615
A,1.2,W05,001,25.0,0.8,0.0005,8,0.2,True,381,0.20750208099683126,-0.027843728264172873
A,1.2,W05,001,25.0,0.8,0.0005,10,0.1,True,376,0.2075660953919093,-0.027920760015646615
A,1.2,W05,001,25.0,0.8,0.0005,10,0.2,False,,,
A,1.2,W05,001,25.0,0.8,0.001,6,0.1,True,443,0.27932088017463685,-0.03809019535779953
A,1.2,W05,001,25.0,0.8,0.001,6,0.2,True,452,0.3390828863779704,-0.04410410483678182
A,1.2,W05,001,25.0,0.8,0.001,8,0.1,True,443,0.27932088017463685,-0.03809019535779953
A,1.2,W05,001,25.0,0.8,0.001,8,0.2,True,452,0.3390828863779704,-0.04410410483678182
A,1.2,W05,001,25.0,0.8,0.001,10,0.1,True,443,0.27932088017463685,-0.03809019535779953
A,1.2,W05,001,25.0,0.8,0.001,10,0.2,False,,,
A,1.2,W05,002,15.0,0.7,0.0005,6,0.1,True,383,0.20605875355632683,-0.02817610092461109
A,1.2,W05,002,15.0,0.7,0.0005,6,0.2,True,388,0.21868353533117393,-0.030800120512905874
A,1.2,W05,002,15.0,0.7,0.0005,8,0.1,True,383,0.20605875355632683,-0.02817610092461109
A,1.2,W05,002,15.0,0.7,0.0005,8,0.2,True,388,0.21868353533117393,-0.030800120512905874
A,1.2,W05,002,15.0,0.7,0.0005,10,0.1,True,383,0.20605875355632683,-0.02817610092461109
A,1.2,W05,002,15.0,0.7,0.0005,10,0.2,True,445,0.26222304901794385,-0.038719498503365014
A,1.2,W05,002,15.0,0.7,0.001,6,0.1,True,445,0.26222304901794385,-0.038719498503365014
A,1.2,W05,002,15.0,0.7,0.001,6,0.2,True,448,0.2740352785116748,-0.040805105217977575
A,1.2,W05,002,15.0,0.7,0.001,8,0.1,True,445,0.26222304901794385,-0.038719498503365014
A,1.2,W05,002,15.0,0.7,0.001,8,0.2,True,448,0.2740352785116748,-0.040805105217977575
A,1.2,W05,002,15.0,0.7,0.001,10,0.1,True,445,0.26222304901794385,-0.038719498503365014
A,1.2,W05,002,15.0,0.7,0.001,10,0.2,True,448,0.2740352785116748,-0.040805105217977575
A,1.2,W05,002,15.0,0.75,0.0005,6,0.1,True,383,0.20605875355632683,-0.02817610092461109
A,1.2,W05,002,15.0,0.75,0.0005,6,0.2,True,445,0.26222304901794385,-0.038719498503365014
A,1.2,W05,002,15.0,0.75,0.0005,8,0.1,True,383,0.20605875355632683,-0.02817610092461109
A,1.2,W05,002,15.0,0.75,0.0005,8,0.2,True,445,0.26222304901794385,-0.038719498503365014
A,1.2,W05,002,15.0,0.75,0.0005,10,0.1,True,383,0.20605875355632683,-0.02817610092461109
A,1.2,W05,002,15.0,0.75,0.0005,10,0.2,True,445,0.26222304901794385,-0.038719498503365014
A,1.2,W05,002,15.0,0.75,0.001,6,0.1,True,445,0.26222304901794385,-0.038719498503365014
A,1.2,W05,002,15.0,0.75,0.001,6,0.2,True,448,0.2740352785116748,-0.040805105217977575
A,1.2,W05,002,15.0,0.75,0.001,8,0.1,True,445,0.26222304901794385,-0.038719498503365014
A,1.2,W05,002,15.0,0.75,0.001,8,0.2,True,448,0.2740352785116748,-0.040805105217977575
A,1.2,W05,002,15.0,0.75,0.001,10,0.1,True,445,0.26222304901794385,-0.038719498503365014
A,1.2,W05,002,15.0,0.75,0.001,10,0.2,True,448,0.2740352785116748,-0.040805105217977575
A,1.2,W05,002,15.0,0.8,0.0005,6,0.1,True,443,0.25290574270643684,-0.03690296068395439
A,1.2,W05,002,15.0,0.8,0.0005,6,0.2,True,444,0.25767018077404874,-0.037850899523810336
A,1.2,W05,002,15.0,0.8,0.0005,8,0.1,True,443,0.25290574270643684,-0.03690296068395439
A,1.2,W05,002,15.0,0.8,0.0005,8,0.2,True,444,0.25767018077404874,-0.037850899523810336
A,1.2,W05,002,15.0,0.8,0.0005,10,0.1,True,443,0.25290574270643684,-0.03690296068395439
A,1.2,W05,002,15.0,0.8,0.0005,10,0.2,True,444,0.25767018077404874,-0.037850899523810336
A,1.2,W05,002,15.0,0.8,0.001,6,0.1,True,445,0.26222304901794385,-0.038719498503365014
A,1.2,W05,002,15.0,0.8,0.001,6,0.2,True,448,0.2740352785116748,-0.040805105217977575
A,1.2,W05,002,15.0,0.8,0.001,8,0.1,True,445,0.26222304901794385,-0.038719498503365014
A,1.2,W05,002,15.0,0.8,0.001,8,0.2,True,448,0.2740352785116748,-0.040805105217977575
A,1.2,W05,002,15.0,0.8,0.001,10,0.1,True,445,0.26222304901794385,-0.038719498503365014
A,1.2,W05,002,15.0,0.8,0.001,10,0.2,True,448,0.2740352785116748,-0.040805105217977575
A,1.2,W05,002,20.0,0.7,0.0005,6,0.1,True,443,0.25290574270643684,-0.03690296068395439
A,1.2,W05,002,20.0,0.7,0.0005,6,0.2,True,445,0.26222304901794385,-0.038719498503365014
A,1.2,W05,002,20.0,0.7,0.0005,8,0.1,True,443,0.25290574270643684,-0.03690296068395439
A,1.2,W05,002,20.0,0.7,0.0005,8,0.2,True,445,0.26222304901794385,-0.038719498503365014
A,1.2,W05,002,20.0,0.7,0.0005,10,0.1,True,443,0.25290574270643684,-0.03690296068395439
A,1.2,W05,002,20.0,0.7,0.0005,10,0.2,True,445,0.26222304901794385,-0.038719498503365014
A,1.2,W05,002,20.0,0.7,0.001,6,0.1,True,445,0.26222304901794385,-0.038719498503365014
A,1.2,W05,002,20.0,0.7,0.001,6,0.2,True,451,0.2870391571992322,-0.0430391479871775
A,1.2,W05,002,20.0,0.7,0.001,8,0.1,True,445,0.26222304901794385,-0.038719498503365014
A,1.2,W05,002,20.0,0.7,0.001,8,0.2,True,451,0.2870391571992322,-0.0430391479871775
A,1.2,W05,002,20.0,0.7,0.001,10,0.1,True,445,0.26222304901794385,-0.038719498503365014
A,1.2,W05,002,20.0,0.7,0.001,10,0.2,True,451,0.2870391571992322,-0.0430391479871775
A,1.2,W05,002,20.0,0.75,0.0005,6,0.1,True,443,0.25290574270643684,-0.03690296068395439
A,1.2,W05,002,20.0,0.75,0.0005,6,0.2,True,445,0.26222304901794385,-0.038719498503365014
A,1.2,W05,002,20.0,0.75,0.0005,8,0.1,True,443,0.25290574270643684,-0.03690296068395439
A,1.2,W05,002,20.0,0.75,0.0005,8,0.2,True,445,0.26222304901794385,-0.038719498503365014
A,1.2,W05,002,20.0,0.75,0.0005,10,0.1,True,443,0.25290574270643684,-0.03690296068395439
A,1.2,W05,002,20.0,0.75,0.0005,10,0.2,True,445,0.26222304901794385,-0.038719498503365014
A,1.2,W05,002,20.0,0.75,0.001,6,0.1,True,445,0.26222304901794385,-0.038719498503365014
A,1.2,W05,002,20.0,0.75,0.001,6,0.2,True,452,0.29259614646434784,-0.043814053464876976
A,1.2,W05,002,20.0,0.75,0.001,8,0.1,True,445,0.26222304901794385,-0.038719498503365014
A,1.2,W05,002,20.0,0.75,0.001,8,0.2,True,452,0.29259614646434784,-0.043814053464876976
A,1.2,W05,002,20.0,0.75,0.001,10,0.1,True,445,0.26222304901794385,-0.038719498503365014
A,1.2,W05,002,20.0,0.75,0.001,10,0.2,True,452,0.29259614646434784,-0.043814053464876976
A,1.2,W05,002,20.0,0.8,0.0005,6,0.1,True,443,0.25290574270643684,-0.03690296068395439
A,1.2,W05,002,20.0,0.8,0.0005,6,0.2,True,445,0.26222304901794385,-0.038719498503365014
A,1.2,W05,002,20.0,0.8,0.0005,8,0.1,True,443,0.25290574270643684,-0.03690296068395439
A,1.2,W05,002,20.0,0.8,0.0005,8,0.2,True,445,0.26222304901794385,-0.038719498503365014
A,1.2,W05,002,20.0,0.8,0.0005,10,0.1,True,443,0.25290574270643684,-0.03690296068395439
A,1.2,W05,002,20.0,0.8,0.0005,10,0.2,True,445,0.26222304901794385,-0.038719498503365014
A,1.2,W05,002,20.0,0.8,0.001,6,0.1,True,445,0.26222304901794385,-0.038719498503365014
A,1.2,W05,002,20.0,0.8,0.001,6,0.2,True,457,0.32722335583285284,-0.04777509856380915
A,1.2,W05,002,20.0,0.8,0.001,8,0.1,True,445,0.26222304901794385,-0.038719498503365014
A,1.2,W05,002,20.0,0.8,0.001,8,0.2,True,457,0.32722335583285284,-0.04777509856380915
A,1.2,W05,002,20.0,0.8,0.001,10,0.1,True,445,0.26222304901794385,-0.038719498503365014
A,1.2,W05,002,20.0,0.8,0.001,10,0.2,True,457,0.32722335583285284,-0.04777509856380915
A,1.2,W05,002,25.0,0.7,0.0005,6,0.1,True,442,0.2479993961751461,-0.03592358706028838
A,1.2,W05,002,25.0,0.7,0.0005,6,0.2,True,445,0.26222304901794385,-0.038719498503365014
A,1.2,W05,002,25.0,0.7,0.0005,8,0.1,True,442,0.2479993961751461,-0.03592358706028838
A,1.2,W05,002,25.0,0.7,0.0005,8,0.2,True,445,0.26222304901794385,-0.038719498503365014
A,1.2,W05,002,25.0,0.7,0.0005,10,0.1,True,442,0.2479993961751461,-0.03592358706028838
A,1.2,W05,002,25.0,0.7,0.0005,10,0.2,True,445,0.26222304901794385,-0.038719498503365014
A,1.2,W05,002,25.0,0.7,0.001,6,0.1,True,445,0.26222304901794385,-0.038719498503365014
A,1.2,W05,002,25.0,0.7,0.001,6,0.2,False,,,
A,1.2,W05,002,25.0,0.7,0.001,8,0.1,True,445,0.26222304901794385,-0.038719498503365014
A,1.2,W05,002,25.0,0.7,0.001,8,0.2,False,,,
A,1.2,W05,002,25.0,0.7,0.001,10,0.1,True,445,0.26222304901794385,-0.038719498503365014
A,1.2,W05,002,25.0,0.7,0.001,10,0.2,False,,,
A,1.2,W05,002,25.0,0.75,0.0005,6,0.1,True,442,0.2479993961751461,-0.03592358706028838
A,1.2,W05,002,25.0,0.75,0.0005,6,0.2,True,445,0.26222304901794385,-0.038719498503365014
A,1.2,W05,002,25.0,0.75,0.0005,8,0.1,True,442,0.2479993961751461,-0.03592358706028838
A,1.2,W05,002,25.0,0.75,0.0005,8,0.2,True,445,0.26222304901794385,-0.038719498503365014
A,1.2,W05,002,25.0,0.75,0.0005,10,0.1,True,442,0.2479993961751461,-0.03592358706028838
A,1.2,W05,002,25.0,0.75,0.0005,10,0.2,True,445,0.26222304901794385,-0.038719498503365014
A,1.2,W05,002,25.0,0.75,0.001,6,0.1,True,445,0.26222304901794385,-0.038719498503365014
A,1.2,W05,002,25.0,0.75,0.001,6,0.2,False,,,
A,1.2,W05,002,25.0,0.75,0.001,8,0.1,True,445,0.26222304901794385,-0.038719498503365014
A,1.2,W05,002,25.0,0.75,0.001,8,0.2,False,,,
A,1.2,W05,002,25.0,0.75,0.001,10,0.1,True,445,0.26222304901794385,-0.038719498503365014
A,1.2,W05,002,25.0,0.75,0.001,10,0.2,False,,,
A,1.2,W05,002,25.0,0.8,0.0005,6,0.1,True,442,0.2479993961751461,-0.03592358706028838
A,1.2,W05,002,25.0,0.8,0.0005,6,0.2,True,445,0.26222304901794385,-0.038719498503365014
A,1.2,W05,002,25.0,0.8,0.0005,8,0.1,True,442,0.2479993961751461,-0.03592358706028838
A,1.2,W05,002,25.0,0.8,0.0005,8,0.2,True,445,0.26222304901794385,-0.038719498503365014
A,1.2,W05,002,25.0,0.8,0.0005,10,0.1,True,442,0.2479993961751461,-0.03592358706028838
A,1.2,W05,002,25.0,0.8,0.0005,10,0.2,True,445,0.26222304901794385,-0.038719498503365014
A,1.2,W05,002,25.0,0.8,0.001,6,0.1,True,446,0.2664409842538206,-0.03947946644927326
A,1.2,W05,002,25.0,0.8,0.001,6,0.2,False,,,
A,1.2,W05,002,25.0,0.8,0.001,8,0.1,True,446,0.2664409842538206,-0.03947946644927326
A,1.2,W05,002,25.0,0.8,0.001,8,0.2,False,,,
A,1.2,W05,002,25.0,0.8,0.001,10,0.1,True,446,0.2664409842538206,-0.03947946644927326
A,1.2,W05,002,25.0,0.8,0.001,10,0.2,False,,,
A,1.2,W08,001,15.0,0.7,0.0005,6,0.1,True,427,0.23023030181464396,0.0038491069878402507
A,1.2,W08,001,15.0,0.7,0.0005,6,0.2,True,431,0.24696000900707746,0.0024614485078736357
A,1.2,W08,001,15.0,0.7,0.0005,8,0.1,True,427,0.23023030181464396,0.0038491069878402507
A,1.2,W08,001,15.0,0.7,0.0005,8,0.2,False,,,
A,1.2,W08,001,15.0,0.7,0.0005,10,0.1,True,427,0.23023030181464396,0.0038491069878402507
A,1.2,W08,001,15.0,0.7,0.0005,10,0.2,False,,,
A,1.2,W08,001,15.0,0.7,0.001,6,0.1,True,422,0.21369857046949237,0.004875099776606811
A,1.2,W08,001,15.0,0.7,0.001,6,0.2,True,430,0.24280838550705658,0.0028499207998576915
A,1.2,W08,001,15.0,0.7,0.001,8,0.1,True,422,0.21369857046949237,0.004875099776606811
A,1.2,W08,001,15.0,0.7,0.001,8,0.2,False,,,
A,1.2,W08,001,15.0,0.7,0.001,10,0.1,True,422,0.21369857046949237,0.004875099776606811
A,1.2,W08,001,15.0,0.7,0.001,10,0.2,False,,,
A,1.2,W08,001,15.0,0.75,0.0005,6,0.1,True,419,0.2024149400623221,0.005504343364583819
A,1.2,W08,001,15.0,0.75,0.0005,6,0.2,True,429,0.23850838094949722,0.00320661077766042
A,1.2,W08,001,15.0,0.75,0.0005,8,0.1,True,419,0.2024149400623221,0.005504343364583819
A,1.2,W08,001,15.0,0.75,0.0005,8,0.2,True,429,0.23850838094949722,0.00320661077766042
A,1.2,W08,001,15.0,0.75,0.0005,10,0.1,True,419,0.2024149400623221,0.005504343364583819
A,1.2,W08,001,15.0,0.75,0.0005,10,0.2,True,429,0.23850838094949722,0.00320661077766042
A,1.2,W08,001,15.0,0.75,0.001,6,0.1,True,422,0.21369857046949237,0.004875099776606811
A,1.2,W08,001,15.0,0.75,0.001,6,0.2,True,430,0.24280838550705658,0.0028499207998576915
A,1.2,W08,001,15.0,0.75,0.001,8,0.1,True,422,0.21369857046949237,0.004875099776606811
A,1.2,W08,001,15.0,0.75,0.001,8,0.2,False,,,
A,1.2,W08,001,15.0,0.75,0.001,10,0.1,True,422,0.21369857046949237,0.004875099776606811
A,1.2,W08,001,15.0,0.75,0.001,10,0.2,False,,,
A,1.2,W08,001,15.0,0.8,0.0005,6,0.1,True,416,0.19192373203603844,0.006248131198318381
A,1.2,W08,001,15.0,0.8,0.0005,6,0.2,True,419,0.2024149400623221,0.005504343364583819
A,1.2,W08,001,15.0,0.8,0.0005,8,0.1,True,416,0.19192373203603844,0.006248131198318381
A,1.2,W08,001,15.0,0.8,0.0005,8,0.2,True,419,0.2024149400623221,0.005504343364583819
A,1.2,W08,001,15.0,0.8,0.0005,10,0.1,True,416,0.19192373203603844,0.006248131198318381
A,1.2,W08,001,15.0,0.8,0.0005,10,0.2,True,419,0.2024149400623221,0.005504343364583819
A,1.2,W08,001,15.0,0.8,0.001,6,0.1,True,422,0.21369857046949237,0.004875099776606811
A,1.2,W08,001,15.0,0.8,0.001,6,0.2,True,430,0.24280838550705658,0.0028499207998576915
A,1.2,W08,001,15.0,0.8,0.001,8,0.1,True,422,0.21369857046949237,0.004875099776606811
A,1.2,W08,001,15.0,0.8,0.001,8,0.2,True,430,0.24280838550705658,0.0028499207998576915
A,1.2,W08,001,15.0,0.8,0.001,10,0.1,True,422,0.21369857046949237,0.004875099776606811
A,1.2,W08,001,15.0,0.8,0.001,10,0.2,False,,,
A,1.2,W08,001,20.0,0.7,0.0005,6,0.1,True,416,0.19192373203603844,0.006248131198318381
A,1.2,W08,001,20.0,0.7,0.0005,6,0.2,True,418,0.19885248161460223,0.005699867872815383
A,1.2,W08,001,20.0,0.7,0.0005,8,0.1,True,416,0.19192373203603844,0.006248131198318381
A,1.2,W08,001,20.0,0.7,0.0005,8,0.2,True,418,0.19885248161460223,0.005699867872815383
A,1.2,W08,001,20.0,0.7,0.0005,10,0.1,True,416,0.19192373203603844,0.006248131198318381
A,1.2,W08,001,20.0,0.7,0.0005,10,0.2,True,427,0.23023030181464396,0.0038491069878402507
A,1.2,W08,001,20.0,0.7,0.001,6,0.1,True,422,0.21369857046949237,0.004875099776606811
A,1.2,W08,001,20.0,0.7,0.001,6,0.2,True,430,0.24280838550705658,0.0028499207998576915
A,1.2,W08,001,20.0,0.7,0.001,8,0.1,True,422,0.21369857046949237,0.004875099776606811
A,1.2,W08,001,20.0,0.7,0.001,8,0.2,True,430,0.24280838550705658,0.0028499207998576915
A,1.2,W08,001,20.0,0.7,0.001,10,0.1,True,422,0.21369857046949237,0.004875099776606811
A,1.2,W08,001,20.0,0.7,0.001,10,0.2,False,,,
A,1.2,W08,001,20.0,0.75,0.0005,6,0.1,True,416,0.19192373203603844,0.006248131198318381
A,1.2,W08,001,20.0,0.75,0.0005,6,0.2,True,418,0.19885248161460223,0.005699867872815383
A,1.2,W08,001,20.0,0.75,0.0005,8,0.1,True,416,0.19192373203603844,0.006248131198318381
A,1.2,W08,001,20.0,0.75,0.0005,8,0.2,True,418,0.19885248161460223,0.005699867872815383
A,1.2,W08,001,20.0,0.75,0.0005,10,0.1,True,416,0.19192373203603844,0.006248131198318381
A,1.2,W08,001,20.0,0.75,0.0005,10,0.2,True,418,0.19885248161460223,0.005699867872815383
A,1.2,W08,001,20.0,0.75,0.001,6,0.1,True,423,0.21741718779269018,0.00461966250287859
A,1.2,W08,001,20.0,0.75,0.001,6,0.2,True,430,0.24280838550705658,0.0028499207998576915
A,1.2,W08,001,20.0,0.75,0.001,8,0.1,True,423,0.21741718779269018,0.00461966250287859
A,1.2,W08,001,20.0,0.75,0.001,8,0.2,True,430,0.24280838550705658,0.0028499207998576915
A,1.2,W08,001,20.0,0.75,0.001,10,0.1,True,423,0.21741718779269018,0.00461966250287859
A,1.2,W08,001,20.0,0.75,0.001,10,0.2,False,,,
A,1.2,W08,001,20.0,0.8,0.0005,6,0.1,True,416,0.19192373203603844,0.006248131198318381
A,1.2,W08,001,20.0,0.8,0.0005,6,0.2,True,418,0.19885248161460223,0.005699867872815383
A,1.2,W08,001,20.0,0.8,0.0005,8,0.1,True,416,0.19192373203603844,0.006248131198318381
A,1.2,W08,001,20.0,0.8,0.0005,8,0.2,True,418,0.19885248161460223,0.005699867872815383
A,1.2,W08,001,20.0,0.8,0.0005,10,0.1,True,416,0.19192373203603844,0.006248131198318381
A,1.2,W08,001,20.0,0.8,0.0005,10,0.2,True,418,0.19885248161460223,0.005699867872815383
A,1.2,W08,001,20.0,0.8,0.001,6,0.1,True,423,0.21741718779269018,0.00461966250287859
A,1.2,W08,001,20.0,0.8,0.001,6,0.2,True,430,0.24280838550705658,0.0028499207998576915
A,1.2,W08,001,20.0,0.8,0.001,8,0.1,True,423,0.21741718779269018,0.00461966250287859
A,1.2,W08,001,20.0,0.8,0.001,8,0.2,True,430,0.24280838550705658,0.0028499207998576915
A,1.2,W08,001,20.0,0.8,0.001,10,0.1,True,423,0.21741718779269018,0.00461966250287859
A,1.2,W08,001,20.0,0.8,0.001,10,0.2,False,,,
A,1.2,W08,001,25.0,0.7,0.0005,6,0.1,True,416,0.19192373203603844,0.006248131198318381
A,1.2,W08,001,25.0,0.7,0.0005,6,0.2,True,418,0.19885248161460223,0.005699867872815383
A,1.2,W08,001,25.0,0.7,0.0005,8,0.1,True,416,0.19192373203603844,0.006248131198318381
A,1.2,W08,001,25.0,0.7,0.0005,8,0.2,True,418,0.19885248161460223,0.005699867872815383
A,1.2,W08,001,25.0,0.7,0.0005,10,0.1,True,416,0.19192373203603844,0.006248131198318381
A,1.2,W08,001,25.0,0.7,0.0005,10,0.2,True,427,0.23023030181464396,0.0038491069878402507
A,1.2,W08,001,25.0,0.7,0.001,6,0.1,True,427,0.23023030181464396,0.0038491069878402507
A,1.2,W08,001,25.0,0.7,0.001,6,0.2,True,431,0.24696000900707746,0.0024614485078736357
A,1.2,W08,001,25.0,0.7,0.001,8,0.1,True,427,0.23023030181464396,0.0038491069878402507
A,1.2,W08,001,25.0,0.7,0.001,8,0.2,True,431,0.24696000900707746,0.0024614485078736357
A,1.2,W08,001,25.0,0.7,0.001,10,0.1,True,427,0.23023030181464396,0.0038491069878402507
A,1.2,W08,001,25.0,0.7,0.001,10,0.2,False,,,
A,1.2,W08,001,25.0,0.75,0.0005,6,0.1,True,416,0.19192373203603844,0.006248131198318381
A,1.2,W08,001,25.0,0.75,0.0005,6,0.2,True,418,0.19885248161460223,0.005699867872815383
A,1.2,W08,001,25.0,0.75,0.0005,8,0.1,True,416,0.19192373203603844,0.006248131198318381
A,1.2,W08,001,25.0,0.75,0.0005,8,0.2,True,418,0.19885248161460223,0.005699867872815383
A,1.2,W08,001,25.0,0.75,0.0005,10,0.1,True,416,0.19192373203603844,0.006248131198318381
A,1.2,W08,001,25.0,0.75,0.0005,10,0.2,True,427,0.23023030181464396,0.0038491069878402507
A,1.2,W08,001,25.0,0.75,0.001,6,0.1,True,427,0.23023030181464396,0.0038491069878402507
A,1.2,W08,001,25.0,0.75,0.001,6,0.2,True,431,0.24696000900707746,0.0024614485078736357
A,1.2,W08,001,25.0,0.75,0.001,8,0.1,True,427,0.23023030181464396,0.0038491069878402507
A,1.2,W08,001,25.0,0.75,0.001,8,0.2,True,431,0.24696000900707746,0.0024614485078736357
A,1.2,W08,001,25.0,0.75,0.001,10,0.1,True,427,0.23023030181464396,0.0038491069878402507
A,1.2,W08,001,25.0,0.75,0.001,10,0.2,False,,,
A,1.2,W08,001,25.0,0.8,0.0005,6,0.1,True,416,0.19192373203603844,0.006248131198318381
A,1.2,W08,001,25.0,0.8,0.0005,6,0.2,True,418,0.19885248161460223,0.005699867872815383
A,1.2,W08,001,25.0,0.8,0.0005,8,0.1,True,416,0.19192373203603844,0.006248131198318381
A,1.2,W08,001,25.0,0.8,0.0005,8,0.2,True,418,0.19885248161460223,0.005699867872815383
A,1.2,W08,001,25.0,0.8,0.0005,10,0.1,True,416,0.19192373203603844,0.006248131198318381
A,1.2,W08,001,25.0,0.8,0.0005,10,0.2,True,418,0.19885248161460223,0.005699867872815383
A,1.2,W08,001,25.0,0.8,0.001,6,0.1,True,427,0.23023030181464396,0.0038491069878402507
A,1.2,W08,001,25.0,0.8,0.001,6,0.2,True,431,0.24696000900707746,0.0024614485078736357
A,1.2,W08,001,25.0,0.8,0.001,8,0.1,True,427,0.23023030181464396,0.0038491069878402507
A,1.2,W08,001,25.0,0.8,0.001,8,0.2,True,431,0.24696000900707746,0.0024614485078736357
A,1.2,W08,001,25.0,0.8,0.001,10,0.1,True,427,0.23023030181464396,0.0038491069878402507
A,1.2,W08,001,25.0,0.8,0.001,10,0.2,False,,,
A,1.2,W08,002,15.0,0.7,0.0005,6,0.1,True,370,0.17557431580988983,0.008490155500016715
A,1.2,W08,002,15.0,0.7,0.0005,6,0.2,True,370,0.17557431580988983,0.008490155500016715
A,1.2,W08,002,15.0,0.7,0.0005,8,0.1,True,370,0.17557431580988983,0.008490155500016715
A,1.2,W08,002,15.0,0.7,0.0005,8,0.2,True,370,0.17557431580988983,0.008490155500016715
A,1.2,W08,002,15.0,0.7,0.0005,10,0.1,True,370,0.17557431580988983,0.008490155500016715
A,1.2,W08,002,15.0,0.7,0.0005,10,0.2,True,370,0.17557431580988983,0.008490155500016715
A,1.2,W08,002,15.0,0.7,0.001,6,0.1,True,423,0.19337917962356618,0.00686645958768694
A,1.2,W08,002,15.0,0.7,0.001,6,0.2,True,429,0.21676444399513697,0.005464459720410798
A,1.2,W08,002,15.0,0.7,0.001,8,0.1,True,423,0.19337917962356618,0.00686645958768694
A,1.2,W08,002,15.0,0.7,0.001,8,0.2,True,429,0.21676444399513697,0.005464459720410798
A,1.2,W08,002,15.0,0.7,0.001,10,0.1,True,423,0.19337917962356618,0.00686645958768694
A,1.2,W08,002,15.0,0.7,0.001,10,0.2,True,429,0.21676444399513697,0.005464459720410798
A,1.2,W08,002,15.0,0.75,0.0005,6,0.1,True,370,0.17557431580988983,0.008490155500016715
A,1.2,W08,002,15.0,0.75,0.0005,6,0.2,True,418,0.18423831364826151,0.0074619632214307785
A,1.2,W08,002,15.0,0.75,0.0005,8,0.1,True,370,0.17557431580988983,0.008490155500016715
A,1.2,W08,002,15.0,0.75,0.0005,8,0.2,True,432,0.22663191705942154,0.004654598275297566
A,1.2,W08,002,15.0,0.75,0.0005,10,0.1,True,370,0.17557431580988983,0.008490155500016715
A,1.2,W08,002,15.0,0.75,0.0005,10,0.2,True,441,0.26996559767346634,0.001976065533725839
A,1.2,W08,002,15.0,0.75,0.001,6,0.1,True,424,0.197301024865163,0.006623727906691401
A,1.2,W08,002,15.0,0.75,0.001,6,0.2,True,429,0.21676444399513697,0.005464459720410798
A,1.2,W08,002,15.0,0.75,0.001,8,0.1,True,424,0.197301024865163,0.006623727906691401
A,1.2,W08,002,15.0,0.75,0.001,8,0.2,True,429,0.21676444399513697,0.005464459720410798
A,1.2,W08,002,15.0,0.75,0.001,10,0.1,True,424,0.197301024865163,0.006623727906691401
A,1.2,W08,002,15.0,0.75,0.001,10,0.2,True,429,0.21676444399513697,0.005464459720410798
A,1.2,W08,002,15.0,0.8,0.0005,6,0.1,True,420,0.18633130349610982,0.00733728491161999
A,1.2,W08,002,15.0,0.8,0.0005,6,0.2,True,420,0.18633130349610982,0.00733728491161999
A,1.2,W08,002,15.0,0.8,0.0005,8,0.1,True,420,0.18633130349610982,0.00733728491161999
A,1.2,W08,002,15.0,0.8,0.0005,8,0.2,True,420,0.18633130349610982,0.00733728491161999
A,1.2,W08,002,15.0,0.8,0.0005,10,0.1,True,420,0.18633130349610982,0.00733728491161999
A,1.2,W08,002,15.0,0.8,0.0005,10,0.2,True,420,0.18633130349610982,0.00733728491161999
A,1.2,W08,002,15.0,0.8,0.001,6,0.1,True,424,0.197301024865163,0.006623727906691401
A,1.2,W08,002,15.0,0.8,0.001,6,0.2,True,429,0.21676444399513697,0.005464459720410798
A,1.2,W08,002,15.0,0.8,0.001,8,0.1,True,424,0.197301024865163,0.006623727906691401
A,1.2,W08,002,15.0,0.8,0.001,8,0.2,True,429,0.21676444399513697,0.005464459720410798
A,1.2,W08,002,15.0,0.8,0.001,10,0.1,True,424,0.197301024865163,0.006623727906691401
A,1.2,W08,002,15.0,0.8,0.001,10,0.2,True,429,0.21676444399513697,0.005464459720410798
A,1.2,W08,002,20.0,0.7,0.0005,6,0.1,True,422,0.1904294963337873,0.007077538555389957
A,1.2,W08,002,20.0,0.7,0.0005,6,0.2,True,423,0.19337917962356618,0.00686645958768694
A,1.2,W08,002,20.0,0.7,0.0005,8,0.1,True,422,0.1904294963337873,0.007077538555389957
A,1.2,W08,002,20.0,0.7,0.0005,8,0.2,True,423,0.19337917962356618,0.00686645958768694
A,1.2,W08,002,20.0,0.7,0.0005,10,0.1,True,422,0.1904294963337873,0.007077538555389957
A,1.2,W08,002,20.0,0.7,0.0005,10,0.2,True,423,0.19337917962356618,0.00686645958768694
A,1.2,W08,002,20.0,0.7,0.001,6,0.1,True,424,0.197301024865163,0.006623727906691401
A,1.2,W08,002,20.0,0.7,0.001,6,0.2,True,428,0.21259909064361923,0.005702084028407147
A,1.2,W08,002,20.0,0.7,0.001,8,0.1,True,424,0.197301024865163,0.006623727906691401
A,1.2,W08,002,20.0,0.7,0.001,8,0.2,True,428,0.21259909064361923,0.005702084028407147
A,1.2,W08,002,20.0,0.7,0.001,10,0.1,True,424,0.197301024865163,0.006623727906691401
A,1.2,W08,002,20.0,0.7,0.001,10,0.2,True,428,0.21259909064361923,0.005702084028407147
A,1.2,W08,002,20.0,0.75,0.0005,6,0.1,True,422,0.1904294963337873,0.007077538555389957
A,1.2,W08,002,20.0,0.75,0.0005,6,0.2,True,424,0.197301024865163,0.006623727906691401
A,1.2,W08,002,20.0,0.75,0.0005,8,0.1,True,422,0.1904294963337873,0.007077538555389957
A,1.2,W08,002,20.0,0.75,0.0005,8,0.2,True,424,0.197301024865163,0.006623727906691401
A,1.2,W08,002,20.0,0.75,0.0005,10,0.1,True,422,0.1904294963337873,0.007077538555389957
A,1.2,W08,002,20.0,0.75,0.0005,10,0.2,True,424,0.197301024865163,0.006623727906691401
A,1.2,W08,002,20.0,0.75,0.001,6,0.1,True,424,0.197301024865163,0.006623727906691401
A,1.2,W08,002,20.0,0.75,0.001,6,0.2,True,429,0.21676444399513697,0.005464459720410798
A,1.2,W08,002,20.0,0.75,0.001,8,0.1,True,424,0.197301024865163,0.006623727906691401
A,1.2,W08,002,20.0,0.75,0.001,8,0.2,True,429,0.21676444399513697,0.005464459720410798
A,1.2,W08,002,20.0,0.75,0.001,10,0.1,True,424,0.197301024865163,0.006623727906691401
A,1.2,W08,002,20.0,0.75,0.001,10,0.2,True,429,0.21676444399513697,0.005464459720410798
A,1.2,W08,002,20.0,0.8,0.0005,6,0.1,True,423,0.19337917962356618,0.00686645958768694
A,1.2,W08,002,20.0,0.8,0.0005,6,0.2,True,424,0.197301024865163,0.006623727906691401
A,1.2,W08,002,20.0,0.8,0.0005,8,0.1,True,423,0.19337917962356618,0.00686645958768694
A,1.2,W08,002,20.0,0.8,0.0005,8,0.2,True,424,0.197301024865163,0.006623727906691401
A,1.2,W08,002,20.0,0.8,0.0005,10,0.1,True,423,0.19337917962356618,0.00686645958768694
A,1.2,W08,002,20.0,0.8,0.0005,10,0.2,True,424,0.197301024865163,0.006623727906691401
A,1.2,W08,002,20.0,0.8,0.001,6,0.1,True,425,0.20140031136964498,0.006435222727687736
A,1.2,W08,002,20.0,0.8,0.001,6,0.2,True,429,0.21676444399513697,0.005464459720410798
A,1.2,W08,002,20.0,0.8,0.001,8,0.1,True,425,0.20140031136964498,0.006435222727687736
A,1.2,W08,002,20.0,0.8,0.001,8,0.2,True,429,0.21676444399513697,0.005464459720410798
A,1.2,W08,002,20.0,0.8,0.001,10,0.1,True,425,0.20140031136964498,0.006435222727687736
A,1.2,W08,002,20.0,0.8,0.001,10,0.2,True,429,0.21676444399513697,0.005464459720410798
A,1.2,W08,002,25.0,0.7,0.0005,6,0.1,True,423,0.19337917962356618,0.00686645958768694
A,1.2,W08,002,25.0,0.7,0.0005,6,0.2,True,424,0.197301024865163,0.006623727906691401
A,1.2,W08,002,25.0,0.7,0.0005,8,0.1,True,423,0.19337917962356618,0.00686645958768694
A,1.2,W08,002,25.0,0.7,0.0005,8,0.2,True,424,0.197301024865163,0.006623727906691401
A,1.2,W08,002,25.0,0.7,0.0005,10,0.1,True,423,0.19337917962356618,0.00686645958768694
A,1.2,W08,002,25.0,0.7,0.0005,10,0.2,True,424,0.197301024865163,0.006623727906691401
A,1.2,W08,002,25.0,0.7,0.001,6,0.1,True,425,0.20140031136964498,0.006435222727687736
A,1.2,W08,002,25.0,0.7,0.001,6,0.2,True,429,0.21676444399513697,0.005464459720410798
A,1.2,W08,002,25.0,0.7,0.001,8,0.1,True,425,0.20140031136964498,0.006435222727687736
A,1.2,W08,002,25.0,0.7,0.001,8,0.2,True,429,0.21676444399513697,0.005464459720410798
A,1.2,W08,002,25.0,0.7,0.001,10,0.1,True,425,0.20140031136964498,0.006435222727687736
A,1.2,W08,002,25.0,0.7,0.001,10,0.2,True,429,0.21676444399513697,0.005464459720410798
A,1.2,W08,002,25.0,0.75,0.0005,6,0.1,True,423,0.19337917962356618,0.00686645958768694
A,1.2,W08,002,25.0,0.75,0.0005,6,0.2,True,425,0.20140031136964498,0.006435222727687736
A,1.2,W08,002,25.0,0.75,0.0005,8,0.1,True,423,0.19337917962356618,0.00686645958768694
A,1.2,W08,002,25.0,0.75,0.0005,8,0.2,True,425,0.20140031136964498,0.006435222727687736
A,1.2,W08,002,25.0,0.75,0.0005,10,0.1,True,423,0.19337917962356618,0.00686645958768694
A,1.2,W08,002,25.0,0.75,0.0005,10,0.2,True,425,0.20140031136964498,0.006435222727687736
A,1.2,W08,002,25.0,0.75,0.001,6,0.1,True,425,0.20140031136964498,0.006435222727687736
A,1.2,W08,002,25.0,0.75,0.001,6,0.2,True,429,0.21676444399513697,0.005464459720410798
A,1.2,W08,002,25.0,0.75,0.001,8,0.1,True,425,0.20140031136964498,0.006435222727687736
A,1.2,W08,002,25.0,0.75,0.001,8,0.2,True,429,0.21676444399513697,0.005464459720410798
A,1.2,W08,002,25.0,0.75,0.001,10,0.1,True,425,0.20140031136964498,0.006435222727687736
A,1.2,W08,002,25.0,0.75,0.001,10,0.2,True,429,0.21676444399513697,0.005464459720410798
A,1.2,W08,002,25.0,0.8,0.0005,6,0.1,True,423,0.19337917962356618,0.00686645958768694
A,1.2,W08,002,25.0,0.8,0.0005,6,0.2,True,425,0.20140031136964498,0.006435222727687736
A,1.2,W08,002,25.0,0.8,0.0005,8,0.1,True,423,0.19337917962356618,0.00686645958768694
A,1.2,W08,002,25.0,0.8,0.0005,8,0.2,True,425,0.20140031136964498,0.006435222727687736
A,1.2,W08,002,25.0,0.8,0.0005,10,0.1,True,423,0.19337917962356618,0.00686645958768694
A,1.2,W08,002,25.0,0.8,0.0005,10,0.2,True,425,0.20140031136964498,0.006435222727687736
A,1.2,W08,002,25.0,0.8,0.001,6,0.1,True,425,0.20140031136964498,0.006435222727687736
A,1.2,W08,002,25.0,0.8,0.001,6,0.2,True,429,0.21676444399513697,0.005464459720410798
A,1.2,W08,002,25.0,0.8,0.001,8,0.1,True,425,0.20140031136964498,0.006435222727687736
A,1.2,W08,002,25.0,0.8,0.001,8,0.2,True,429,0.21676444399513697,0.005464459720410798
A,1.2,W08,002,25.0,0.8,0.001,10,0.1,True,425,0.20140031136964498,0.006435222727687736
A,1.2,W08,002,25.0,0.8,0.001,10,0.2,True,429,0.21676444399513697,0.005464459720410798
A,1.2,W09,001,15.0,0.7,0.0005,6,0.1,True,405,0.1982424018022261,0.016558237275794932
A,1.2,W09,001,15.0,0.7,0.0005,6,0.2,False,,,
A,1.2,W09,001,15.0,0.7,0.0005,8,0.1,False,,,
A,1.2,W09,001,15.0,0.7,0.0005,8,0.2,False,,,
A,1.2,W09,001,15.0,0.7,0.0005,10,0.1,False,,,
A,1.2,W09,001,15.0,0.7,0.0005,10,0.2,False,,,
A,1.2,W09,001,15.0,0.7,0.001,6,0.1,True,405,0.1982424018022261,0.016558237275794932
A,1.2,W09,001,15.0,0.7,0.001,6,0.2,False,,,
A,1.2,W09,001,15.0,0.7,0.001,8,0.1,False,,,
A,1.2,W09,001,15.0,0.7,0.001,8,0.2,False,,,
A,1.2,W09,001,15.0,0.7,0.001,10,0.1,False,,,
A,1.2,W09,001,15.0,0.7,0.001,10,0.2,False,,,
A,1.2,W09,001,15.0,0.75,0.0005,6,0.1,True,403,0.19149820330111603,0.016954299258558375
A,1.2,W09,001,15.0,0.75,0.0005,6,0.2,False,,,
A,1.2,W09,001,15.0,0.75,0.0005,8,0.1,True,403,0.19149820330111603,0.016954299258558375
A,1.2,W09,001,15.0,0.75,0.0005,8,0.2,False,,,
A,1.2,W09,001,15.0,0.75,0.0005,10,0.1,False,,,
A,1.2,W09,001,15.0,0.75,0.0005,10,0.2,False,,,
A,1.2,W09,001,15.0,0.75,0.001,6,0.1,True,405,0.1982424018022261,0.016558237275794932
A,1.2,W09,001,15.0,0.75,0.001,6,0.2,False,,,
A,1.2,W09,001,15.0,0.75,0.001,8,0.1,False,,,
A,1.2,W09,001,15.0,0.75,0.001,8,0.2,False,,,
A,1.2,W09,001,15.0,0.75,0.001,10,0.1,False,,,
A,1.2,W09,001,15.0,0.75,0.001,10,0.2,False,,,
A,1.2,W09,001,15.0,0.8,0.0005,6,0.1,True,403,0.19149820330111603,0.016954299258558375
A,1.2,W09,001,15.0,0.8,0.0005,6,0.2,True,403,0.19149820330111603,0.016954299258558375
A,1.2,W09,001,15.0,0.8,0.0005,8,0.1,True,403,0.19149820330111603,0.016954299258558375
A,1.2,W09,001,15.0,0.8,0.0005,8,0.2,False,,,
A,1.2,W09,001,15.0,0.8,0.0005,10,0.1,True,403,0.19149820330111603,0.016954299258558375
A,1.2,W09,001,15.0,0.8,0.0005,10,0.2,False,,,
A,1.2,W09,001,15.0,0.8,0.001,6,0.1,True,403,0.19149820330111603,0.016954299258558375
A,1.2,W09,001,15.0,0.8,0.001,6,0.2,False,,,
A,1.2,W09,001,15.0,0.8,0.001,8,0.1,True,403,0.19149820330111603,0.016954299258558375
A,1.2,W09,001,15.0,0.8,0.001,8,0.2,False,,,
A,1.2,W09,001,15.0,0.8,0.001,10,0.1,True,403,0.19149820330111603,0.016954299258558375
A,1.2,W09,001,15.0,0.8,0.001,10,0.2,False,,,
A,1.2,W09,001,20.0,0.7,0.0005,6,0.1,True,403,0.19149820330111603,0.016954299258558375
A,1.2,W09,001,20.0,0.7,0.0005,6,0.2,True,403,0.19149820330111603,0.016954299258558375
A,1.2,W09,001,20.0,0.7,0.0005,8,0.1,True,403,0.19149820330111603,0.016954299258558375
A,1.2,W09,001,20.0,0.7,0.0005,8,0.2,False,,,
A,1.2,W09,001,20.0,0.7,0.0005,10,0.1,True,403,0.19149820330111603,0.016954299258558375
A,1.2,W09,001,20.0,0.7,0.0005,10,0.2,False,,,
A,1.2,W09,001,20.0,0.7,0.001,6,0.1,True,403,0.19149820330111603,0.016954299258558375
A,1.2,W09,001,20.0,0.7,0.001,6,0.2,False,,,
A,1.2,W09,001,20.0,0.7,0.001,8,0.1,True,403,0.19149820330111603,0.016954299258558375
A,1.2,W09,001,20.0,0.7,0.001,8,0.2,False,,,
A,1.2,W09,001,20.0,0.7,0.001,10,0.1,True,403,0.19149820330111603,0.016954299258558375
A,1.2,W09,001,20.0,0.7,0.001,10,0.2,False,,,
A,1.2,W09,001,20.0,0.75,0.0005,6,0.1,True,403,0.19149820330111603,0.016954299258558375
A,1.2,W09,001,20.0,0.75,0.0005,6,0.2,True,403,0.19149820330111603,0.016954299258558375
A,1.2,W09,001,20.0,0.75,0.0005,8,0.1,True,403,0.19149820330111603,0.016954299258558375
A,1.2,W09,001,20.0,0.75,0.0005,8,0.2,False,,,
A,1.2,W09,001,20.0,0.75,0.0005,10,0.1,True,403,0.19149820330111603,0.016954299258558375
A,1.2,W09,001,20.0,0.75,0.0005,10,0.2,False,,,
A,1.2,W09,001,20.0,0.75,0.001,6,0.1,True,403,0.19149820330111603,0.016954299258558375
A,1.2,W09,001,20.0,0.75,0.001,6,0.2,False,,,
A,1.2,W09,001,20.0,0.75,0.001,8,0.1,True,403,0.19149820330111603,0.016954299258558375
A,1.2,W09,001,20.0,0.75,0.001,8,0.2,False,,,
A,1.2,W09,001,20.0,0.75,0.001,10,0.1,False,,,
A,1.2,W09,001,20.0,0.75,0.001,10,0.2,False,,,
A,1.2,W09,001,20.0,0.8,0.0005,6,0.1,True,403,0.19149820330111603,0.016954299258558375
A,1.2,W09,001,20.0,0.8,0.0005,6,0.2,True,403,0.19149820330111603,0.016954299258558375
A,1.2,W09,001,20.0,0.8,0.0005,8,0.1,True,403,0.19149820330111603,0.016954299258558375
A,1.2,W09,001,20.0,0.8,0.0005,8,0.2,False,,,
A,1.2,W09,001,20.0,0.8,0.0005,10,0.1,True,403,0.19149820330111603,0.016954299258558375
A,1.2,W09,001,20.0,0.8,0.0005,10,0.2,False,,,
A,1.2,W09,001,20.0,0.8,0.001,6,0.1,True,403,0.19149820330111603,0.016954299258558375
A,1.2,W09,001,20.0,0.8,0.001,6,0.2,False,,,
A,1.2,W09,001,20.0,0.8,0.001,8,0.1,True,403,0.19149820330111603,0.016954299258558375
A,1.2,W09,001,20.0,0.8,0.001,8,0.2,False,,,
A,1.2,W09,001,20.0,0.8,0.001,10,0.1,False,,,
A,1.2,W09,001,20.0,0.8,0.001,10,0.2,False,,,
A,1.2,W09,001,25.0,0.7,0.0005,6,0.1,True,403,0.19149820330111603,0.016954299258558375
A,1.2,W09,001,25.0,0.7,0.0005,6,0.2,True,403,0.19149820330111603,0.016954299258558375
A,1.2,W09,001,25.0,0.7,0.0005,8,0.1,True,403,0.19149820330111603,0.016954299258558375
A,1.2,W09,001,25.0,0.7,0.0005,8,0.2,True,403,0.19149820330111603,0.016954299258558375
A,1.2,W09,001,25.0,0.7,0.0005,10,0.1,True,403,0.19149820330111603,0.016954299258558375
A,1.2,W09,001,25.0,0.7,0.0005,10,0.2,False,,,
A,1.2,W09,001,25.0,0.7,0.001,6,0.1,True,403,0.19149820330111603,0.016954299258558375
A,1.2,W09,001,25.0,0.7,0.001,6,0.2,False,,,
A,1.2,W09,001,25.0,0.7,0.001,8,0.1,True,403,0.19149820330111603,0.016954299258558375
A,1.2,W09,001,25.0,0.7,0.001,8,0.2,False,,,
A,1.2,W09,001,25.0,0.7,0.001,10,0.1,False,,,
A,1.2,W09,001,25.0,0.7,0.001,10,0.2,False,,,
A,1.2,W09,001,25.0,0.75,0.0005,6,0.1,True,403,0.19149820330111603,0.016954299258558375
A,1.2,W09,001,25.0,0.75,0.0005,6,0.2,True,403,0.19149820330111603,0.016954299258558375
A,1.2,W09,001,25.0,0.75,0.0005,8,0.1,True,403,0.19149820330111603,0.016954299258558375
A,1.2,W09,001,25.0,0.75,0.0005,8,0.2,False,,,
A,1.2,W09,001,25.0,0.75,0.0005,10,0.1,True,403,0.19149820330111603,0.016954299258558375
A,1.2,W09,001,25.0,0.75,0.0005,10,0.2,False,,,
A,1.2,W09,001,25.0,0.75,0.001,6,0.1,True,403,0.19149820330111603,0.016954299258558375
A,1.2,W09,001,25.0,0.75,0.001,6,0.2,False,,,
A,1.2,W09,001,25.0,0.75,0.001,8,0.1,True,403,0.19149820330111603,0.016954299258558375
A,1.2,W09,001,25.0,0.75,0.001,8,0.2,False,,,
A,1.2,W09,001,25.0,0.75,0.001,10,0.1,False,,,
A,1.2,W09,001,25.0,0.75,0.001,10,0.2,False,,,
A,1.2,W09,001,25.0,0.8,0.0005,6,0.1,True,403,0.19149820330111603,0.016954299258558375
A,1.2,W09,001,25.0,0.8,0.0005,6,0.2,True,403,0.19149820330111603,0.016954299258558375
A,1.2,W09,001,25.0,0.8,0.0005,8,0.1,True,403,0.19149820330111603,0.016954299258558375
A,1.2,W09,001,25.0,0.8,0.0005,8,0.2,False,,,
A,1.2,W09,001,25.0,0.8,0.0005,10,0.1,True,403,0.19149820330111603,0.016954299258558375
A,1.2,W09,001,25.0,0.8,0.0005,10,0.2,False,,,
A,1.2,W09,001,25.0,0.8,0.001,6,0.1,True,403,0.19149820330111603,0.016954299258558375
A,1.2,W09,001,25.0,0.8,0.001,6,0.2,False,,,
A,1.2,W09,001,25.0,0.8,0.001,8,0.1,True,403,0.19149820330111603,0.016954299258558375
A,1.2,W09,001,25.0,0.8,0.001,8,0.2,False,,,
A,1.2,W09,001,25.0,0.8,0.001,10,0.1,False,,,
A,1.2,W09,001,25.0,0.8,0.001,10,0.2,False,,,
A,1.2,W09,002,15.0,0.7,0.0005,6,0.1,True,405,0.1704186220963796,0.019657374620437623
A,1.2,W09,002,15.0,0.7,0.0005,6,0.2,True,408,0.17251356065273285,0.01958922455708186
A,1.2,W09,002,15.0,0.7,0.0005,8,0.1,True,405,0.1704186220963796,0.019657374620437623
A,1.2,W09,002,15.0,0.7,0.0005,8,0.2,False,,,
A,1.2,W09,002,15.0,0.7,0.0005,10,0.1,False,,,
A,1.2,W09,002,15.0,0.7,0.0005,10,0.2,False,,,
A,1.2,W09,002,15.0,0.7,0.001,6,0.1,True,416,0.18788448611895242,0.018647987246513367
A,1.2,W09,002,15.0,0.7,0.001,6,0.2,True,419,0.19908856173356373,0.01813532183567683
A,1.2,W09,002,15.0,0.7,0.001,8,0.1,True,416,0.18788448611895242,0.018647987246513367
A,1.2,W09,002,15.0,0.7,0.001,8,0.2,True,419,0.19908856173356373,0.01813532183567683
A,1.2,W09,002,15.0,0.7,0.001,10,0.1,True,416,0.18788448611895242,0.018647987246513367
A,1.2,W09,002,15.0,0.7,0.001,10,0.2,True,419,0.19908856173356373,0.01813532183567683
A,1.2,W09,002,15.0,0.75,0.0005,6,0.1,True,408,0.17251356065273285,0.01958922455708186
A,1.2,W09,002,15.0,0.75,0.0005,6,0.2,True,408,0.17251356065273285,0.01958922455708186
A,1.2,W09,002,15.0,0.75,0.0005,8,0.1,True,408,0.17251356065273285,0.01958922455708186
A,1.2,W09,002,15.0,0.75,0.0005,8,0.2,True,408,0.17251356065273285,0.01958922455708186
A,1.2,W09,002,15.0,0.75,0.0005,10,0.1,True,408,0.17251356065273285,0.01958922455708186
A,1.2,W09,002,15.0,0.75,0.0005,10,0.2,True,408,0.17251356065273285,0.01958922455708186
A,1.2,W09,002,15.0,0.75,0.001,6,0.1,True,417,0.19168835759162903,0.01850547730922699
A,1.2,W09,002,15.0,0.75,0.001,6,0.2,True,426,0.2138674835364024,0.017581830124060314
A,1.2,W09,002,15.0,0.75,0.001,8,0.1,True,417,0.19168835759162903,0.01850547730922699
A,1.2,W09,002,15.0,0.75,0.001,8,0.2,True,426,0.2138674835364024,0.017581830124060314
A,1.2,W09,002,15.0,0.75,0.001,10,0.1,True,417,0.19168835759162903,0.01850547730922699
A,1.2,W09,002,15.0,0.75,0.001,10,0.2,True,426,0.2138674835364024,0.017581830124060314
A,1.2,W09,002,15.0,0.8,0.0005,6,0.1,True,409,0.17363986730575562,0.019507739345232644
A,1.2,W09,002,15.0,0.8,0.0005,6,0.2,True,410,0.17480131129423776,0.019375508427619936
A,1.2,W09,002,15.0,0.8,0.0005,8,0.1,True,409,0.17363986730575562,0.019507739345232644
A,1.2,W09,002,15.0,0.8,0.0005,8,0.2,True,410,0.17480131129423776,0.019375508427619936
A,1.2,W09,002,15.0,0.8,0.0005,10,0.1,True,409,0.17363986730575562,0.019507739345232644
A,1.2,W09,002,15.0,0.8,0.0005,10,0.2,True,410,0.17480131129423776,0.019375508427619936
A,1.2,W09,002,15.0,0.8,0.001,6,0.1,True,417,0.19168835759162903,0.01850547730922699
A,1.2,W09,002,15.0,0.8,0.001,6,0.2,True,419,0.19908856173356373,0.01813532183567683
A,1.2,W09,002,15.0,0.8,0.001,8,0.1,True,417,0.19168835759162903,0.01850547730922699
A,1.2,W09,002,15.0,0.8,0.001,8,0.2,True,419,0.19908856173356373,0.01813532183567683
A,1.2,W09,002,15.0,0.8,0.001,10,0.1,True,417,0.19168835759162903,0.01850547730922699
A,1.2,W09,002,15.0,0.8,0.001,10,0.2,True,419,0.19908856173356373,0.01813532183567683
A,1.2,W09,002,20.0,0.7,0.0005,6,0.1,True,411,0.1761717253923416,0.019370554387569426
A,1.2,W09,002,20.0,0.7,0.0005,6,0.2,True,412,0.17781735956668854,0.019240975578625998
A,1.2,W09,002,20.0,0.7,0.0005,8,0.1,True,411,0.1761717253923416,0.019370554387569426
A,1.2,W09,002,20.0,0.7,0.0005,8,0.2,True,412,0.17781735956668854,0.019240975578625998
A,1.2,W09,002,20.0,0.7,0.0005,10,0.1,True,411,0.1761717253923416,0.019370554387569426
A,1.2,W09,002,20.0,0.7,0.0005,10,0.2,True,412,0.17781735956668854,0.019240975578625998
A,1.2,W09,002,20.0,0.7,0.001,6,0.1,True,418,0.19549311618010204,0.018297167817751567
A,1.2,W09,002,20.0,0.7,0.001,6,0.2,True,434,0.2477005163828532,0.016299993097782135
A,1.2,W09,002,20.0,0.7,0.001,8,0.1,True,418,0.19549311618010204,0.018297167817751567
A,1.2,W09,002,20.0,0.7,0.001,8,0.2,True,434,0.2477005163828532,0.016299993097782135
A,1.2,W09,002,20.0,0.7,0.001,10,0.1,True,418,0.19549311618010204,0.018297167817751567
A,1.2,W09,002,20.0,0.7,0.001,10,0.2,True,434,0.2477005163828532,0.016299993097782135
A,1.2,W09,002,20.0,0.75,0.0005,6,0.1,True,413,0.17971047083536784,0.0190725776553154
A,1.2,W09,002,20.0,0.75,0.0005,6,0.2,True,415,0.18459210793177286,0.01883201132218043
A,1.2,W09,002,20.0,0.75,0.0005,8,0.1,True,413,0.17971047083536784,0.0190725776553154
A,1.2,W09,002,20.0,0.75,0.0005,8,0.2,True,415,0.18459210793177286,0.01883201132218043
A,1.2,W09,002,20.0,0.75,0.0005,10,0.1,True,413,0.17971047083536784,0.0190725776553154
A,1.2,W09,002,20.0,0.75,0.0005,10,0.2,True,415,0.18459210793177286,0.01883201132218043
A,1.2,W09,002,20.0,0.75,0.001,6,0.1,True,418,0.19549311618010204,0.018297167817751567
A,1.2,W09,002,20.0,0.75,0.001,6,0.2,True,434,0.2477005163828532,0.016299993097782135
A,1.2,W09,002,20.0,0.75,0.001,8,0.1,True,418,0.19549311618010204,0.018297167817751567
A,1.2,W09,002,20.0,0.75,0.001,8,0.2,True,434,0.2477005163828532,0.016299993097782135
A,1.2,W09,002,20.0,0.75,0.001,10,0.1,True,418,0.19549311618010204,0.018297167817751567
A,1.2,W09,002,20.0,0.75,0.001,10,0.2,True,434,0.2477005163828532,0.016299993097782135
A,1.2,W09,002,20.0,0.8,0.0005,6,0.1,True,414,0.18195317924022675,0.018969108859697978
A,1.2,W09,002,20.0,0.8,0.0005,6,0.2,True,415,0.18459210793177286,0.01883201132218043
A,1.2,W09,002,20.0,0.8,0.0005,8,0.1,True,414,0.18195317924022675,0.018969108859697978
A,1.2,W09,002,20.0,0.8,0.0005,8,0.2,True,415,0.18459210793177286,0.01883201132218043
A,1.2,W09,002,20.0,0.8,0.0005,10,0.1,True,414,0.18195317924022675,0.018969108859697978
A,1.2,W09,002,20.0,0.8,0.0005,10,0.2,True,415,0.18459210793177286,0.01883201132218043
A,1.2,W09,002,20.0,0.8,0.001,6,0.1,True,418,0.19549311618010204,0.018297167817751567
A,1.2,W09,002,20.0,0.8,0.001,6,0.2,True,434,0.2477005163828532,0.016299993097782135
A,1.2,W09,002,20.0,0.8,0.001,8,0.1,True,418,0.19549311618010204,0.018297167817751567
A,1.2,W09,002,20.0,0.8,0.001,8,0.2,True,434,0.2477005163828532,0.016299993097782135
A,1.2,W09,002,20.0,0.8,0.001,10,0.1,True,418,0.19549311618010204,0.018297167817751567
A,1.2,W09,002,20.0,0.8,0.001,10,0.2,True,434,0.2477005163828532,0.016299993097782135
A,1.2,W09,002,25.0,0.7,0.0005,6,0.1,True,416,0.18788448611895242,0.018647987246513367
A,1.2,W09,002,25.0,0.7,0.0005,6,0.2,True,418,0.19549311618010204,0.018297167817751567
A,1.2,W09,002,25.0,0.7,0.0005,8,0.1,True,416,0.18788448611895242,0.018647987246513367
A,1.2,W09,002,25.0,0.7,0.0005,8,0.2,True,418,0.19549311618010204,0.018297167817751567
A,1.2,W09,002,25.0,0.7,0.0005,10,0.1,True,416,0.18788448611895242,0.018647987246513367
A,1.2,W09,002,25.0,0.7,0.0005,10,0.2,True,418,0.19549311618010204,0.018297167817751567
A,1.2,W09,002,25.0,0.7,0.001,6,0.1,True,420,0.20245417753855388,0.017997274895509084
A,1.2,W09,002,25.0,0.7,0.001,6,0.2,True,440,0.29305970867474873,0.01521350234746933
A,1.2,W09,002,25.0,0.7,0.001,8,0.1,True,420,0.20245417753855388,0.017997274895509084
A,1.2,W09,002,25.0,0.7,0.001,8,0.2,False,,,
A,1.2,W09,002,25.0,0.7,0.001,10,0.1,True,420,0.20245417753855388,0.017997274895509084
A,1.2,W09,002,25.0,0.7,0.001,10,0.2,False,,,
A,1.2,W09,002,25.0,0.75,0.0005,6,0.1,True,416,0.18788448611895242,0.018647987246513367
A,1.2,W09,002,25.0,0.75,0.0005,6,0.2,True,418,0.19549311618010204,0.018297167817751567
A,1.2,W09,002,25.0,0.75,0.0005,8,0.1,True,416,0.18788448611895242,0.018647987246513367
A,1.2,W09,002,25.0,0.75,0.0005,8,0.2,True,418,0.19549311618010204,0.018297167817751567
A,1.2,W09,002,25.0,0.75,0.0005,10,0.1,True,416,0.18788448611895242,0.018647987246513367
A,1.2,W09,002,25.0,0.75,0.0005,10,0.2,True,418,0.19549311618010204,0.018297167817751567
A,1.2,W09,002,25.0,0.75,0.001,6,0.1,True,420,0.20245417753855388,0.017997274895509084
A,1.2,W09,002,25.0,0.75,0.001,6,0.2,False,,,
A,1.2,W09,002,25.0,0.75,0.001,8,0.1,True,420,0.20245417753855388,0.017997274895509084
A,1.2,W09,002,25.0,0.75,0.001,8,0.2,False,,,
A,1.2,W09,002,25.0,0.75,0.001,10,0.1,True,420,0.20245417753855388,0.017997274895509084
A,1.2,W09,002,25.0,0.75,0.001,10,0.2,False,,,
A,1.2,W09,002,25.0,0.8,0.0005,6,0.1,True,416,0.18788448611895242,0.018647987246513367
A,1.2,W09,002,25.0,0.8,0.0005,6,0.2,True,418,0.19549311618010204,0.018297167817751567
A,1.2,W09,002,25.0,0.8,0.0005,8,0.1,True,416,0.18788448611895242,0.018647987246513367
A,1.2,W09,002,25.0,0.8,0.0005,8,0.2,True,418,0.19549311618010204,0.018297167817751567
A,1.2,W09,002,25.0,0.8,0.0005,10,0.1,True,416,0.18788448611895242,0.018647987246513367
A,1.2,W09,002,25.0,0.8,0.0005,10,0.2,True,418,0.19549311618010204,0.018297167817751567
A,1.2,W09,002,25.0,0.8,0.001,6,0.1,True,419,0.19908856173356373,0.01813532183567683
A,1.2,W09,002,25.0,0.8,0.001,6,0.2,False,,,
A,1.2,W09,002,25.0,0.8,0.001,8,0.1,True,419,0.19908856173356373,0.01813532183567683
A,1.2,W09,002,25.0,0.8,0.001,8,0.2,False,,,
A,1.2,W09,002,25.0,0.8,0.001,10,0.1,True,419,0.19908856173356373,0.01813532183567683
A,1.2,W09,002,25.0,0.8,0.001,10,0.2,False,,,
A,1.2,W10,001,15.0,0.7,0.0005,6,0.1,True,333,0.12849228672291102,0.023782459969975446
A,1.2,W10,001,15.0,0.7,0.0005,6,0.2,True,333,0.12849228672291102,0.023782459969975446
A,1.2,W10,001,15.0,0.7,0.0005,8,0.1,True,333,0.12849228672291102,0.023782459969975446
A,1.2,W10,001,15.0,0.7,0.0005,8,0.2,True,430,0.2117425175873857,0.022004756880433934
A,1.2,W10,001,15.0,0.7,0.0005,10,0.1,True,333,0.12849228672291102,0.023782459969975446
A,1.2,W10,001,15.0,0.7,0.0005,10,0.2,True,430,0.2117425175873857,0.022004756880433934
A,1.2,W10,001,15.0,0.7,0.001,6,0.1,True,429,0.20747029310778567,0.022160337355576064
A,1.2,W10,001,15.0,0.7,0.001,6,0.2,True,430,0.2117425175873857,0.022004756880433934
A,1.2,W10,001,15.0,0.7,0.001,8,0.1,True,429,0.20747029310778567,0.022160337355576064
A,1.2,W10,001,15.0,0.7,0.001,8,0.2,True,430,0.2117425175873857,0.022004756880433934
A,1.2,W10,001,15.0,0.7,0.001,10,0.1,True,429,0.20747029310778567,0.022160337355576064
A,1.2,W10,001,15.0,0.7,0.001,10,0.2,True,430,0.2117425175873857,0.022004756880433934
A,1.2,W10,001,15.0,0.75,0.0005,6,0.1,True,430,0.2117425175873857,0.022004756880433934
A,1.2,W10,001,15.0,0.75,0.0005,6,0.2,True,430,0.2117425175873857,0.022004756880433934
A,1.2,W10,001,15.0,0.75,0.0005,8,0.1,True,430,0.2117425175873857,0.022004756880433934
A,1.2,W10,001,15.0,0.75,0.0005,8,0.2,True,430,0.2117425175873857,0.022004756880433934
A,1.2,W10,001,15.0,0.75,0.0005,10,0.1,True,430,0.2117425175873857,0.022004756880433934
A,1.2,W10,001,15.0,0.75,0.0005,10,0.2,True,430,0.2117425175873857,0.022004756880433934
A,1.2,W10,001,15.0,0.75,0.001,6,0.1,True,430,0.2117425175873857,0.022004756880433934
A,1.2,W10,001,15.0,0.75,0.001,6,0.2,True,432,0.22001931267349342,0.02174122778600768
A,1.2,W10,001,15.0,0.75,0.001,8,0.1,True,430,0.2117425175873857,0.022004756880433934
A,1.2,W10,001,15.0,0.75,0.001,8,0.2,True,432,0.22001931267349342,0.02174122778600768
A,1.2,W10,001,15.0,0.75,0.001,10,0.1,True,430,0.2117425175873857,0.022004756880433934
A,1.2,W10,001,15.0,0.75,0.001,10,0.2,True,432,0.22001931267349342,0.02174122778600768
A,1.2,W10,001,15.0,0.8,0.0005,6,0.1,True,428,0.2039708951978307,0.02226817637289825
A,1.2,W10,001,15.0,0.8,0.0005,6,0.2,True,430,0.2117425175873857,0.022004756880433934
A,1.2,W10,001,15.0,0.8,0.0005,8,0.1,True,428,0.2039708951978307,0.02226817637289825
A,1.2,W10,001,15.0,0.8,0.0005,8,0.2,True,430,0.2117425175873857,0.022004756880433934
A,1.2,W10,001,15.0,0.8,0.0005,10,0.1,True,428,0.2039708951978307,0.02226817637289825
A,1.2,W10,001,15.0,0.8,0.0005,10,0.2,True,430,0.2117425175873857,0.022004756880433934
A,1.2,W10,001,15.0,0.8,0.001,6,0.1,True,429,0.20747029310778567,0.022160337355576064
A,1.2,W10,001,15.0,0.8,0.001,6,0.2,True,432,0.22001931267349342,0.02174122778600768
A,1.2,W10,001,15.0,0.8,0.001,8,0.1,True,429,0.20747029310778567,0.022160337355576064
A,1.2,W10,001,15.0,0.8,0.001,8,0.2,True,432,0.22001931267349342,0.02174122778600768
A,1.2,W10,001,15.0,0.8,0.001,10,0.1,True,429,0.20747029310778567,0.022160337355576064
A,1.2,W10,001,15.0,0.8,0.001,10,0.2,True,432,0.22001931267349342,0.02174122778600768
A,1.2,W10,001,20.0,0.7,0.0005,6,0.1,True,333,0.12849228672291102,0.023782459969975446
A,1.2,W10,001,20.0,0.7,0.0005,6,0.2,True,432,0.22001931267349342,0.02174122778600768
A,1.2,W10,001,20.0,0.7,0.0005,8,0.1,True,430,0.2117425175873857,0.022004756880433934
A,1.2,W10,001,20.0,0.7,0.0005,8,0.2,True,432,0.22001931267349342,0.02174122778600768
A,1.2,W10,001,20.0,0.7,0.0005,10,0.1,True,430,0.2117425175873857,0.022004756880433934
A,1.2,W10,001,20.0,0.7,0.0005,10,0.2,True,432,0.22001931267349342,0.02174122778600768
A,1.2,W10,001,20.0,0.7,0.001,6,0.1,True,430,0.2117425175873857,0.022004756880433934
A,1.2,W10,001,20.0,0.7,0.001,6,0.2,True,434,0.22778350801060074,0.021488218029078684
A,1.2,W10,001,20.0,0.7,0.001,8,0.1,True,430,0.2117425175873857,0.022004756880433934
A,1.2,W10,001,20.0,0.7,0.001,8,0.2,True,434,0.22778350801060074,0.021488218029078684
A,1.2,W10,001,20.0,0.7,0.001,10,0.1,True,430,0.2117425175873857,0.022004756880433934
A,1.2,W10,001,20.0,0.7,0.001,10,0.2,True,434,0.22778350801060074,0.021488218029078684
A,1.2,W10,001,20.0,0.75,0.0005,6,0.1,True,430,0.2117425175873857,0.022004756880433934
A,1.2,W10,001,20.0,0.75,0.0005,6,0.2,True,432,0.22001931267349342,0.02174122778600768
A,1.2,W10,001,20.0,0.75,0.0005,8,0.1,True,430,0.2117425175873857,0.022004756880433934
A,1.2,W10,001,20.0,0.75,0.0005,8,0.2,True,432,0.22001931267349342,0.02174122778600768
A,1.2,W10,001,20.0,0.75,0.0005,10,0.1,True,430,0.2117425175873857,0.022004756880433934
A,1.2,W10,001,20.0,0.75,0.0005,10,0.2,True,432,0.22001931267349342,0.02174122778600768
A,1.2,W10,001,20.0,0.75,0.001,6,0.1,True,430,0.2117425175873857,0.022004756880433934
A,1.2,W10,001,20.0,0.75,0.001,6,0.2,True,434,0.22778350801060074,0.021488218029078684
A,1.2,W10,001,20.0,0.75,0.001,8,0.1,True,430,0.2117425175873857,0.022004756880433934
A,1.2,W10,001,20.0,0.75,0.001,8,0.2,True,434,0.22778350801060074,0.021488218029078684
A,1.2,W10,001,20.0,0.75,0.001,10,0.1,True,430,0.2117425175873857,0.022004756880433934
A,1.2,W10,001,20.0,0.75,0.001,10,0.2,True,434,0.22778350801060074,0.021488218029078684
A,1.2,W10,001,20.0,0.8,0.0005,6,0.1,True,429,0.20747029310778567,0.022160337355576064
A,1.2,W10,001,20.0,0.8,0.0005,6,0.2,True,430,0.2117425175873857,0.022004756880433934
A,1.2,W10,001,20.0,0.8,0.0005,8,0.1,True,429,0.20747029310778567,0.022160337355576064
A,1.2,W10,001,20.0,0.8,0.0005,8,0.2,True,430,0.2117425175873857,0.022004756880433934
A,1.2,W10,001,20.0,0.8,0.0005,10,0.1,True,429,0.20747029310778567,0.022160337355576064
A,1.2,W10,001,20.0,0.8,0.0005,10,0.2,True,430,0.2117425175873857,0.022004756880433934
A,1.2,W10,001,20.0,0.8,0.001,6,0.1,True,430,0.2117425175873857,0.022004756880433934
A,1.2,W10,001,20.0,0.8,0.001,6,0.2,True,434,0.22778350801060074,0.021488218029078684
A,1.2,W10,001,20.0,0.8,0.001,8,0.1,True,430,0.2117425175873857,0.022004756880433934
A,1.2,W10,001,20.0,0.8,0.001,8,0.2,True,434,0.22778350801060074,0.021488218029078684
A,1.2,W10,001,20.0,0.8,0.001,10,0.1,True,430,0.2117425175873857,0.022004756880433934
A,1.2,W10,001,20.0,0.8,0.001,10,0.2,True,434,0.22778350801060074,0.021488218029078684
A,1.2,W10,001,25.0,0.7,0.0005,6,0.1,True,428,0.2039708951978307,0.02226817637289825
A,1.2,W10,001,25.0,0.7,0.0005,6,0.2,True,430,0.2117425175873857,0.022004756880433934
A,1.2,W10,001,25.0,0.7,0.0005,8,0.1,True,428,0.2039708951978307,0.02226817637289825
A,1.2,W10,001,25.0,0.7,0.0005,8,0.2,True,430,0.2117425175873857,0.022004756880433934
A,1.2,W10,001,25.0,0.7,0.0005,10,0.1,True,428,0.2039708951978307,0.02226817637289825
A,1.2,W10,001,25.0,0.7,0.0005,10,0.2,True,430,0.2117425175873857,0.022004756880433934
A,1.2,W10,001,25.0,0.7,0.001,6,0.1,True,430,0.2117425175873857,0.022004756880433934
A,1.2,W10,001,25.0,0.7,0.001,6,0.2,True,434,0.22778350801060074,0.021488218029078684
A,1.2,W10,001,25.0,0.7,0.001,8,0.1,True,430,0.2117425175873857,0.022004756880433934
A,1.2,W10,001,25.0,0.7,0.001,8,0.2,True,434,0.22778350801060074,0.021488218029078684
A,1.2,W10,001,25.0,0.7,0.001,10,0.1,True,430,0.2117425175873857,0.022004756880433934
A,1.2,W10,001,25.0,0.7,0.001,10,0.2,True,434,0.22778350801060074,0.021488218029078684
A,1.2,W10,001,25.0,0.75,0.0005,6,0.1,True,428,0.2039708951978307,0.02226817637289825
A,1.2,W10,001,25.0,0.75,0.0005,6,0.2,True,430,0.2117425175873857,0.022004756880433934
A,1.2,W10,001,25.0,0.75,0.0005,8,0.1,True,428,0.2039708951978307,0.02226817637289825
A,1.2,W10,001,25.0,0.75,0.0005,8,0.2,True,430,0.2117425175873857,0.022004756880433934
A,1.2,W10,001,25.0,0.75,0.0005,10,0.1,True,428,0.2039708951978307,0.02226817637289825
A,1.2,W10,001,25.0,0.75,0.0005,10,0.2,True,430,0.2117425175873857,0.022004756880433934
A,1.2,W10,001,25.0,0.75,0.001,6,0.1,True,430,0.2117425175873857,0.022004756880433934
A,1.2,W10,001,25.0,0.75,0.001,6,0.2,True,434,0.22778350801060074,0.021488218029078684
A,1.2,W10,001,25.0,0.75,0.001,8,0.1,True,430,0.2117425175873857,0.022004756880433934
A,1.2,W10,001,25.0,0.75,0.001,8,0.2,True,434,0.22778350801060074,0.021488218029078684
A,1.2,W10,001,25.0,0.75,0.001,10,0.1,True,430,0.2117425175873857,0.022004756880433934
A,1.2,W10,001,25.0,0.75,0.001,10,0.2,True,434,0.22778350801060074,0.021488218029078684
A,1.2,W10,001,25.0,0.8,0.0005,6,0.1,True,426,0.1988283960442794,0.022423495685583668
A,1.2,W10,001,25.0,0.8,0.0005,6,0.2,True,430,0.2117425175873857,0.022004756880433934
A,1.2,W10,001,25.0,0.8,0.0005,8,0.1,True,426,0.1988283960442794,0.022423495685583668
A,1.2,W10,001,25.0,0.8,0.0005,8,0.2,True,430,0.2117425175873857,0.022004756880433934
A,1.2,W10,001,25.0,0.8,0.0005,10,0.1,True,426,0.1988283960442794,0.022423495685583668
A,1.2,W10,001,25.0,0.8,0.0005,10,0.2,True,430,0.2117425175873857,0.022004756880433934
A,1.2,W10,001,25.0,0.8,0.001,6,0.1,True,430,0.2117425175873857,0.022004756880433934
A,1.2,W10,001,25.0,0.8,0.001,6,0.2,True,434,0.22778350801060074,0.021488218029078684
A,1.2,W10,001,25.0,0.8,0.001,8,0.1,True,430,0.2117425175873857,0.022004756880433934
A,1.2,W10,001,25.0,0.8,0.001,8,0.2,True,434,0.22778350801060074,0.021488218029078684
A,1.2,W10,001,25.0,0.8,0.001,10,0.1,True,430,0.2117425175873857,0.022004756880433934
A,1.2,W10,001,25.0,0.8,0.001,10,0.2,True,434,0.22778350801060074,0.021488218029078684
A,1.2,W10,002,15.0,0.7,0.0005,6,0.1,True,440,0.2013786560610721,0.02156640883339079
A,1.2,W10,002,15.0,0.7,0.0005,6,0.2,True,442,0.2082301962532495,0.02134716579396474
A,1.2,W10,002,15.0,0.7,0.0005,8,0.1,True,440,0.2013786560610721,0.02156640883339079
A,1.2,W10,002,15.0,0.7,0.0005,8,0.2,True,442,0.2082301962532495,0.02134716579396474
A,1.2,W10,002,15.0,0.7,0.0005,10,0.1,True,440,0.2013786560610721,0.02156640883339079
A,1.2,W10,002,15.0,0.7,0.0005,10,0.2,True,442,0.2082301962532495,0.02134716579396474
A,1.2,W10,002,15.0,0.7,0.001,6,0.1,True,444,0.21713235111613022,0.02096621564736492
A,1.2,W10,002,15.0,0.7,0.001,6,0.2,True,446,0.22683715879132874,0.02072198345865074
A,1.2,W10,002,15.0,0.7,0.001,8,0.1,True,444,0.21713235111613022,0.02096621564736492
A,1.2,W10,002,15.0,0.7,0.001,8,0.2,True,446,0.22683715879132874,0.02072198345865074
A,1.2,W10,002,15.0,0.7,0.001,10,0.1,True,444,0.21713235111613022,0.02096621564736492
A,1.2,W10,002,15.0,0.7,0.001,10,0.2,True,446,0.22683715879132874,0.02072198345865074
A,1.2,W10,002,15.0,0.75,0.0005,6,0.1,True,370,0.16255596123243632,0.021972426458408956
A,1.2,W10,002,15.0,0.75,0.0005,6,0.2,True,446,0.22683715879132874,0.02072198345865074
A,1.2,W10,002,15.0,0.75,0.0005,8,0.1,True,370,0.16255596123243632,0.021972426458408956
A,1.2,W10,002,15.0,0.75,0.0005,8,0.2,True,446,0.22683715879132874,0.02072198345865074
A,1.2,W10,002,15.0,0.75,0.0005,10,0.1,True,445,0.2218511663377285,0.02084151841700077
A,1.2,W10,002,15.0,0.75,0.0005,10,0.2,True,446,0.22683715879132874,0.02072198345865074
A,1.2,W10,002,15.0,0.75,0.001,6,0.1,True,445,0.2218511663377285,0.02084151841700077
A,1.2,W10,002,15.0,0.75,0.001,6,0.2,True,447,0.23189365040314824,0.020539290320716407
A,1.2,W10,002,15.0,0.75,0.001,8,0.1,True,445,0.2218511663377285,0.02084151841700077
A,1.2,W10,002,15.0,0.75,0.001,8,0.2,True,447,0.23189365040314824,0.020539290320716407
A,1.2,W10,002,15.0,0.75,0.001,10,0.1,True,445,0.2218511663377285,0.02084151841700077
A,1.2,W10,002,15.0,0.75,0.001,10,0.2,True,447,0.23189365040314824,0.020539290320716407
A,1.2,W10,002,15.0,0.8,0.0005,6,0.1,True,444,0.21713235111613022,0.02096621564736492
A,1.2,W10,002,15.0,0.8,0.0005,6,0.2,True,446,0.22683715879132874,0.02072198345865074
A,1.2,W10,002,15.0,0.8,0.0005,8,0.1,True,444,0.21713235111613022,0.02096621564736492
A,1.2,W10,002,15.0,0.8,0.0005,8,0.2,True,446,0.22683715879132874,0.02072198345865074
A,1.2,W10,002,15.0,0.8,0.0005,10,0.1,True,444,0.21713235111613022,0.02096621564736492
A,1.2,W10,002,15.0,0.8,0.0005,10,0.2,True,446,0.22683715879132874,0.02072198345865074
A,1.2,W10,002,15.0,0.8,0.001,6,0.1,True,445,0.2218511663377285,0.02084151841700077
A,1.2,W10,002,15.0,0.8,0.001,6,0.2,True,447,0.23189365040314824,0.020539290320716407
A,1.2,W10,002,15.0,0.8,0.001,8,0.1,True,445,0.2218511663377285,0.02084151841700077
A,1.2,W10,002,15.0,0.8,0.001,8,0.2,True,447,0.23189365040314824,0.020539290320716407
A,1.2,W10,002,15.0,0.8,0.001,10,0.1,True,445,0.2218511663377285,0.02084151841700077
A,1.2,W10,002,15.0,0.8,0.001,10,0.2,True,447,0.23189365040314824,0.020539290320716407
A,1.2,W10,002,20.0,0.7,0.0005,6,0.1,True,440,0.2013786560610721,0.02156640883339079
A,1.2,W10,002,20.0,0.7,0.0005,6,0.2,True,442,0.2082301962532495,0.02134716579396474
A,1.2,W10,002,20.0,0.7,0.0005,8,0.1,True,440,0.2013786560610721,0.02156640883339079
A,1.2,W10,002,20.0,0.7,0.0005,8,0.2,True,442,0.2082301962532495,0.02134716579396474
A,1.2,W10,002,20.0,0.7,0.0005,10,0.1,True,440,0.2013786560610721,0.02156640883339079
A,1.2,W10,002,20.0,0.7,0.0005,10,0.2,True,442,0.2082301962532495,0.02134716579396474
A,1.2,W10,002,20.0,0.7,0.001,6,0.1,True,443,0.21244533752140246,0.02116865919608819
A,1.2,W10,002,20.0,0.7,0.001,6,0.2,True,446,0.22683715879132874,0.02072198345865074
A,1.2,W10,002,20.0,0.7,0.001,8,0.1,True,443,0.21244533752140246,0.02116865919608819
A,1.2,W10,002,20.0,0.7,0.001,8,0.2,True,446,0.22683715879132874,0.02072198345865074
A,1.2,W10,002,20.0,0.7,0.001,10,0.1,True,443,0.21244533752140246,0.02116865919608819
A,1.2,W10,002,20.0,0.7,0.001,10,0.2,True,446,0.22683715879132874,0.02072198345865074
A,1.2,W10,002,20.0,0.75,0.0005,6,0.1,True,441,0.20448871701955795,0.021441400247184855
A,1.2,W10,002,20.0,0.75,0.0005,6,0.2,True,443,0.21244533752140246,0.02116865919608819
A,1.2,W10,002,20.0,0.75,0.0005,8,0.1,True,441,0.20448871701955795,0.021441400247184855
A,1.2,W10,002,20.0,0.75,0.0005,8,0.2,True,443,0.21244533752140246,0.02116865919608819
A,1.2,W10,002,20.0,0.75,0.0005,10,0.1,True,441,0.20448871701955795,0.021441400247184855
A,1.2,W10,002,20.0,0.75,0.0005,10,0.2,True,443,0.21244533752140246,0.02116865919608819
A,1.2,W10,002,20.0,0.75,0.001,6,0.1,True,443,0.21244533752140246,0.02116865919608819
A,1.2,W10,002,20.0,0.75,0.001,6,0.2,True,446,0.22683715879132874,0.02072198345865074
A,1.2,W10,002,20.0,0.75,0.001,8,0.1,True,443,0.21244533752140246,0.02116865919608819
A,1.2,W10,002,20.0,0.75,0.001,8,0.2,True,446,0.22683715879132874,0.02072198345865074
A,1.2,W10,002,20.0,0.75,0.001,10,0.1,True,443,0.21244533752140246,0.02116865919608819
A,1.2,W10,002,20.0,0.75,0.001,10,0.2,True,446,0.22683715879132874,0.02072198345865074
A,1.2,W10,002,20.0,0.8,0.0005,6,0.1,True,441,0.20448871701955795,0.021441400247184855
A,1.2,W10,002,20.0,0.8,0.0005,6,0.2,True,443,0.21244533752140246,0.02116865919608819
A,1.2,W10,002,20.0,0.8,0.0005,8,0.1,True,441,0.20448871701955795,0.021441400247184855
A,1.2,W10,002,20.0,0.8,0.0005,8,0.2,True,443,0.21244533752140246,0.02116865919608819
A,1.2,W10,002,20.0,0.8,0.0005,10,0.1,True,441,0.20448871701955795,0.021441400247184855
A,1.2,W10,002,20.0,0.8,0.0005,10,0.2,True,443,0.21244533752140246,0.02116865919608819
A,1.2,W10,002,20.0,0.8,0.001,6,0.1,True,443,0.21244533752140246,0.02116865919608819
A,1.2,W10,002,20.0,0.8,0.001,6,0.2,True,446,0.22683715879132874,0.02072198345865074
A,1.2,W10,002,20.0,0.8,0.001,8,0.1,True,443,0.21244533752140246,0.02116865919608819
A,1.2,W10,002,20.0,0.8,0.001,8,0.2,True,446,0.22683715879132874,0.02072198345865074
A,1.2,W10,002,20.0,0.8,0.001,10,0.1,True,443,0.21244533752140246,0.02116865919608819
A,1.2,W10,002,20.0,0.8,0.001,10,0.2,True,446,0.22683715879132874,0.02072198345865074
A,1.2,W10,002,25.0,0.7,0.0005,6,0.1,True,440,0.2013786560610721,0.02156640883339079
A,1.2,W10,002,25.0,0.7,0.0005,6,0.2,True,443,0.21244533752140246,0.02116865919608819
A,1.2,W10,002,25.0,0.7,0.0005,8,0.1,True,440,0.2013786560610721,0.02156640883339079
A,1.2,W10,002,25.0,0.7,0.0005,8,0.2,True,443,0.21244533752140246,0.02116865919608819
A,1.2,W10,002,25.0,0.7,0.0005,10,0.1,True,440,0.2013786560610721,0.02156640883339079
A,1.2,W10,002,25.0,0.7,0.0005,10,0.2,True,443,0.21244533752140246,0.02116865919608819
A,1.2,W10,002,25.0,0.7,0.001,6,0.1,True,443,0.21244533752140246,0.02116865919608819
A,1.2,W10,002,25.0,0.7,0.001,6,0.2,True,446,0.22683715879132874,0.02072198345865074
A,1.2,W10,002,25.0,0.7,0.001,8,0.1,True,443,0.21244533752140246,0.02116865919608819
A,1.2,W10,002,25.0,0.7,0.001,8,0.2,True,446,0.22683715879132874,0.02072198345865074
A,1.2,W10,002,25.0,0.7,0.001,10,0.1,True,443,0.21244533752140246,0.02116865919608819
A,1.2,W10,002,25.0,0.7,0.001,10,0.2,True,446,0.22683715879132874,0.02072198345865074
A,1.2,W10,002,25.0,0.75,0.0005,6,0.1,True,440,0.2013786560610721,0.02156640883339079
A,1.2,W10,002,25.0,0.75,0.0005,6,0.2,True,443,0.21244533752140246,0.02116865919608819
A,1.2,W10,002,25.0,0.75,0.0005,8,0.1,True,440,0.2013786560610721,0.02156640883339079
A,1.2,W10,002,25.0,0.75,0.0005,8,0.2,True,443,0.21244533752140246,0.02116865919608819
A,1.2,W10,002,25.0,0.75,0.0005,10,0.1,True,440,0.2013786560610721,0.02156640883339079
A,1.2,W10,002,25.0,0.75,0.0005,10,0.2,True,443,0.21244533752140246,0.02116865919608819
A,1.2,W10,002,25.0,0.75,0.001,6,0.1,True,443,0.21244533752140246,0.02116865919608819
A,1.2,W10,002,25.0,0.75,0.001,6,0.2,True,446,0.22683715879132874,0.02072198345865074
A,1.2,W10,002,25.0,0.75,0.001,8,0.1,True,443,0.21244533752140246,0.02116865919608819
A,1.2,W10,002,25.0,0.75,0.001,8,0.2,True,446,0.22683715879132874,0.02072198345865074
A,1.2,W10,002,25.0,0.75,0.001,10,0.1,True,443,0.21244533752140246,0.02116865919608819
A,1.2,W10,002,25.0,0.75,0.001,10,0.2,True,446,0.22683715879132874,0.02072198345865074
A,1.2,W10,002,25.0,0.8,0.0005,6,0.1,True,440,0.2013786560610721,0.02156640883339079
A,1.2,W10,002,25.0,0.8,0.0005,6,0.2,True,443,0.21244533752140246,0.02116865919608819
A,1.2,W10,002,25.0,0.8,0.0005,8,0.1,True,440,0.2013786560610721,0.02156640883339079
A,1.2,W10,002,25.0,0.8,0.0005,8,0.2,True,443,0.21244533752140246,0.02116865919608819
A,1.2,W10,002,25.0,0.8,0.0005,10,0.1,True,440,0.2013786560610721,0.02156640883339079
A,1.2,W10,002,25.0,0.8,0.0005,10,0.2,True,443,0.21244533752140246,0.02116865919608819
A,1.2,W10,002,25.0,0.8,0.001,6,0.1,True,443,0.21244533752140246,0.02116865919608819
A,1.2,W10,002,25.0,0.8,0.001,6,0.2,True,447,0.23189365040314824,0.020539290320716407
A,1.2,W10,002,25.0,0.8,0.001,8,0.1,True,443,0.21244533752140246,0.02116865919608819
A,1.2,W10,002,25.0,0.8,0.001,8,0.2,True,447,0.23189365040314824,0.020539290320716407
A,1.2,W10,002,25.0,0.8,0.001,10,0.1,True,443,0.21244533752140246,0.02116865919608819
A,1.2,W10,002,25.0,0.8,0.001,10,0.2,True,447,0.23189365040314824,0.020539290320716407
A,1.2,W12,001,15.0,0.7,0.0005,6,0.1,True,542,0.1632187519418566,0.04374871525521341
A,1.2,W12,001,15.0,0.7,0.0005,6,0.2,True,544,0.16864787002927378,0.04361279676423261
A,1.2,W12,001,15.0,0.7,0.0005,8,0.1,True,542,0.1632187519418566,0.04374871525521341
A,1.2,W12,001,15.0,0.7,0.0005,8,0.2,True,544,0.16864787002927378,0.04361279676423261
A,1.2,W12,001,15.0,0.7,0.0005,10,0.1,True,542,0.1632187519418566,0.04374871525521341
A,1.2,W12,001,15.0,0.7,0.0005,10,0.2,True,544,0.16864787002927378,0.04361279676423261
A,1.2,W12,001,15.0,0.7,0.001,6,0.1,True,551,0.19483671337366104,0.043023292661497466
A,1.2,W12,001,15.0,0.7,0.001,6,0.2,True,554,0.209881988991248,0.04256395574070906
A,1.2,W12,001,15.0,0.7,0.001,8,0.1,True,551,0.19483671337366104,0.043023292661497466
A,1.2,W12,001,15.0,0.7,0.001,8,0.2,True,554,0.209881988991248,0.04256395574070906
A,1.2,W12,001,15.0,0.7,0.001,10,0.1,True,551,0.19483671337366104,0.043023292661497466
A,1.2,W12,001,15.0,0.7,0.001,10,0.2,True,554,0.209881988991248,0.04256395574070906
A,1.2,W12,001,15.0,0.75,0.0005,6,0.1,True,545,0.17203794047236443,0.04357957565470746
A,1.2,W12,001,15.0,0.75,0.0005,6,0.2,True,547,0.17898926589834063,0.04338569605821058
A,1.2,W12,001,15.0,0.75,0.0005,8,0.1,True,545,0.17203794047236443,0.04357957565470746
A,1.2,W12,001,15.0,0.75,0.0005,8,0.2,True,547,0.17898926589834063,0.04338569605821058
A,1.2,W12,001,15.0,0.75,0.0005,10,0.1,True,545,0.17203794047236443,0.04357957565470746
A,1.2,W12,001,15.0,0.75,0.0005,10,0.2,True,547,0.17898926589834063,0.04338569605821058
A,1.2,W12,001,15.0,0.75,0.001,6,0.1,True,553,0.20413606829549136,0.04271369917612327
A,1.2,W12,001,15.0,0.75,0.001,6,0.2,True,555,0.21593298880677475,0.04243640180088972
A,1.2,W12,001,15.0,0.75,0.001,8,0.1,True,553,0.20413606829549136,0.04271369917612327
A,1.2,W12,001,15.0,0.75,0.001,8,0.2,True,555,0.21593298880677475,0.04243640180088972
A,1.2,W12,001,15.0,0.75,0.001,10,0.1,True,553,0.20413606829549136,0.04271369917612327
A,1.2,W12,001,15.0,0.75,0.001,10,0.2,True,555,0.21593298880677475,0.04243640180088972
A,1.2,W12,001,15.0,0.8,0.0005,6,0.1,True,546,0.1755177304148674,0.04350813635085758
A,1.2,W12,001,15.0,0.8,0.0005,6,0.2,True,548,0.18278755620121956,0.04336202066195639
A,1.2,W12,001,15.0,0.8,0.0005,8,0.1,True,546,0.1755177304148674,0.04350813635085758
A,1.2,W12,001,15.0,0.8,0.0005,8,0.2,True,548,0.18278755620121956,0.04336202066195639
A,1.2,W12,001,15.0,0.8,0.0005,10,0.1,True,546,0.1755177304148674,0.04350813635085758
A,1.2,W12,001,15.0,0.8,0.0005,10,0.2,True,548,0.18278755620121956,0.04336202066195639
A,1.2,W12,001,15.0,0.8,0.001,6,0.1,True,555,0.21593298880677475,0.04243640180088972
A,1.2,W12,001,15.0,0.8,0.001,6,0.2,True,556,0.22311226572645337,0.042314313352108
A,1.2,W12,001,15.0,0.8,0.001,8,0.1,True,555,0.21593298880677475,0.04243640180088972
A,1.2,W12,001,15.0,0.8,0.001,8,0.2,True,556,0.22311226572645337,0.042314313352108
A,1.2,W12,001,15.0,0.8,0.001,10,0.1,True,555,0.21593298880677475,0.04243640180088972
A,1.2,W12,001,15.0,0.8,0.001,10,0.2,True,556,0.22311226572645337,0.042314313352108
A,1.2,W12,001,20.0,0.7,0.0005,6,0.1,True,549,0.18677870282217077,0.04330462344775075
A,1.2,W12,001,20.0,0.7,0.0005,6,0.2,True,551,0.19483671337366104,0.043023292661497466
A,1.2,W12,001,20.0,0.7,0.0005,8,0.1,True,549,0.18677870282217077,0.04330462344775075
A,1.2,W12,001,20.0,0.7,0.0005,8,0.2,True,551,0.19483671337366104,0.043023292661497466
A,1.2,W12,001,20.0,0.7,0.0005,10,0.1,True,549,0.18677870282217077,0.04330462344775075
A,1.2,W12,001,20.0,0.7,0.0005,10,0.2,True,551,0.19483671337366104,0.043023292661497466
A,1.2,W12,001,20.0,0.7,0.001,6,0.1,True,559,0.24841227617702985,0.041825750646622556
A,1.2,W12,001,20.0,0.7,0.001,6,0.2,False,,,
A,1.2,W12,001,20.0,0.7,0.001,8,0.1,False,,,
A,1.2,W12,001,20.0,0.7,0.001,8,0.2,False,,,
A,1.2,W12,001,20.0,0.7,0.001,10,0.1,False,,,
A,1.2,W12,001,20.0,0.7,0.001,10,0.2,False,,,
A,1.2,W12,001,20.0,0.75,0.0005,6,0.1,True,551,0.19483671337366104,0.043023292661497466
A,1.2,W12,001,20.0,0.75,0.0005,6,0.2,True,554,0.209881988991248,0.04256395574070906
A,1.2,W12,001,20.0,0.75,0.0005,8,0.1,True,551,0.19483671337366104,0.043023292661497466
A,1.2,W12,001,20.0,0.75,0.0005,8,0.2,True,554,0.209881988991248,0.04256395574070906
A,1.2,W12,001,20.0,0.75,0.0005,10,0.1,True,551,0.19483671337366104,0.043023292661497466
A,1.2,W12,001,20.0,0.75,0.0005,10,0.2,True,554,0.209881988991248,0.04256395574070906
A,1.2,W12,001,20.0,0.75,0.001,6,0.1,True,560,0.2572149140270133,0.04164133348355168
A,1.2,W12,001,20.0,0.75,0.001,6,0.2,False,,,
A,1.2,W12,001,20.0,0.75,0.001,8,0.1,False,,,
A,1.2,W12,001,20.0,0.75,0.001,8,0.2,False,,,
A,1.2,W12,001,20.0,0.75,0.001,10,0.1,False,,,
A,1.2,W12,001,20.0,0.75,0.001,10,0.2,False,,,
A,1.2,W12,001,20.0,0.8,0.0005,6,0.1,True,552,0.19904909792699313,0.04287926891916677
A,1.2,W12,001,20.0,0.8,0.0005,6,0.2,True,555,0.21593298880677475,0.04243640180088972
A,1.2,W12,001,20.0,0.8,0.0005,8,0.1,True,552,0.19904909792699313,0.04287926891916677
A,1.2,W12,001,20.0,0.8,0.0005,8,0.2,True,555,0.21593298880677475,0.04243640180088972
A,1.2,W12,001,20.0,0.8,0.0005,10,0.1,True,552,0.19904909792699313,0.04287926891916677
A,1.2,W12,001,20.0,0.8,0.0005,10,0.2,True,555,0.21593298880677475,0.04243640180088972
A,1.2,W12,001,20.0,0.8,0.001,6,0.1,False,,,
A,1.2,W12,001,20.0,0.8,0.001,6,0.2,False,,,
A,1.2,W12,001,20.0,0.8,0.001,8,0.1,False,,,
A,1.2,W12,001,20.0,0.8,0.001,8,0.2,False,,,
A,1.2,W12,001,20.0,0.8,0.001,10,0.1,False,,,
A,1.2,W12,001,20.0,0.8,0.001,10,0.2,False,,,
A,1.2,W12,001,25.0,0.7,0.0005,6,0.1,True,554,0.209881988991248,0.04256395574070906
A,1.2,W12,001,25.0,0.7,0.0005,6,0.2,True,556,0.22311226572645337,0.042314313352108
A,1.2,W12,001,25.0,0.7,0.0005,8,0.1,True,554,0.209881988991248,0.04256395574070906
A,1.2,W12,001,25.0,0.7,0.0005,8,0.2,True,556,0.22311226572645337,0.042314313352108
A,1.2,W12,001,25.0,0.7,0.0005,10,0.1,True,554,0.209881988991248,0.04256395574070906
A,1.2,W12,001,25.0,0.7,0.0005,10,0.2,True,556,0.22311226572645337,0.042314313352108
A,1.2,W12,001,25.0,0.7,0.001,6,0.1,False,,,
A,1.2,W12,001,25.0,0.7,0.001,6,0.2,False,,,
A,1.2,W12,001,25.0,0.7,0.001,8,0.1,False,,,
A,1.2,W12,001,25.0,0.7,0.001,8,0.2,False,,,
A,1.2,W12,001,25.0,0.7,0.001,10,0.1,False,,,
A,1.2,W12,001,25.0,0.7,0.001,10,0.2,False,,,
A,1.2,W12,001,25.0,0.75,0.0005,6,0.1,True,557,0.23116320508875346,0.042135072087771015
A,1.2,W12,001,25.0,0.75,0.0005,6,0.2,True,558,0.23961081767552778,0.041970801294634215
A,1.2,W12,001,25.0,0.75,0.0005,8,0.1,True,557,0.23116320508875346,0.042135072087771015
A,1.2,W12,001,25.0,0.75,0.0005,8,0.2,True,558,0.23961081767552778,0.041970801294634215
A,1.2,W12,001,25.0,0.75,0.0005,10,0.1,False,,,
A,1.2,W12,001,25.0,0.75,0.0005,10,0.2,False,,,
A,1.2,W12,001,25.0,0.75,0.001,6,0.1,False,,,
A,1.2,W12,001,25.0,0.75,0.001,6,0.2,False,,,
A,1.2,W12,001,25.0,0.75,0.001,8,0.1,False,,,
A,1.2,W12,001,25.0,0.75,0.001,8,0.2,False,,,
A,1.2,W12,001,25.0,0.75,0.001,10,0.1,False,,,
A,1.2,W12,001,25.0,0.75,0.001,10,0.2,False,,,
A,1.2,W12,001,25.0,0.8,0.0005,6,0.1,True,557,0.23116320508875346,0.042135072087771015
A,1.2,W12,001,25.0,0.8,0.0005,6,0.2,True,558,0.23961081767552778,0.041970801294634215
A,1.2,W12,001,25.0,0.8,0.0005,8,0.1,True,557,0.23116320508875346,0.042135072087771015
A,1.2,W12,001,25.0,0.8,0.0005,8,0.2,True,558,0.23961081767552778,0.041970801294634215
A,1.2,W12,001,25.0,0.8,0.0005,10,0.1,False,,,
A,1.2,W12,001,25.0,0.8,0.0005,10,0.2,False,,,
A,1.2,W12,001,25.0,0.8,0.001,6,0.1,False,,,
A,1.2,W12,001,25.0,0.8,0.001,6,0.2,False,,,
A,1.2,W12,001,25.0,0.8,0.001,8,0.1,False,,,
A,1.2,W12,001,25.0,0.8,0.001,8,0.2,False,,,
A,1.2,W12,001,25.0,0.8,0.001,10,0.1,False,,,
A,1.2,W12,001,25.0,0.8,0.001,10,0.2,False,,,
A,1.2,W12,002,15.0,0.7,0.0005,6,0.1,True,471,0.19974515155742043,0.042968573832982464
A,1.2,W12,002,15.0,0.7,0.0005,6,0.2,True,473,0.20959581591581045,0.04268840396482693
A,1.2,W12,002,15.0,0.7,0.0005,8,0.1,True,471,0.19974515155742043,0.042968573832982464
A,1.2,W12,002,15.0,0.7,0.0005,8,0.2,True,473,0.20959581591581045,0.04268840396482693
A,1.2,W12,002,15.0,0.7,0.0005,10,0.1,True,471,0.19974515155742043,0.042968573832982464
A,1.2,W12,002,15.0,0.7,0.0005,10,0.2,True,473,0.20959581591581045,0.04268840396482693
A,1.2,W12,002,15.0,0.7,0.001,6,0.1,True,474,0.21501806201903442,0.04256622816779112
A,1.2,W12,002,15.0,0.7,0.001,6,0.2,True,476,0.22614353601085513,0.042194130095212085
A,1.2,W12,002,15.0,0.7,0.001,8,0.1,True,474,0.21501806201903442,0.04256622816779112
A,1.2,W12,002,15.0,0.7,0.001,8,0.2,True,476,0.22614353601085513,0.042194130095212085
A,1.2,W12,002,15.0,0.7,0.001,10,0.1,True,474,0.21501806201903442,0.04256622816779112
A,1.2,W12,002,15.0,0.7,0.001,10,0.2,True,476,0.22614353601085513,0.042194130095212085
A,1.2,W12,002,15.0,0.75,0.0005,6,0.1,True,471,0.19974515155742043,0.042968573832982464
A,1.2,W12,002,15.0,0.75,0.0005,6,0.2,True,473,0.20959581591581045,0.04268840396482693
A,1.2,W12,002,15.0,0.75,0.0005,8,0.1,True,471,0.19974515155742043,0.042968573832982464
A,1.2,W12,002,15.0,0.75,0.0005,8,0.2,True,473,0.20959581591581045,0.04268840396482693
A,1.2,W12,002,15.0,0.75,0.0005,10,0.1,True,471,0.19974515155742043,0.042968573832982464
A,1.2,W12,002,15.0,0.75,0.0005,10,0.2,True,473,0.20959581591581045,0.04268840396482693
A,1.2,W12,002,15.0,0.75,0.001,6,0.1,True,474,0.21501806201903442,0.04256622816779112
A,1.2,W12,002,15.0,0.75,0.001,6,0.2,True,476,0.22614353601085513,0.042194130095212085
A,1.2,W12,002,15.0,0.75,0.001,8,0.1,True,474,0.21501806201903442,0.04256622816779112
A,1.2,W12,002,15.0,0.75,0.001,8,0.2,True,476,0.22614353601085513,0.042194130095212085
A,1.2,W12,002,15.0,0.75,0.001,10,0.1,True,474,0.21501806201903442,0.04256622816779112
A,1.2,W12,002,15.0,0.75,0.001,10,0.2,True,476,0.22614353601085513,0.042194130095212085
A,1.2,W12,002,15.0,0.8,0.0005,6,0.1,True,470,0.195351661231957,0.0430853626641788
A,1.2,W12,002,15.0,0.8,0.0005,6,0.2,True,471,0.19974515155742043,0.042968573832982464
A,1.2,W12,002,15.0,0.8,0.0005,8,0.1,True,470,0.195351661231957,0.0430853626641788
A,1.2,W12,002,15.0,0.8,0.0005,8,0.2,True,471,0.19974515155742043,0.042968573832982464
A,1.2,W12,002,15.0,0.8,0.0005,10,0.1,True,470,0.195351661231957,0.0430853626641788
A,1.2,W12,002,15.0,0.8,0.0005,10,0.2,True,471,0.19974515155742043,0.042968573832982464
A,1.2,W12,002,15.0,0.8,0.001,6,0.1,True,473,0.20959581591581045,0.04268840396482693
A,1.2,W12,002,15.0,0.8,0.001,6,0.2,True,475,0.2203698307275772,0.04237037083428157
A,1.2,W12,002,15.0,0.8,0.001,8,0.1,True,473,0.20959581591581045,0.04268840396482693
A,1.2,W12,002,15.0,0.8,0.001,8,0.2,True,475,0.2203698307275772,0.04237037083428157
A,1.2,W12,002,15.0,0.8,0.001,10,0.1,True,473,0.20959581591581045,0.04268840396482693
A,1.2,W12,002,15.0,0.8,0.001,10,0.2,True,475,0.2203698307275772,0.04237037083428157
A,1.2,W12,002,20.0,0.7,0.0005,6,0.1,True,472,0.2045117646063629,0.04285492797039057
A,1.2,W12,002,20.0,0.7,0.0005,6,0.2,True,474,0.21501806201903442,0.04256622816779112
A,1.2,W12,002,20.0,0.7,0.0005,8,0.1,True,472,0.2045117646063629,0.04285492797039057
A,1.2,W12,002,20.0,0.7,0.0005,8,0.2,True,474,0.21501806201903442,0.04256622816779112
A,1.2,W12,002,20.0,0.7,0.0005,10,0.1,True,472,0.2045117646063629,0.04285492797039057
A,1.2,W12,002,20.0,0.7,0.0005,10,0.2,True,474,0.21501806201903442,0.04256622816779112
A,1.2,W12,002,20.0,0.7,0.001,6,0.1,True,475,0.2203698307275772,0.04237037083428157
A,1.2,W12,002,20.0,0.7,0.001,6,0.2,True,480,0.2597216732407871,0.041655630461479486
A,1.2,W12,002,20.0,0.7,0.001,8,0.1,True,475,0.2203698307275772,0.04237037083428157
A,1.2,W12,002,20.0,0.7,0.001,8,0.2,False,,,
A,1.2,W12,002,20.0,0.7,0.001,10,0.1,True,475,0.2203698307275772,0.04237037083428157
A,1.2,W12,002,20.0,0.7,0.001,10,0.2,False,,,
A,1.2,W12,002,20.0,0.75,0.0005,6,0.1,True,473,0.20959581591581045,0.04268840396482693
A,1.2,W12,002,20.0,0.75,0.0005,6,0.2,True,474,0.21501806201903442,0.04256622816779112
A,1.2,W12,002,20.0,0.75,0.0005,8,0.1,True,473,0.20959581591581045,0.04268840396482693
A,1.2,W12,002,20.0,0.75,0.0005,8,0.2,True,474,0.21501806201903442,0.04256622816779112
A,1.2,W12,002,20.0,0.75,0.0005,10,0.1,True,473,0.20959581591581045,0.04268840396482693
A,1.2,W12,002,20.0,0.75,0.0005,10,0.2,True,474,0.21501806201903442,0.04256622816779112
A,1.2,W12,002,20.0,0.75,0.001,6,0.1,True,475,0.2203698307275772,0.04237037083428157
A,1.2,W12,002,20.0,0.75,0.001,6,0.2,True,480,0.2597216732407871,0.041655630461479486
A,1.2,W12,002,20.0,0.75,0.001,8,0.1,True,475,0.2203698307275772,0.04237037083428157
A,1.2,W12,002,20.0,0.75,0.001,8,0.2,False,,,
A,1.2,W12,002,20.0,0.75,0.001,10,0.1,True,475,0.2203698307275772,0.04237037083428157
A,1.2,W12,002,20.0,0.75,0.001,10,0.2,False,,,
A,1.2,W12,002,20.0,0.8,0.0005,6,0.1,True,471,0.19974515155742043,0.042968573832982464
A,1.2,W12,002,20.0,0.8,0.0005,6,0.2,True,473,0.20959581591581045,0.04268840396482693
A,1.2,W12,002,20.0,0.8,0.0005,8,0.1,True,471,0.19974515155742043,0.042968573832982464
A,1.2,W12,002,20.0,0.8,0.0005,8,0.2,True,473,0.20959581591581045,0.04268840396482693
A,1.2,W12,002,20.0,0.8,0.0005,10,0.1,True,471,0.19974515155742043,0.042968573832982464
A,1.2,W12,002,20.0,0.8,0.0005,10,0.2,True,473,0.20959581591581045,0.04268840396482693
A,1.2,W12,002,20.0,0.8,0.001,6,0.1,True,474,0.21501806201903442,0.04256622816779112
A,1.2,W12,002,20.0,0.8,0.001,6,0.2,True,480,0.2597216732407871,0.041655630461479486
A,1.2,W12,002,20.0,0.8,0.001,8,0.1,True,474,0.21501806201903442,0.04256622816779112
A,1.2,W12,002,20.0,0.8,0.001,8,0.2,False,,,
A,1.2,W12,002,20.0,0.8,0.001,10,0.1,True,474,0.21501806201903442,0.04256622816779112
A,1.2,W12,002,20.0,0.8,0.001,10,0.2,False,,,
A,1.2,W12,002,25.0,0.7,0.0005,6,0.1,True,473,0.20959581591581045,0.04268840396482693
A,1.2,W12,002,25.0,0.7,0.0005,6,0.2,True,475,0.2203698307275772,0.04237037083428157
A,1.2,W12,002,25.0,0.7,0.0005,8,0.1,True,473,0.20959581591581045,0.04268840396482693
A,1.2,W12,002,25.0,0.7,0.0005,8,0.2,True,475,0.2203698307275772,0.04237037083428157
A,1.2,W12,002,25.0,0.7,0.0005,10,0.1,True,473,0.20959581591581045,0.04268840396482693
A,1.2,W12,002,25.0,0.7,0.0005,10,0.2,True,475,0.2203698307275772,0.04237037083428157
A,1.2,W12,002,25.0,0.7,0.001,6,0.1,True,476,0.22614353601085513,0.042194130095212085
A,1.2,W12,002,25.0,0.7,0.001,6,0.2,False,,,
A,1.2,W12,002,25.0,0.7,0.001,8,0.1,True,476,0.22614353601085513,0.042194130095212085
A,1.2,W12,002,25.0,0.7,0.001,8,0.2,False,,,
A,1.2,W12,002,25.0,0.7,0.001,10,0.1,True,476,0.22614353601085513,0.042194130095212085
A,1.2,W12,002,25.0,0.7,0.001,10,0.2,False,,,
A,1.2,W12,002,25.0,0.75,0.0005,6,0.1,True,473,0.20959581591581045,0.04268840396482693
A,1.2,W12,002,25.0,0.75,0.0005,6,0.2,True,475,0.2203698307275772,0.04237037083428157
A,1.2,W12,002,25.0,0.75,0.0005,8,0.1,True,473,0.20959581591581045,0.04268840396482693
A,1.2,W12,002,25.0,0.75,0.0005,8,0.2,True,475,0.2203698307275772,0.04237037083428157
A,1.2,W12,002,25.0,0.75,0.0005,10,0.1,True,473,0.20959581591581045,0.04268840396482693
A,1.2,W12,002,25.0,0.75,0.0005,10,0.2,True,475,0.2203698307275772,0.04237037083428157
A,1.2,W12,002,25.0,0.75,0.001,6,0.1,True,476,0.22614353601085513,0.042194130095212085
A,1.2,W12,002,25.0,0.75,0.001,6,0.2,False,,,
A,1.2,W12,002,25.0,0.75,0.001,8,0.1,True,476,0.22614353601085513,0.042194130095212085
A,1.2,W12,002,25.0,0.75,0.001,8,0.2,False,,,
A,1.2,W12,002,25.0,0.75,0.001,10,0.1,True,476,0.22614353601085513,0.042194130095212085
A,1.2,W12,002,25.0,0.75,0.001,10,0.2,False,,,
A,1.2,W12,002,25.0,0.8,0.0005,6,0.1,True,471,0.19974515155742043,0.042968573832982464
A,1.2,W12,002,25.0,0.8,0.0005,6,0.2,True,474,0.21501806201903442,0.04256622816779112
A,1.2,W12,002,25.0,0.8,0.0005,8,0.1,True,471,0.19974515155742043,0.042968573832982464
A,1.2,W12,002,25.0,0.8,0.0005,8,0.2,True,474,0.21501806201903442,0.04256622816779112
A,1.2,W12,002,25.0,0.8,0.0005,10,0.1,True,471,0.19974515155742043,0.042968573832982464
A,1.2,W12,002,25.0,0.8,0.0005,10,0.2,True,474,0.21501806201903442,0.04256622816779112
A,1.2,W12,002,25.0,0.8,0.001,6,0.1,True,475,0.2203698307275772,0.04237037083428157
A,1.2,W12,002,25.0,0.8,0.001,6,0.2,False,,,
A,1.2,W12,002,25.0,0.8,0.001,8,0.1,True,475,0.2203698307275772,0.04237037083428157
A,1.2,W12,002,25.0,0.8,0.001,8,0.2,False,,,
A,1.2,W12,002,25.0,0.8,0.001,10,0.1,True,475,0.2203698307275772,0.04237037083428157
A,1.2,W12,002,25.0,0.8,0.001,10,0.2,False,,,
A,1.2,W20,001,15.0,0.7,0.0005,6,0.1,True,443,0.20529930293560028,0.1909520845664175
A,1.2,W20,001,15.0,0.7,0.0005,6,0.2,True,448,0.21363529543343343,0.19832931125634595
A,1.2,W20,001,15.0,0.7,0.0005,8,0.1,True,587,0.4307058775111249,0.3446045878686403
A,1.2,W20,001,15.0,0.7,0.0005,8,0.2,True,589,0.4337799215787335,0.345583896495794
A,1.2,W20,001,15.0,0.7,0.0005,10,0.1,True,587,0.4307058775111249,0.3446045878686403
A,1.2,W20,001,15.0,0.7,0.0005,10,0.2,True,589,0.4337799215787335,0.345583896495794
A,1.2,W20,001,15.0,0.7,0.001,6,0.1,True,473,0.26128669788962916,0.23893564606183454
A,1.2,W20,001,15.0,0.7,0.001,6,0.2,True,478,0.27218421744672877,0.24785826335612096
A,1.2,W20,001,15.0,0.7,0.001,8,0.1,True,473,0.26128669788962916,0.23893564606183454
A,1.2,W20,001,15.0,0.7,0.001,8,0.2,True,563,0.3996825618179221,0.3321743325183266
A,1.2,W20,001,15.0,0.7,0.001,10,0.1,True,473,0.26128669788962916,0.23893564606183454
A,1.2,W20,001,15.0,0.7,0.001,10,0.2,True,563,0.3996825618179221,0.3321743325183266
A,1.2,W20,001,15.0,0.75,0.0005,6,0.1,True,581,0.4220937372822511,0.34153089868394954
A,1.2,W20,001,15.0,0.75,0.0005,6,0.2,True,587,0.4307058775111249,0.3446045878686403
A,1.2,W20,001,15.0,0.75,0.0005,8,0.1,True,581,0.4220937372822511,0.34153089868394954
A,1.2,W20,001,15.0,0.75,0.0005,8,0.2,True,587,0.4307058775111249,0.3446045878686403
A,1.2,W20,001,15.0,0.75,0.0005,10,0.1,True,581,0.4220937372822511,0.34153089868394954
A,1.2,W20,001,15.0,0.75,0.0005,10,0.2,True,587,0.4307058775111249,0.3446045878686403
A,1.2,W20,001,15.0,0.75,0.001,6,0.1,True,483,0.2836250756916247,0.25703711494019155
A,1.2,W20,001,15.0,0.75,0.001,6,0.2,True,488,0.2956492347936881,0.26654888101314245
A,1.2,W20,001,15.0,0.75,0.001,8,0.1,True,483,0.2836250756916247,0.25703711494019155
A,1.2,W20,001,15.0,0.75,0.001,8,0.2,False,,,
A,1.2,W20,001,15.0,0.75,0.001,10,0.1,False,,,
A,1.2,W20,001,15.0,0.75,0.001,10,0.2,False,,,
A,1.2,W20,001,15.0,0.8,0.0005,6,0.1,False,,,
A,1.2,W20,001,15.0,0.8,0.0005,6,0.2,False,,,
A,1.2,W20,001,15.0,0.8,0.0005,8,0.1,False,,,
A,1.2,W20,001,15.0,0.8,0.0005,8,0.2,False,,,
A,1.2,W20,001,15.0,0.8,0.0005,10,0.1,False,,,
A,1.2,W20,001,15.0,0.8,0.0005,10,0.2,False,,,
A,1.2,W20,001,15.0,0.8,0.001,6,0.1,True,493,0.30849485883587285,0.27634251196133464
A,1.2,W20,001,15.0,0.8,0.001,6,0.2,True,575,0.4141412016592528,0.33844650497562007
A,1.2,W20,001,15.0,0.8,0.001,8,0.1,False,,,
A,1.2,W20,001,15.0,0.8,0.001,8,0.2,False,,,
A,1.2,W20,001,15.0,0.8,0.001,10,0.1,False,,,
A,1.2,W20,001,15.0,0.8,0.001,10,0.2,False,,,
A,1.2,W20,001,20.0,0.7,0.0005,6,0.1,True,453,0.22233178231276965,0.20592683710550008
A,1.2,W20,001,20.0,0.7,0.0005,6,0.2,True,568,0.40550345182418823,0.334784124242632
A,1.2,W20,001,20.0,0.7,0.0005,8,0.1,True,568,0.40550345182418823,0.334784124242632
A,1.2,W20,001,20.0,0.7,0.0005,8,0.2,True,568,0.40550345182418823,0.334784124242632
A,1.2,W20,001,20.0,0.7,0.0005,10,0.1,True,568,0.40550345182418823,0.334784124242632
A,1.2,W20,001,20.0,0.7,0.0005,10,0.2,True,568,0.40550345182418823,0.334784124242632
A,1.2,W20,001,20.0,0.7,0.001,6,0.1,True,488,0.2956492347936881,0.26654888101314245
A,1.2,W20,001,20.0,0.7,0.001,6,0.2,True,493,0.30849485883587285,0.27634251196133464
A,1.2,W20,001,20.0,0.7,0.001,8,0.1,True,488,0.2956492347936881,0.26654888101314245
A,1.2,W20,001,20.0,0.7,0.001,8,0.2,False,,,
A,1.2,W20,001,20.0,0.7,0.001,10,0.1,False,,,
A,1.2,W20,001,20.0,0.7,0.001,10,0.2,False,,,
A,1.2,W20,001,20.0,0.75,0.0005,6,0.1,True,583,0.4249139447745524,0.342584422936565
A,1.2,W20,001,20.0,0.75,0.0005,6,0.2,True,583,0.4249139447745524,0.342584422936565
A,1.2,W20,001,20.0,0.75,0.0005,8,0.1,False,,,
A,1.2,W20,001,20.0,0.75,0.0005,8,0.2,False,,,
A,1.2,W20,001,20.0,0.75,0.0005,10,0.1,False,,,
A,1.2,W20,001,20.0,0.75,0.0005,10,0.2,False,,,
A,1.2,W20,001,20.0,0.75,0.001,6,0.1,True,493,0.30849485883587285,0.27634251196133464
A,1.2,W20,001,20.0,0.75,0.001,6,0.2,True,503,0.3369229726101223,0.29660360907253464
A,1.2,W20,001,20.0,0.75,0.001,8,0.1,True,493,0.30849485883587285,0.27634251196133464
A,1.2,W20,001,20.0,0.75,0.001,8,0.2,False,,,
A,1.2,W20,001,20.0,0.75,0.001,10,0.1,False,,,
A,1.2,W20,001,20.0,0.75,0.001,10,0.2,False,,,
A,1.2,W20,001,20.0,0.8,0.0005,6,0.1,True,588,0.432223042375163,0.3450919923029448
A,1.2,W20,001,20.0,0.8,0.0005,6,0.2,True,588,0.432223042375163,0.3450919923029448
A,1.2,W20,001,20.0,0.8,0.0005,8,0.1,True,588,0.432223042375163,0.3450919923029448
A,1.2,W20,001,20.0,0.8,0.0005,8,0.2,True,588,0.432223042375163,0.3450919923029448
A,1.2,W20,001,20.0,0.8,0.0005,10,0.1,True,588,0.432223042375163,0.3450919923029448
A,1.2,W20,001,20.0,0.8,0.0005,10,0.2,True,588,0.432223042375163,0.3450919923029448
A,1.2,W20,001,20.0,0.8,0.001,6,0.1,True,523,0.35998716636707906,0.3111983325920607
A,1.2,W20,001,20.0,0.8,0.001,6,0.2,True,538,0.37367930224067286,0.31897214525624323
A,1.2,W20,001,20.0,0.8,0.001,8,0.1,True,523,0.35998716636707906,0.3111983325920607
A,1.2,W20,001,20.0,0.8,0.001,8,0.2,True,538,0.37367930224067286,0.31897214525624323
A,1.2,W20,001,20.0,0.8,0.001,10,0.1,True,523,0.35998716636707906,0.3111983325920607
A,1.2,W20,001,20.0,0.8,0.001,10,0.2,True,538,0.37367930224067286,0.31897214525624323
A,1.2,W20,001,25.0,0.7,0.0005,6,0.1,True,463,0.2410048303243361,0.22188362420389526
A,1.2,W20,001,25.0,0.7,0.0005,6,0.2,True,566,0.4031724718056227,0.3337545018447073
A,1.2,W20,001,25.0,0.7,0.0005,8,0.1,True,565,0.4019943463959192,0.3332318996912555
A,1.2,W20,001,25.0,0.7,0.0005,8,0.2,True,566,0.4031724718056227,0.3337545018447073
A,1.2,W20,001,25.0,0.7,0.0005,10,0.1,False,,,
A,1.2,W20,001,25.0,0.7,0.0005,10,0.2,False,,,
A,1.2,W20,001,25.0,0.7,0.001,6,0.1,True,498,0.3222080343648007,0.2864015094543758
A,1.2,W20,001,25.0,0.7,0.001,6,0.2,True,508,0.3471147284695977,0.30338580200546666
A,1.2,W20,001,25.0,0.7,0.001,8,0.1,True,498,0.3222080343648007,0.2864015094543758
A,1.2,W20,001,25.0,0.7,0.001,8,0.2,True,508,0.3471147284695977,0.30338580200546666
A,1.2,W20,001,25.0,0.7,0.001,10,0.1,True,498,0.3222080343648007,0.2864015094543758
A,1.2,W20,001,25.0,0.7,0.001,10,0.2,True,508,0.3471147284695977,0.30338580200546666
A,1.2,W20,001,25.0,0.75,0.0005,6,0.1,True,503,0.3369229726101223,0.29660360907253464
A,1.2,W20,001,25.0,0.75,0.0005,6,0.2,False,,,
A,1.2,W20,001,25.0,0.75,0.0005,8,0.1,False,,,
A,1.2,W20,001,25.0,0.75,0.0005,8,0.2,False,,,
A,1.2,W20,001,25.0,0.75,0.0005,10,0.1,False,,,
A,1.2,W20,001,25.0,0.75,0.0005,10,0.2,False,,,
A,1.2,W20,001,25.0,0.75,0.001,6,0.1,True,518,0.3556088499332729,0.3086354481546502
A,1.2,W20,001,25.0,0.75,0.001,6,0.2,True,543,0.3785478872688193,0.32165251123277766
A,1.2,W20,001,25.0,0.75,0.001,8,0.1,True,518,0.3556088499332729,0.3086354481546502
A,1.2,W20,001,25.0,0.75,0.001,8,0.2,True,543,0.3785478872688193,0.32165251123277766
A,1.2,W20,001,25.0,0.75,0.001,10,0.1,True,518,0.3556088499332729,0.3086354481546502
A,1.2,W20,001,25.0,0.75,0.001,10,0.2,True,543,0.3785478872688193,0.32165251123277766
A,1.2,W20,001,25.0,0.8,0.0005,6,0.1,False,,,
A,1.2,W20,001,25.0,0.8,0.0005,6,0.2,False,,,
A,1.2,W20,001,25.0,0.8,0.0005,8,0.1,False,,,
A,1.2,W20,001,25.0,0.8,0.0005,8,0.2,False,,,
A,1.2,W20,001,25.0,0.8,0.0005,10,0.1,False,,,
A,1.2,W20,001,25.0,0.8,0.0005,10,0.2,False,,,
A,1.2,W20,001,25.0,0.8,0.001,6,0.1,True,558,0.394181805221658,0.32952935758389923
A,1.2,W20,001,25.0,0.8,0.001,6,0.2,True,587,0.4307058775111249,0.3446045878686403
A,1.2,W20,001,25.0,0.8,0.001,8,0.1,True,558,0.394181805221658,0.32952935758389923
A,1.2,W20,001,25.0,0.8,0.001,8,0.2,True,587,0.4307058775111249,0.3446045878686403
A,1.2,W20,001,25.0,0.8,0.001,10,0.1,True,558,0.394181805221658,0.32952935758389923
A,1.2,W20,001,25.0,0.8,0.001,10,0.2,True,587,0.4307058775111249,0.3446045878686403
A,1.2,W20,002,15.0,0.7,0.0005,6,0.1,True,449,0.21147730750472923,0.19592938611381933
A,1.2,W20,002,15.0,0.7,0.0005,6,0.2,True,449,0.21147730750472923,0.19592938611381933
A,1.2,W20,002,15.0,0.7,0.0005,8,0.1,True,504,0.3330644851452426,0.29107564177952316
A,1.2,W20,002,15.0,0.7,0.0005,8,0.2,True,504,0.3330644851452426,0.29107564177952316
A,1.2,W20,002,15.0,0.7,0.0005,10,0.1,True,504,0.3330644851452426,0.29107564177952316
A,1.2,W20,002,15.0,0.7,0.0005,10,0.2,True,504,0.3330644851452426,0.29107564177952316
A,1.2,W20,002,15.0,0.7,0.001,6,0.1,True,474,0.2584558223423205,0.2356407754123211
A,1.2,W20,002,15.0,0.7,0.001,6,0.2,True,484,0.2804743251518199,0.25320188191376236
A,1.2,W20,002,15.0,0.7,0.001,8,0.1,True,474,0.2584558223423205,0.2356407754123211
A,1.2,W20,002,15.0,0.7,0.001,8,0.2,True,484,0.2804743251518199,0.25320188191376236
A,1.2,W20,002,15.0,0.7,0.001,10,0.1,True,474,0.2584558223423205,0.2356407754123211
A,1.2,W20,002,15.0,0.7,0.001,10,0.2,True,484,0.2804743251518199,0.25320188191376236
A,1.2,W20,002,15.0,0.75,0.0005,6,0.1,False,,,
A,1.2,W20,002,15.0,0.75,0.0005,6,0.2,False,,,
A,1.2,W20,002,15.0,0.75,0.0005,8,0.1,False,,,
A,1.2,W20,002,15.0,0.75,0.0005,8,0.2,False,,,
A,1.2,W20,002,15.0,0.75,0.0005,10,0.1,False,,,
A,1.2,W20,002,15.0,0.75,0.0005,10,0.2,False,,,
A,1.2,W20,002,15.0,0.75,0.001,6,0.1,True,484,0.2804743251518199,0.25320188191376236
A,1.2,W20,002,15.0,0.75,0.001,6,0.2,True,489,0.2923208816271079,0.2623230473775613
A,1.2,W20,002,15.0,0.75,0.001,8,0.1,True,484,0.2804743251518199,0.25320188191376236
A,1.2,W20,002,15.0,0.75,0.001,8,0.2,True,489,0.2923208816271079,0.2623230473775613
A,1.2,W20,002,15.0,0.75,0.001,10,0.1,True,484,0.2804743251518199,0.25320188191376236
A,1.2,W20,002,15.0,0.75,0.001,10,0.2,True,489,0.2923208816271079,0.2623230473775613
A,1.2,W20,002,15.0,0.8,0.0005,6,0.1,True,554,0.3816443081749113,0.31792189533773224
A,1.2,W20,002,15.0,0.8,0.0005,6,0.2,True,554,0.3816443081749113,0.31792189533773224
A,1.2,W20,002,15.0,0.8,0.0005,8,0.1,True,554,0.3816443081749113,0.31792189533773224
A,1.2,W20,002,15.0,0.8,0.0005,8,0.2,True,554,0.3816443081749113,0.31792189533773224
A,1.2,W20,002,15.0,0.8,0.0005,10,0.1,True,554,0.3816443081749113,0.31792189533773224
A,1.2,W20,002,15.0,0.8,0.0005,10,0.2,True,554,0.3816443081749113,0.31792189533773224
A,1.2,W20,002,15.0,0.8,0.001,6,0.1,True,499,0.31850739215549667,0.28129130052892787
A,1.2,W20,002,15.0,0.8,0.001,6,0.2,True,504,0.3330644851452426,0.29107564177952316
A,1.2,W20,002,15.0,0.8,0.001,8,0.1,True,499,0.31850739215549667,0.28129130052892787
A,1.2,W20,002,15.0,0.8,0.001,8,0.2,True,504,0.3330644851452426,0.29107564177952316
A,1.2,W20,002,15.0,0.8,0.001,10,0.1,True,499,0.31850739215549667,0.28129130052892787
A,1.2,W20,002,15.0,0.8,0.001,10,0.2,True,504,0.3330644851452426,0.29107564177952316
A,1.2,W20,002,20.0,0.7,0.0005,6,0.1,True,454,0.2200413642353133,0.20336718720040822
A,1.2,W20,002,20.0,0.7,0.0005,6,0.2,True,529,0.3576705259712119,0.3056893819256833
A,1.2,W20,002,20.0,0.7,0.0005,8,0.1,False,,,
A,1.2,W20,002,20.0,0.7,0.0005,8,0.2,False,,,
A,1.2,W20,002,20.0,0.7,0.0005,10,0.1,False,,,
A,1.2,W20,002,20.0,0.7,0.0005,10,0.2,False,,,
A,1.2,W20,002,20.0,0.7,0.001,6,0.1,True,489,0.2923208816271079,0.2623230473775613
A,1.2,W20,002,20.0,0.7,0.001,6,0.2,True,499,0.31850739215549667,0.28129130052892787
A,1.2,W20,002,20.0,0.7,0.001,8,0.1,True,489,0.2923208816271079,0.2623230473775613
A,1.2,W20,002,20.0,0.7,0.001,8,0.2,True,499,0.31850739215549667,0.28129130052892787
A,1.2,W20,002,20.0,0.7,0.001,10,0.1,True,489,0.2923208816271079,0.2623230473775613
A,1.2,W20,002,20.0,0.7,0.001,10,0.2,True,499,0.31850739215549667,0.28129130052892787
A,1.2,W20,002,20.0,0.75,0.0005,6,0.1,True,469,0.2482567251120743,0.22717262628047089
A,1.2,W20,002,20.0,0.75,0.0005,6,0.2,True,474,0.2584558223423205,0.2356407754123211
A,1.2,W20,002,20.0,0.75,0.0005,8,0.1,False,,,
A,1.2,W20,002,20.0,0.75,0.0005,8,0.2,False,,,
A,1.2,W20,002,20.0,0.75,0.0005,10,0.1,False,,,
A,1.2,W20,002,20.0,0.75,0.0005,10,0.2,False,,,
A,1.2,W20,002,20.0,0.75,0.001,6,0.1,True,499,0.31850739215549667,0.28129130052892787
A,1.2,W20,002,20.0,0.75,0.001,6,0.2,True,504,0.3330644851452426,0.29107564177952316
A,1.2,W20,002,20.0,0.75,0.001,8,0.1,True,499,0.31850739215549667,0.28129130052892787
A,1.2,W20,002,20.0,0.75,0.001,8,0.2,True,504,0.3330644851452426,0.29107564177952316
A,1.2,W20,002,20.0,0.75,0.001,10,0.1,True,499,0.31850739215549667,0.28129130052892787
A,1.2,W20,002,20.0,0.75,0.001,10,0.2,True,504,0.3330644851452426,0.29107564177952316
A,1.2,W20,002,20.0,0.8,0.0005,6,0.1,True,489,0.2923208816271079,0.2623230473775613
A,1.2,W20,002,20.0,0.8,0.0005,6,0.2,True,494,0.30502366156954513,0.27169754316932276
A,1.2,W20,002,20.0,0.8,0.0005,8,0.1,True,489,0.2923208816271079,0.2623230473775613
A,1.2,W20,002,20.0,0.8,0.0005,8,0.2,True,494,0.30502366156954513,0.27169754316932276
A,1.2,W20,002,20.0,0.8,0.0005,10,0.1,True,489,0.2923208816271079,0.2623230473775613
A,1.2,W20,002,20.0,0.8,0.0005,10,0.2,True,494,0.30502366156954513,0.27169754316932276
A,1.2,W20,002,20.0,0.8,0.001,6,0.1,True,504,0.3330644851452426,0.29107564177952316
A,1.2,W20,002,20.0,0.8,0.001,6,0.2,False,,,
A,1.2,W20,002,20.0,0.8,0.001,8,0.1,True,504,0.3330644851452426,0.29107564177952316
A,1.2,W20,002,20.0,0.8,0.001,8,0.2,False,,,
A,1.2,W20,002,20.0,0.8,0.001,10,0.1,True,584,0.4186910390853882,0.3321388105028554
A,1.2,W20,002,20.0,0.8,0.001,10,0.2,False,,,
A,1.2,W20,002,25.0,0.7,0.0005,6,0.1,True,464,0.2384260690918094,0.21897126597009206
A,1.2,W20,002,25.0,0.7,0.0005,6,0.2,True,534,0.36214162840654973,0.3081349891267325
A,1.2,W20,002,25.0,0.7,0.0005,8,0.1,True,529,0.3576705259712119,0.3056893819256833
A,1.2,W20,002,25.0,0.7,0.0005,8,0.2,True,534,0.36214162840654973,0.3081349891267325
A,1.2,W20,002,25.0,0.7,0.0005,10,0.1,True,529,0.3576705259712119,0.3056893819256833
A,1.2,W20,002,25.0,0.7,0.0005,10,0.2,True,534,0.36214162840654973,0.3081349891267325
A,1.2,W20,002,25.0,0.7,0.001,6,0.1,True,499,0.31850739215549667,0.28129130052892787
A,1.2,W20,002,25.0,0.7,0.001,6,0.2,True,504,0.3330644851452426,0.29107564177952316
A,1.2,W20,002,25.0,0.7,0.001,8,0.1,True,499,0.31850739215549667,0.28129130052892787
A,1.2,W20,002,25.0,0.7,0.001,8,0.2,True,504,0.3330644851452426,0.29107564177952316
A,1.2,W20,002,25.0,0.7,0.001,10,0.1,True,499,0.31850739215549667,0.28129130052892787
A,1.2,W20,002,25.0,0.7,0.001,10,0.2,False,,,
A,1.2,W20,002,25.0,0.75,0.0005,6,0.1,True,474,0.2584558223423205,0.2356407754123211
A,1.2,W20,002,25.0,0.75,0.0005,6,0.2,True,565,0.39382077753543854,0.3232253421294062
A,1.2,W20,002,25.0,0.75,0.0005,8,0.1,True,559,0.38705113177236755,0.32033333299975647
A,1.2,W20,002,25.0,0.75,0.0005,8,0.2,True,565,0.39382077753543854,0.3232253421294062
A,1.2,W20,002,25.0,0.75,0.0005,10,0.1,True,559,0.38705113177236755,0.32033333299975647
A,1.2,W20,002,25.0,0.75,0.0005,10,0.2,True,565,0.39382077753543854,0.3232253421294062
A,1.2,W20,002,25.0,0.75,0.001,6,0.1,True,504,0.3330644851452426,0.29107564177952316
A,1.2,W20,002,25.0,0.75,0.001,6,0.2,False,,,
A,1.2,W20,002,25.0,0.75,0.001,8,0.1,True,504,0.3330644851452426,0.29107564177952316
A,1.2,W20,002,25.0,0.75,0.001,8,0.2,False,,,
A,1.2,W20,002,25.0,0.75,0.001,10,0.1,True,504,0.3330644851452426,0.29107564177952316
A,1.2,W20,002,25.0,0.75,0.001,10,0.2,False,,,
A,1.2,W20,002,25.0,0.8,0.0005,6,0.1,True,494,0.30502366156954513,0.27169754316932276
A,1.2,W20,002,25.0,0.8,0.0005,6,0.2,True,504,0.3330644851452426,0.29107564177952316
A,1.2,W20,002,25.0,0.8,0.0005,8,0.1,True,494,0.30502366156954513,0.27169754316932276
A,1.2,W20,002,25.0,0.8,0.0005,8,0.2,True,504,0.3330644851452426,0.29107564177952316
A,1.2,W20,002,25.0,0.8,0.0005,10,0.1,True,494,0.30502366156954513,0.27169754316932276
A,1.2,W20,002,25.0,0.8,0.0005,10,0.2,True,590,0.42832744003910767,0.33474138967300715
A,1.2,W20,002,25.0,0.8,0.001,6,0.1,True,504,0.3330644851452426,0.29107564177952316
A,1.2,W20,002,25.0,0.8,0.001,6,0.2,False,,,
A,1.2,W20,002,25.0,0.8,0.001,8,0.1,False,,,
A,1.2,W20,002,25.0,0.8,0.001,8,0.2,False,,,
A,1.2,W20,002,25.0,0.8,0.001,10,0.1,False,,,
A,1.2,W20,002,25.0,0.8,0.001,10,0.2,False,,,
B,1.5,W02,001,15.0,0.7,0.0005,6,0.1,True,355,0.21027458432209062,-0.05951387587800083
B,1.5,W02,001,15.0,0.7,0.0005,6,0.2,True,355,0.21027458432209062,-0.05951387587800083
B,1.5,W02,001,15.0,0.7,0.0005,8,0.1,True,355,0.21027458432209062,-0.05951387587800083
B,1.5,W02,001,15.0,0.7,0.0005,8,0.2,True,355,0.21027458432209062,-0.05951387587800083
B,1.5,W02,001,15.0,0.7,0.0005,10,0.1,True,355,0.21027458432209062,-0.05951387587800083
B,1.5,W02,001,15.0,0.7,0.0005,10,0.2,True,355,0.21027458432209062,-0.05951387587800083
B,1.5,W02,001,15.0,0.7,0.001,6,0.1,True,380,0.24148672244634972,-0.07030544160719378
B,1.5,W02,001,15.0,0.7,0.001,6,0.2,True,380,0.24148672244634972,-0.07030544160719378
B,1.5,W02,001,15.0,0.7,0.001,8,0.1,True,405,0.3228923563497612,-0.0979083323155541
B,1.5,W02,001,15.0,0.7,0.001,8,0.2,True,406,0.32708718044212065,-0.09910873108240495
B,1.5,W02,001,15.0,0.7,0.001,10,0.1,True,405,0.3228923563497612,-0.0979083323155541
B,1.5,W02,001,15.0,0.7,0.001,10,0.2,True,406,0.32708718044212065,-0.09910873108240495
B,1.5,W02,001,15.0,0.75,0.0005,6,0.1,True,414,0.3670213829322034,-0.10898156275591218
B,1.5,W02,001,15.0,0.75,0.0005,6,0.2,True,414,0.3670213829322034,-0.10898156275591218
B,1.5,W02,001,15.0,0.75,0.0005,8,0.1,True,414,0.3670213829322034,-0.10898156275591218
B,1.5,W02,001,15.0,0.75,0.0005,8,0.2,True,414,0.3670213829322034,-0.10898156275591218
B,1.5,W02,001,15.0,0.75,0.0005,10,0.1,True,414,0.3670213829322034,-0.10898156275591218
B,1.5,W02,001,15.0,0.75,0.0005,10,0.2,True,414,0.3670213829322034,-0.10898156275591218
B,1.5,W02,001,15.0,0.75,0.001,6,0.1,True,350,0.195243259510362,-0.053816863750836934
B,1.5,W02,001,15.0,0.75,0.001,6,0.2,True,375,0.23227594272199883,-0.0673460843692343
B,1.5,W02,001,15.0,0.75,0.001,8,0.1,True,350,0.195243259510362,-0.053816863750836934
B,1.5,W02,001,15.0,0.75,0.001,8,0.2,True,418,0.39128530133201417,-0.11314895354121564
B,1.5,W02,001,15.0,0.75,0.001,10,0.1,True,350,0.195243259510362,-0.053816863750836934
B,1.5,W02,001,15.0,0.75,0.001,10,0.2,True,418,0.39128530133201417,-0.11314895354121564
B,1.5,W02,001,15.0,0.8,0.0005,6,0.1,True,416,0.378947268049401,-0.11117912577577384
B,1.5,W02,001,15.0,0.8,0.0005,6,0.2,True,417,0.3850209533450115,-0.11213133923978691
B,1.5,W02,001,15.0,0.8,0.0005,8,0.1,True,416,0.378947268049401,-0.11117912577577384
B,1.5,W02,001,15.0,0.8,0.0005,8,0.2,True,417,0.3850209533450115,-0.11213133923978691
B,1.5,W02,001,15.0,0.8,0.0005,10,0.1,True,416,0.378947268049401,-0.11117912577577384
B,1.5,W02,001,15.0,0.8,0.0005,10,0.2,True,417,0.3850209533450115,-0.11213133923978691
B,1.5,W02,001,15.0,0.8,0.001,6,0.1,True,380,0.24148672244634972,-0.07030544160719378
B,1.5,W02,001,15.0,0.8,0.001,6,0.2,True,380,0.24148672244634972,-0.07030544160719378
B,1.5,W02,001,15.0,0.8,0.001,8,0.1,True,380,0.24148672244634972,-0.07030544160719378
B,1.5,W02,001,15.0,0.8,0.001,8,0.2,True,403,0.31452277051397115,-0.09535324663282876
B,1.5,W02,001,15.0,0.8,0.001,10,0.1,True,402,0.31107660230383816,-0.09424765749150012
B,1.5,W02,001,15.0,0.8,0.001,10,0.2,True,403,0.31452277051397115,-0.09535324663282876
B,1.5,W02,001,20.0,0.7,0.0005,6,0.1,True,355,0.21028922851148404,-0.05951524741555515
B,1.5,W02,001,20.0,0.7,0.0005,6,0.2,True,355,0.21028922851148404,-0.05951524741555515
B,1.5,W02,001,20.0,0.7,0.0005,8,0.1,True,355,0.21028922851148404,-0.05951524741555515
B,1.5,W02,001,20.0,0.7,0.0005,8,0.2,True,355,0.21028922851148404,-0.05951524741555515
B,1.5,W02,001,20.0,0.7,0.0005,10,0.1,True,355,0.21028922851148404,-0.05951524741555515
B,1.5,W02,001,20.0,0.7,0.0005,10,0.2,True,406,0.32757799758722905,-0.09930170797987987
B,1.5,W02,001,20.0,0.7,0.001,6,0.1,True,380,0.241433480068257,-0.07029991508706619
B,1.5,W02,001,20.0,0.7,0.001,6,0.2,True,380,0.241433480068257,-0.07029991508706619
B,1.5,W02,001,20.0,0.7,0.001,8,0.1,True,380,0.241433480068257,-0.07029991508706619
B,1.5,W02,001,20.0,0.7,0.001,8,0.2,True,380,0.241433480068257,-0.07029991508706619
B,1.5,W02,001,20.0,0.7,0.001,10,0.1,True,380,0.241433480068257,-0.07029991508706619
B,1.5,W02,001,20.0,0.7,0.001,10,0.2,True,380,0.241433480068257,-0.07029991508706619
B,1.5,W02,001,20.0,0.75,0.0005,6,0.1,True,355,0.21028922851148404,-0.05951524741555515
B,1.5,W02,001,20.0,0.75,0.0005,6,0.2,True,355,0.21028922851148404,-0.05951524741555515
B,1.5,W02,001,20.0,0.75,0.0005,8,0.1,True,355,0.21028922851148404,-0.05951524741555515
B,1.5,W02,001,20.0,0.75,0.0005,8,0.2,True,355,0.21028922851148404,-0.05951524741555515
B,1.5,W02,001,20.0,0.75,0.0005,10,0.1,True,410,0.3465559953137448,-0.10456710867583752
B,1.5,W02,001,20.0,0.75,0.0005,10,0.2,True,411,0.3515125226817633,-0.10581342179916407
B,1.5,W02,001,20.0,0.75,0.001,6,0.1,True,380,0.241433480068257,-0.07029991508706619
B,1.5,W02,001,20.0,0.75,0.001,6,0.2,True,380,0.241433480068257,-0.07029991508706619
B,1.5,W02,001,20.0,0.75,0.001,8,0.1,True,380,0.241433480068257,-0.07029991508706619
B,1.5,W02,001,20.0,0.75,0.001,8,0.2,True,380,0.241433480068257,-0.07029991508706619
B,1.5,W02,001,20.0,0.75,0.001,10,0.1,True,380,0.241433480068257,-0.07029991508706619
B,1.5,W02,001,20.0,0.75,0.001,10,0.2,True,380,0.241433480068257,-0.07029991508706619
B,1.5,W02,001,20.0,0.8,0.0005,6,0.1,True,350,0.19526001673779989,-0.0538306371553948
B,1.5,W02,001,20.0,0.8,0.0005,6,0.2,True,350,0.19526001673779989,-0.0538306371553948
B,1.5,W02,001,20.0,0.8,0.0005,8,0.1,True,406,0.32757799758722905,-0.09930170797987987
B,1.5,W02,001,20.0,0.8,0.0005,8,0.2,True,407,0.33179166638537455,-0.1003894898060121
B,1.5,W02,001,20.0,0.8,0.0005,10,0.1,True,406,0.32757799758722905,-0.09930170797987987
B,1.5,W02,001,20.0,0.8,0.0005,10,0.2,True,407,0.33179166638537455,-0.1003894898060121
B,1.5,W02,001,20.0,0.8,0.001,6,0.1,True,380,0.241433480068257,-0.07029991508706619
B,1.5,W02,001,20.0,0.8,0.001,6,0.2,True,380,0.241433480068257,-0.07029991508706619
B,1.5,W02,001,20.0,0.8,0.001,8,0.1,True,380,0.241433480068257,-0.07029991508706619
B,1.5,W02,001,20.0,0.8,0.001,8,0.2,True,380,0.241433480068257,-0.07029991508706619
B,1.5,W02,001,20.0,0.8,0.001,10,0.1,True,380,0.241433480068257,-0.07029991508706619
B,1.5,W02,001,20.0,0.8,0.001,10,0.2,True,380,0.241433480068257,-0.07029991508706619
B,1.5,W02,001,25.0,0.7,0.0005,6,0.1,True,355,0.21028922851148404,-0.05951524741555515
B,1.5,W02,001,25.0,0.7,0.0005,6,0.2,True,355,0.21028922851148404,-0.05951524741555515
B,1.5,W02,001,25.0,0.7,0.0005,8,0.1,True,355,0.21028922851148404,-0.05951524741555515
B,1.5,W02,001,25.0,0.7,0.0005,8,0.2,True,355,0.21028922851148404,-0.05951524741555515
B,1.5,W02,001,25.0,0.7,0.0005,10,0.1,True,355,0.21028922851148404,-0.05951524741555515
B,1.5,W02,001,25.0,0.7,0.0005,10,0.2,True,355,0.21028922851148404,-0.05951524741555515
B,1.5,W02,001,25.0,0.7,0.001,6,0.1,True,380,0.241433480068257,-0.07029991508706619
B,1.5,W02,001,25.0,0.7,0.001,6,0.2,True,380,0.241433480068257,-0.07029991508706619
B,1.5,W02,001,25.0,0.7,0.001,8,0.1,True,380,0.241433480068257,-0.07029991508706619
B,1.5,W02,001,25.0,0.7,0.001,8,0.2,True,380,0.241433480068257,-0.07029991508706619
B,1.5,W02,001,25.0,0.7,0.001,10,0.1,True,380,0.241433480068257,-0.07029991508706619
B,1.5,W02,001,25.0,0.7,0.001,10,0.2,True,380,0.241433480068257,-0.07029991508706619
B,1.5,W02,001,25.0,0.75,0.0005,6,0.1,True,355,0.21028922851148404,-0.05951524741555515
B,1.5,W02,001,25.0,0.75,0.0005,6,0.2,True,355,0.21028922851148404,-0.05951524741555515
B,1.5,W02,001,25.0,0.75,0.0005,8,0.1,True,355,0.21028922851148404,-0.05951524741555515
B,1.5,W02,001,25.0,0.75,0.0005,8,0.2,True,355,0.21028922851148404,-0.05951524741555515
B,1.5,W02,001,25.0,0.75,0.0005,10,0.1,True,355,0.21028922851148404,-0.05951524741555515
B,1.5,W02,001,25.0,0.75,0.0005,10,0.2,True,355,0.21028922851148404,-0.05951524741555515
B,1.5,W02,001,25.0,0.75,0.001,6,0.1,True,380,0.241433480068257,-0.07029991508706619
B,1.5,W02,001,25.0,0.75,0.001,6,0.2,True,380,0.241433480068257,-0.07029991508706619
B,1.5,W02,001,25.0,0.75,0.001,8,0.1,True,380,0.241433480068257,-0.07029991508706619
B,1.5,W02,001,25.0,0.75,0.001,8,0.2,True,380,0.241433480068257,-0.07029991508706619
B,1.5,W02,001,25.0,0.75,0.001,10,0.1,True,380,0.241433480068257,-0.07029991508706619
B,1.5,W02,001,25.0,0.75,0.001,10,0.2,True,380,0.241433480068257,-0.07029991508706619
B,1.5,W02,001,25.0,0.8,0.0005,6,0.1,True,350,0.19526001673779989,-0.0538306371553948
B,1.5,W02,001,25.0,0.8,0.0005,6,0.2,True,350,0.19526001673779989,-0.0538306371553948
B,1.5,W02,001,25.0,0.8,0.0005,8,0.1,True,350,0.19526001673779989,-0.0538306371553948
B,1.5,W02,001,25.0,0.8,0.0005,8,0.2,True,350,0.19526001673779989,-0.0538306371553948
B,1.5,W02,001,25.0,0.8,0.0005,10,0.1,True,350,0.19526001673779989,-0.0538306371553948
B,1.5,W02,001,25.0,0.8,0.0005,10,0.2,True,350,0.19526001673779989,-0.0538306371553948
B,1.5,W02,001,25.0,0.8,0.001,6,0.1,True,380,0.241433480068257,-0.07029991508706619
B,1.5,W02,001,25.0,0.8,0.001,6,0.2,True,380,0.241433480068257,-0.07029991508706619
B,1.5,W02,001,25.0,0.8,0.001,8,0.1,True,380,0.241433480068257,-0.07029991508706619
B,1.5,W02,001,25.0,0.8,0.001,8,0.2,True,380,0.241433480068257,-0.07029991508706619
B,1.5,W02,001,25.0,0.8,0.001,10,0.1,True,380,0.241433480068257,-0.07029991508706619
B,1.5,W02,001,25.0,0.8,0.001,10,0.2,True,380,0.241433480068257,-0.07029991508706619
B,1.5,W02,002,15.0,0.7,0.0005,6,0.1,True,416,0.36105008154030305,-0.09726410421980433
B,1.5,W02,002,15.0,0.7,0.0005,6,0.2,True,417,0.3670868740742465,-0.09800104006945369
B,1.5,W02,002,15.0,0.7,0.0005,8,0.1,True,416,0.36105008154030305,-0.09726410421980433
B,1.5,W02,002,15.0,0.7,0.0005,8,0.2,True,417,0.3670868740742465,-0.09800104006945369
B,1.5,W02,002,15.0,0.7,0.0005,10,0.1,True,416,0.36105008154030305,-0.09726410421980433
B,1.5,W02,002,15.0,0.7,0.0005,10,0.2,True,417,0.3670868740742465,-0.09800104006945369
B,1.5,W02,002,15.0,0.7,0.001,6,0.1,True,381,0.23382214214428362,-0.06327894635229225
B,1.5,W02,002,15.0,0.7,0.001,6,0.2,True,381,0.23382214214428362,-0.06327894635229225
B,1.5,W02,002,15.0,0.7,0.001,8,0.1,True,381,0.23382214214428362,-0.06327894635229225
B,1.5,W02,002,15.0,0.7,0.001,8,0.2,True,409,0.32451177828283195,-0.09015738497297447
B,1.5,W02,002,15.0,0.7,0.001,10,0.1,True,381,0.23382214214428362,-0.06327894635229225
B,1.5,W02,002,15.0,0.7,0.001,10,0.2,True,409,0.32451177828283195,-0.09015738497297447
B,1.5,W02,002,15.0,0.75,0.0005,6,0.1,True,396,0.2768242161676108,-0.07694077069859907
B,1.5,W02,002,15.0,0.75,0.0005,6,0.2,True,396,0.2768242161676108,-0.07694077069859907
B,1.5,W02,002,15.0,0.75,0.0005,8,0.1,True,396,0.2768242161676108,-0.07694077069859907
B,1.5,W02,002,15.0,0.75,0.0005,8,0.2,True,396,0.2768242161676108,-0.07694077069859907
B,1.5,W02,002,15.0,0.75,0.0005,10,0.1,True,396,0.2768242161676108,-0.07694077069859907
B,1.5,W02,002,15.0,0.75,0.0005,10,0.2,True,396,0.2768242161676108,-0.07694077069859907
B,1.5,W02,002,15.0,0.75,0.001,6,0.1,True,381,0.23382214214428362,-0.06327894635229225
B,1.5,W02,002,15.0,0.75,0.001,6,0.2,True,381,0.23382214214428362,-0.06327894635229225
B,1.5,W02,002,15.0,0.75,0.001,8,0.1,True,381,0.23382214214428362,-0.06327894635229225
B,1.5,W02,002,15.0,0.75,0.001,8,0.2,True,381,0.23382214214428362,-0.06327894635229225
B,1.5,W02,002,15.0,0.75,0.001,10,0.1,True,381,0.23382214214428362,-0.06327894635229225
B,1.5,W02,002,15.0,0.75,0.001,10,0.2,True,399,0.28398332717907,-0.07893740035683276
B,1.5,W02,002,15.0,0.8,0.0005,6,0.1,True,381,0.23382214214428362,-0.06327894635229225
B,1.5,W02,002,15.0,0.8,0.0005,6,0.2,True,381,0.23382214214428362,-0.06327894635229225
B,1.5,W02,002,15.0,0.8,0.0005,8,0.1,True,381,0.23382214214428362,-0.06327894635229225
B,1.5,W02,002,15.0,0.8,0.0005,8,0.2,True,398,0.28103732416428717,-0.07808864736054318
B,1.5,W02,002,15.0,0.8,0.0005,10,0.1,True,381,0.23382214214428362,-0.06327894635229225
B,1.5,W02,002,15.0,0.8,0.0005,10,0.2,True,398,0.28103732416428717,-0.07808864736054318
B,1.5,W02,002,15.0,0.8,0.001,6,0.1,True,381,0.23382214214428362,-0.06327894635229225
B,1.5,W02,002,15.0,0.8,0.001,6,0.2,True,381,0.23382214214428362,-0.06327894635229225
B,1.5,W02,002,15.0,0.8,0.001,8,0.1,True,381,0.23382214214428362,-0.06327894635229225
B,1.5,W02,002,15.0,0.8,0.001,8,0.2,True,381,0.23382214214428362,-0.06327894635229225
B,1.5,W02,002,15.0,0.8,0.001,10,0.1,True,381,0.23382214214428362,-0.06327894635229225
B,1.5,W02,002,15.0,0.8,0.001,10,0.2,True,400,0.28732359229800214,-0.07998221241925137
B,1.5,W02,002,20.0,0.7,0.0005,6,0.1,False,,,
B,1.5,W02,002,20.0,0.7,0.0005,6,0.2,False,,,
B,1.5,W02,002,20.0,0.7,0.0005,8,0.1,False,,,
B,1.5,W02,002,20.0,0.7,0.0005,8,0.2,False,,,
B,1.5,W02,002,20.0,0.7,0.0005,10,0.1,False,,,
B,1.5,W02,002,20.0,0.7,0.0005,10,0.2,False,,,
B,1.5,W02,002,20.0,0.7,0.001,6,0.1,False,,,
B,1.5,W02,002,20.0,0.7,0.001,6,0.2,False,,,
B,1.5,W02,002,20.0,0.7,0.001,8,0.1,False,,,
B,1.5,W02,002,20.0,0.7,0.001,8,0.2,False,,,
B,1.5,W02,002,20.0,0.7,0.001,10,0.1,False,,,
B,1.5,W02,002,20.0,0.7,0.001,10,0.2,False,,,
B,1.5,W02,002,20.0,0.75,0.0005,6,0.1,True,421,0.3936762427672362,-0.10042810573791847
B,1.5,W02,002,20.0,0.75,0.0005,6,0.2,True,421,0.3936762427672362,-0.10042810573791847
B,1.5,W02,002,20.0,0.75,0.0005,8,0.1,True,421,0.3936762427672362,-0.10042810573791847
B,1.5,W02,002,20.0,0.75,0.0005,8,0.2,True,421,0.3936762427672362,-0.10042810573791847
B,1.5,W02,002,20.0,0.75,0.0005,10,0.1,False,,,
B,1.5,W02,002,20.0,0.75,0.0005,10,0.2,False,,,
B,1.5,W02,002,20.0,0.75,0.001,6,0.1,False,,,
B,1.5,W02,002,20.0,0.75,0.001,6,0.2,False,,,
B,1.5,W02,002,20.0,0.75,0.001,8,0.1,False,,,
B,1.5,W02,002,20.0,0.75,0.001,8,0.2,False,,,
B,1.5,W02,002,20.0,0.75,0.001,10,0.1,False,,,
B,1.5,W02,002,20.0,0.75,0.001,10,0.2,False,,,
B,1.5,W02,002,20.0,0.8,0.0005,6,0.1,True,410,0.3296870497556833,-0.09155062939494084
B,1.5,W02,002,20.0,0.8,0.0005,6,0.2,True,411,0.3345215148650683,-0.09271769149181171
B,1.5,W02,002,20.0,0.8,0.0005,8,0.1,True,410,0.3296870497556833,-0.09155062939494084
B,1.5,W02,002,20.0,0.8,0.0005,8,0.2,True,411,0.3345215148650683,-0.09271769149181171
B,1.5,W02,002,20.0,0.8,0.0005,10,0.1,True,410,0.3296870497556833,-0.09155062939494084
B,1.5,W02,002,20.0,0.8,0.0005,10,0.2,True,411,0.3345215148650683,-0.09271769149181171
B,1.5,W02,002,20.0,0.8,0.001,6,0.1,True,399,0.2840286225844652,-0.07900540998730904
B,1.5,W02,002,20.0,0.8,0.001,6,0.2,True,400,0.28738995163868636,-0.08005587680217548
B,1.5,W02,002,20.0,0.8,0.001,8,0.1,True,399,0.2840286225844652,-0.07900540998730904
B,1.5,W02,002,20.0,0.8,0.001,8,0.2,True,400,0.28738995163868636,-0.08005587680217548
B,1.5,W02,002,20.0,0.8,0.001,10,0.1,True,399,0.2840286225844652,-0.07900540998730904
B,1.5,W02,002,20.0,0.8,0.001,10,0.2,True,400,0.28738995163868636,-0.08005587680217548
B,1.5,W02,002,25.0,0.7,0.0005,6,0.1,False,,,
B,1.5,W02,002,25.0,0.7,0.0005,6,0.2,False,,,
B,1.5,W02,002,25.0,0.7,0.0005,8,0.1,False,,,
B,1.5,W02,002,25.0,0.7,0.0005,8,0.2,False,,,
B,1.5,W02,002,25.0,0.7,0.0005,10,0.1,False,,,
B,1.5,W02,002,25.0,0.7,0.0005,10,0.2,False,,,
B,1.5,W02,002,25.0,0.7,0.001,6,0.1,False,,,
B,1.5,W02,002,25.0,0.7,0.001,6,0.2,False,,,
B,1.5,W02,002,25.0,0.7,0.001,8,0.1,False,,,
B,1.5,W02,002,25.0,0.7,0.001,8,0.2,False,,,
B,1.5,W02,002,25.0,0.7,0.001,10,0.1,False,,,
B,1.5,W02,002,25.0,0.7,0.001,10,0.2,False,,,
B,1.5,W02,002,25.0,0.75,0.0005,6,0.1,True,421,0.3936762427672362,-0.10042810573791847
B,1.5,W02,002,25.0,0.75,0.0005,6,0.2,True,421,0.3936762427672362,-0.10042810573791847
B,1.5,W02,002,25.0,0.75,0.0005,8,0.1,True,421,0.3936762427672362,-0.10042810573791847
B,1.5,W02,002,25.0,0.75,0.0005,8,0.2,True,421,0.3936762427672362,-0.10042810573791847
B,1.5,W02,002,25.0,0.75,0.0005,10,0.1,False,,,
B,1.5,W02,002,25.0,0.75,0.0005,10,0.2,False,,,
B,1.5,W02,002,25.0,0.75,0.001,6,0.1,False,,,
B,1.5,W02,002,25.0,0.75,0.001,6,0.2,False,,,
B,1.5,W02,002,25.0,0.75,0.001,8,0.1,False,,,
B,1.5,W02,002,25.0,0.75,0.001,8,0.2,False,,,
B,1.5,W02,002,25.0,0.75,0.001,10,0.1,False,,,
B,1.5,W02,002,25.0,0.75,0.001,10,0.2,False,,,
B,1.5,W02,002,25.0,0.8,0.0005,6,0.1,True,410,0.3296870497556833,-0.09155062939494084
B,1.5,W02,002,25.0,0.8,0.0005,6,0.2,True,411,0.3345215148650683,-0.09271769149181171
B,1.5,W02,002,25.0,0.8,0.0005,8,0.1,True,410,0.3296870497556833,-0.09155062939494084
B,1.5,W02,002,25.0,0.8,0.0005,8,0.2,True,411,0.3345215148650683,-0.09271769149181171
B,1.5,W02,002,25.0,0.8,0.0005,10,0.1,True,410,0.3296870497556833,-0.09155062939494084
B,1.5,W02,002,25.0,0.8,0.0005,10,0.2,True,411,0.3345215148650683,-0.09271769149181171
B,1.5,W02,002,25.0,0.8,0.001,6,0.1,True,399,0.2840286225844652,-0.07900540998730904
B,1.5,W02,002,25.0,0.8,0.001,6,0.2,True,400,0.28738995163868636,-0.08005587680217548
B,1.5,W02,002,25.0,0.8,0.001,8,0.1,True,399,0.2840286225844652,-0.07900540998730904
B,1.5,W02,002,25.0,0.8,0.001,8,0.2,True,400,0.28738995163868636,-0.08005587680217548
B,1.5,W02,002,25.0,0.8,0.001,10,0.1,True,399,0.2840286225844652,-0.07900540998730904
B,1.5,W02,002,25.0,0.8,0.001,10,0.2,True,400,0.28738995163868636,-0.08005587680217548
B,1.5,W05,001,15.0,0.7,0.0005,6,0.1,True,445,0.27242855990634246,-0.03692010045051575
B,1.5,W05,001,15.0,0.7,0.0005,6,0.2,True,445,0.27242855990634246,-0.03692010045051575
B,1.5,W05,001,15.0,0.7,0.0005,8,0.1,True,445,0.27242855990634246,-0.03692010045051575
B,1.5,W05,001,15.0,0.7,0.0005,8,0.2,True,445,0.27242855990634246,-0.03692010045051575
B,1.5,W05,001,15.0,0.7,0.0005,10,0.1,True,445,0.27242855990634246,-0.03692010045051575
B,1.5,W05,001,15.0,0.7,0.0005,10,0.2,True,445,0.27242855990634246,-0.03692010045051575
B,1.5,W05,001,15.0,0.7,0.001,6,0.1,True,455,0.31425504824694467,-0.044196326504735386
B,1.5,W05,001,15.0,0.7,0.001,6,0.2,True,455,0.31425504824694467,-0.044196326504735386
B,1.5,W05,001,15.0,0.7,0.001,8,0.1,False,,,
B,1.5,W05,001,15.0,0.7,0.001,8,0.2,False,,,
B,1.5,W05,001,15.0,0.7,0.001,10,0.1,False,,,
B,1.5,W05,001,15.0,0.7,0.001,10,0.2,False,,,
B,1.5,W05,001,15.0,0.75,0.0005,6,0.1,False,,,
B,1.5,W05,001,15.0,0.75,0.0005,6,0.2,False,,,
B,1.5,W05,001,15.0,0.75,0.0005,8,0.1,False,,,
B,1.5,W05,001,15.0,0.75,0.0005,8,0.2,False,,,
B,1.5,W05,001,15.0,0.75,0.0005,10,0.1,False,,,
B,1.5,W05,001,15.0,0.75,0.0005,10,0.2,False,,,
B,1.5,W05,001,15.0,0.75,0.001,6,0.1,False,,,
B,1.5,W05,001,15.0,0.75,0.001,6,0.2,False,,,
B,1.5,W05,001,15.0,0.75,0.001,8,0.1,False,,,
B,1.5,W05,001,15.0,0.75,0.001,8,0.2,False,,,
B,1.5,W05,001,15.0,0.75,0.001,10,0.1,False,,,
B,1.5,W05,001,15.0,0.75,0.001,10,0.2,False,,,
B,1.5,W05,001,15.0,0.8,0.0005,6,0.1,False,,,
B,1.5,W05,001,15.0,0.8,0.0005,6,0.2,False,,,
B,1.5,W05,001,15.0,0.8,0.0005,8,0.1,False,,,
B,1.5,W05,001,15.0,0.8,0.0005,8,0.2,False,,,
B,1.5,W05,001,15.0,0.8,0.0005,10,0.1,False,,,
B,1.5,W05,001,15.0,0.8,0.0005,10,0.2,False,,,
B,1.5,W05,001,15.0,0.8,0.001,6,0.1,True,435,0.23945531424354105,-0.031041361391544342
B,1.5,W05,001,15.0,0.8,0.001,6,0.2,True,435,0.23945531424354105,-0.031041361391544342
B,1.5,W05,001,15.0,0.8,0.001,8,0.1,True,448,0.2847295631380642,-0.03941825349979541
B,1.5,W05,001,15.0,0.8,0.001,8,0.2,False,,,
B,1.5,W05,001,15.0,0.8,0.001,10,0.1,False,,,
B,1.5,W05,001,15.0,0.8,0.001,10,0.2,False,,,
B,1.5,W05,001,20.0,0.7,0.0005,6,0.1,True,444,0.26961299119626775,-0.03640241416938165
B,1.5,W05,001,20.0,0.7,0.0005,6,0.2,True,444,0.26961299119626775,-0.03640241416938165
B,1.5,W05,001,20.0,0.7,0.0005,8,0.1,False,,,
B,1.5,W05,001,20.0,0.7,0.0005,8,0.2,False,,,
B,1.5,W05,001,20.0,0.7,0.0005,10,0.1,False,,,
B,1.5,W05,001,20.0,0.7,0.0005,10,0.2,False,,,
B,1.5,W05,001,20.0,0.7,0.001,6,0.1,True,433,0.23513891613658736,-0.030573775115258554
B,1.5,W05,001,20.0,0.7,0.001,6,0.2,True,434,0.2370070639778586,-0.030761254403521034
B,1.5,W05,001,20.0,0.7,0.001,8,0.1,True,433,0.23513891613658736,-0.030573775115258554
B,1.5,W05,001,20.0,0.7,0.001,8,0.2,True,434,0.2370070639778586,-0.030761254403521034
B,1.5,W05,001,20.0,0.7,0.001,10,0.1,True,433,0.23513891613658736,-0.030573775115258554
B,1.5,W05,001,20.0,0.7,0.001,10,0.2,True,457,0.32593360981520486,-0.045656125554267096
B,1.5,W05,001,20.0,0.75,0.0005,6,0.1,True,444,0.26961299119626775,-0.03640241416938165
B,1.5,W05,001,20.0,0.75,0.0005,6,0.2,True,444,0.26961299119626775,-0.03640241416938165
B,1.5,W05,001,20.0,0.75,0.0005,8,0.1,False,,,
B,1.5,W05,001,20.0,0.75,0.0005,8,0.2,False,,,
B,1.5,W05,001,20.0,0.75,0.0005,10,0.1,False,,,
B,1.5,W05,001,20.0,0.75,0.0005,10,0.2,False,,,
B,1.5,W05,001,20.0,0.75,0.001,6,0.1,True,434,0.2370070639778586,-0.030761254403521034
B,1.5,W05,001,20.0,0.75,0.001,6,0.2,True,434,0.2370070639778586,-0.030761254403521034
B,1.5,W05,001,20.0,0.75,0.001,8,0.1,True,434,0.2370070639778586,-0.030761254403521034
B,1.5,W05,001,20.0,0.75,0.001,8,0.2,True,434,0.2370070639778586,-0.030761254403521034
B,1.5,W05,001,20.0,0.75,0.001,10,0.1,True,456,0.31977471270981955,-0.04494995317038368
B,1.5,W05,001,20.0,0.75,0.001,10,0.2,True,458,0.3324060190249892,-0.046355576199643755
B,1.5,W05,001,20.0,0.8,0.0005,6,0.1,True,436,0.24251218162038746,-0.03150388960014371
B,1.5,W05,001,20.0,0.8,0.0005,6,0.2,True,436,0.24251218162038746,-0.03150388960014371
B,1.5,W05,001,20.0,0.8,0.0005,8,0.1,True,436,0.24251218162038746,-0.03150388960014371
B,1.5,W05,001,20.0,0.8,0.0005,8,0.2,True,436,0.24251218162038746,-0.03150388960014371
B,1.5,W05,001,20.0,0.8,0.0005,10,0.1,False,,,
B,1.5,W05,001,20.0,0.8,0.0005,10,0.2,False,,,
B,1.5,W05,001,20.0,0.8,0.001,6,0.1,True,433,0.23513891613658736,-0.030573775115258554
B,1.5,W05,001,20.0,0.8,0.001,6,0.2,True,433,0.23513891613658736,-0.030573775115258554
B,1.5,W05,001,20.0,0.8,0.001,8,0.1,True,433,0.23513891613658736,-0.030573775115258554
B,1.5,W05,001,20.0,0.8,0.001,8,0.2,False,,,
B,1.5,W05,001,20.0,0.8,0.001,10,0.1,True,433,0.23513891613658736,-0.030573775115258554
B,1.5,W05,001,20.0,0.8,0.001,10,0.2,False,,,
B,1.5,W05,001,25.0,0.7,0.0005,6,0.1,True,428,0.23213177152416287,-0.03041869182797039
B,1.5,W05,001,25.0,0.7,0.0005,6,0.2,True,428,0.23213177152416287,-0.03041869182797039
B,1.5,W05,001,25.0,0.7,0.0005,8,0.1,False,,,
B,1.5,W05,001,25.0,0.7,0.0005,8,0.2,False,,,
B,1.5,W05,001,25.0,0.7,0.0005,10,0.1,False,,,
B,1.5,W05,001,25.0,0.7,0.0005,10,0.2,False,,,
B,1.5,W05,001,25.0,0.7,0.001,6,0.1,True,442,0.2637867287677877,-0.035324511282584244
B,1.5,W05,001,25.0,0.7,0.001,6,0.2,True,460,0.34645228789133187,-0.04768341560574139
B,1.5,W05,001,25.0,0.7,0.001,8,0.1,True,442,0.2637867287677877,-0.035324511282584244
B,1.5,W05,001,25.0,0.7,0.001,8,0.2,True,460,0.34645228789133187,-0.04768341560574139
B,1.5,W05,001,25.0,0.7,0.001,10,0.1,True,442,0.2637867287677877,-0.035324511282584244
B,1.5,W05,001,25.0,0.7,0.001,10,0.2,True,460,0.34645228789133187,-0.04768341560574139
B,1.5,W05,001,25.0,0.75,0.0005,6,0.1,True,433,0.23513891613658736,-0.030573775115258554
B,1.5,W05,001,25.0,0.75,0.0005,6,0.2,False,,,
B,1.5,W05,001,25.0,0.75,0.0005,8,0.1,True,433,0.23513891613658736,-0.030573775115258554
B,1.5,W05,001,25.0,0.75,0.0005,8,0.2,False,,,
B,1.5,W05,001,25.0,0.75,0.0005,10,0.1,True,433,0.23513891613658736,-0.030573775115258554
B,1.5,W05,001,25.0,0.75,0.0005,10,0.2,False,,,
B,1.5,W05,001,25.0,0.75,0.001,6,0.1,True,440,0.25687475086135025,-0.0340749696992776
B,1.5,W05,001,25.0,0.75,0.001,6,0.2,True,460,0.34645228789133187,-0.04768341560574139
B,1.5,W05,001,25.0,0.75,0.001,8,0.1,True,440,0.25687475086135025,-0.0340749696992776
B,1.5,W05,001,25.0,0.75,0.001,8,0.2,True,460,0.34645228789133187,-0.04768341560574139
B,1.5,W05,001,25.0,0.75,0.001,10,0.1,True,440,0.25687475086135025,-0.0340749696992776
B,1.5,W05,001,25.0,0.75,0.001,10,0.2,True,460,0.34645228789133187,-0.04768341560574139
B,1.5,W05,001,25.0,0.8,0.0005,6,0.1,True,434,0.2370070639778586,-0.030761254403521034
B,1.5,W05,001,25.0,0.8,0.0005,6,0.2,True,434,0.2370070639778586,-0.030761254403521034
B,1.5,W05,001,25.0,0.8,0.0005,8,0.1,True,434,0.2370070639778586,-0.030761254403521034
B,1.5,W05,001,25.0,0.8,0.0005,8,0.2,True,434,0.2370070639778586,-0.030761254403521034
B,1.5,W05,001,25.0,0.8,0.0005,10,0.1,True,434,0.2370070639778586,-0.030761254403521034
B,1.5,W05,001,25.0,0.8,0.0005,10,0.2,True,434,0.2370070639778586,-0.030761254403521034
B,1.5,W05,001,25.0,0.8,0.001,6,0.1,True,388,0.22635206141892603,-0.02923617391463588
B,1.5,W05,001,25.0,0.8,0.001,6,0.2,True,434,0.2370070639778586,-0.030761254403521034
B,1.5,W05,001,25.0,0.8,0.001,8,0.1,True,434,0.2370070639778586,-0.030761254403521034
B,1.5,W05,001,25.0,0.8,0.001,8,0.2,True,434,0.2370070639778586,-0.030761254403521034
B,1.5,W05,001,25.0,0.8,0.001,10,0.1,True,434,0.2370070639778586,-0.030761254403521034
B,1.5,W05,001,25.0,0.8,0.001,10,0.2,True,459,0.3392677876879187,-0.04703761198941399
B,1.5,W05,002,15.0,0.7,0.0005,6,0.1,True,376,0.2045748333877592,-0.03399479355829865
B,1.5,W05,002,15.0,0.7,0.0005,6,0.2,True,376,0.2045748333877592,-0.03399479355829865
B,1.5,W05,002,15.0,0.7,0.0005,8,0.1,True,421,0.22433029337605434,-0.03917294951962001
B,1.5,W05,002,15.0,0.7,0.0005,8,0.2,True,426,0.23875607817030664,-0.043301462015109274
B,1.5,W05,002,15.0,0.7,0.0005,10,0.1,True,421,0.22433029337605434,-0.03917294951962001
B,1.5,W05,002,15.0,0.7,0.0005,10,0.2,True,426,0.23875607817030664,-0.043301462015109274
B,1.5,W05,002,15.0,0.7,0.001,6,0.1,True,376,0.2045748333877592,-0.03399479355829865
B,1.5,W05,002,15.0,0.7,0.001,6,0.2,True,431,0.24465295538973453,-0.04484487180389575
B,1.5,W05,002,15.0,0.7,0.001,8,0.1,True,426,0.23875607817030664,-0.043301462015109274
B,1.5,W05,002,15.0,0.7,0.001,8,0.2,True,431,0.24465295538973453,-0.04484487180389575
B,1.5,W05,002,15.0,0.7,0.001,10,0.1,True,426,0.23875607817030664,-0.043301462015109274
B,1.5,W05,002,15.0,0.7,0.001,10,0.2,True,431,0.24465295538973453,-0.04484487180389575
B,1.5,W05,002,15.0,0.75,0.0005,6,0.1,True,376,0.2045748333877592,-0.03399479355829865
B,1.5,W05,002,15.0,0.75,0.0005,6,0.2,True,426,0.23875607817030664,-0.043301462015109274
B,1.5,W05,002,15.0,0.75,0.0005,8,0.1,True,426,0.23875607817030664,-0.043301462015109274
B,1.5,W05,002,15.0,0.75,0.0005,8,0.2,True,426,0.23875607817030664,-0.043301462015109274
B,1.5,W05,002,15.0,0.75,0.0005,10,0.1,True,426,0.23875607817030664,-0.043301462015109274
B,1.5,W05,002,15.0,0.75,0.0005,10,0.2,True,426,0.23875607817030664,-0.043301462015109274
B,1.5,W05,002,15.0,0.75,0.001,6,0.1,True,426,0.23875607817030664,-0.043301462015109274
B,1.5,W05,002,15.0,0.75,0.001,6,0.2,True,431,0.24465295538973453,-0.04484487180389575
B,1.5,W05,002,15.0,0.75,0.001,8,0.1,True,426,0.23875607817030664,-0.043301462015109274
B,1.5,W05,002,15.0,0.75,0.001,8,0.2,True,431,0.24465295538973453,-0.04484487180389575
B,1.5,W05,002,15.0,0.75,0.001,10,0.1,True,426,0.23875607817030664,-0.043301462015109274
B,1.5,W05,002,15.0,0.75,0.001,10,0.2,True,431,0.24465295538973453,-0.04484487180389575
B,1.5,W05,002,15.0,0.8,0.0005,6,0.1,True,457,0.3231064757304405,-0.06351365160141419
B,1.5,W05,002,15.0,0.8,0.0005,6,0.2,True,458,0.32877534227584726,-0.06456369684258503
B,1.5,W05,002,15.0,0.8,0.0005,8,0.1,True,457,0.3231064757304405,-0.06351365160141419
B,1.5,W05,002,15.0,0.8,0.0005,8,0.2,True,458,0.32877534227584726,-0.06456369684258503
B,1.5,W05,002,15.0,0.8,0.0005,10,0.1,True,457,0.3231064757304405,-0.06351365160141419
B,1.5,W05,002,15.0,0.8,0.0005,10,0.2,True,458,0.32877534227584726,-0.06456369684258503
B,1.5,W05,002,15.0,0.8,0.001,6,0.1,True,426,0.23875607817030664,-0.043301462015109274
B,1.5,W05,002,15.0,0.8,0.001,6,0.2,True,431,0.24465295538973453,-0.04484487180389575
B,1.5,W05,002,15.0,0.8,0.001,8,0.1,True,426,0.23875607817030664,-0.043301462015109274
B,1.5,W05,002,15.0,0.8,0.001,8,0.2,True,431,0.24465295538973453,-0.04484487180389575
B,1.5,W05,002,15.0,0.8,0.001,10,0.1,True,426,0.23875607817030664,-0.043301462015109274
B,1.5,W05,002,15.0,0.8,0.001,10,0.2,True,431,0.24465295538973453,-0.04484487180389575
B,1.5,W05,002,20.0,0.7,0.0005,6,0.1,True,376,0.20446553126429068,-0.03399372033097527
B,1.5,W05,002,20.0,0.7,0.0005,6,0.2,True,426,0.2386605195475347,-0.043277998426646896
B,1.5,W05,002,20.0,0.7,0.0005,8,0.1,True,426,0.2386605195475347,-0.043277998426646896
B,1.5,W05,002,20.0,0.7,0.0005,8,0.2,True,426,0.2386605195475347,-0.043277998426646896
B,1.5,W05,002,20.0,0.7,0.0005,10,0.1,True,426,0.2386605195475347,-0.043277998426646896
B,1.5,W05,002,20.0,0.7,0.0005,10,0.2,True,426,0.2386605195475347,-0.043277998426646896
B,1.5,W05,002,20.0,0.7,0.001,6,0.1,True,376,0.20446553126429068,-0.03399372033097527
B,1.5,W05,002,20.0,0.7,0.001,6,0.2,True,431,0.24450901918339008,-0.044821790560628426
B,1.5,W05,002,20.0,0.7,0.001,8,0.1,True,426,0.2386605195475347,-0.043277998426646896
B,1.5,W05,002,20.0,0.7,0.001,8,0.2,True,431,0.24450901918339008,-0.044821790560628426
B,1.5,W05,002,20.0,0.7,0.001,10,0.1,True,426,0.2386605195475347,-0.043277998426646896
B,1.5,W05,002,20.0,0.7,0.001,10,0.2,True,431,0.24450901918339008,-0.044821790560628426
B,1.5,W05,002,20.0,0.75,0.0005,6,0.1,True,376,0.20446553126429068,-0.03399372033097527
B,1.5,W05,002,20.0,0.75,0.0005,6,0.2,True,426,0.2386605195475347,-0.043277998426646896
B,1.5,W05,002,20.0,0.75,0.0005,8,0.1,True,426,0.2386605195475347,-0.043277998426646896
B,1.5,W05,002,20.0,0.75,0.0005,8,0.2,True,426,0.2386605195475347,-0.043277998426646896
B,1.5,W05,002,20.0,0.75,0.0005,10,0.1,True,426,0.2386605195475347,-0.043277998426646896
B,1.5,W05,002,20.0,0.75,0.0005,10,0.2,True,426,0.2386605195475347,-0.043277998426646896
B,1.5,W05,002,20.0,0.75,0.001,6,0.1,True,426,0.2386605195475347,-0.043277998426646896
B,1.5,W05,002,20.0,0.75,0.001,6,0.2,True,431,0.24450901918339008,-0.044821790560628426
B,1.5,W05,002,20.0,0.75,0.001,8,0.1,True,426,0.2386605195475347,-0.043277998426646896
B,1.5,W05,002,20.0,0.75,0.001,8,0.2,True,431,0.24450901918339008,-0.044821790560628426
B,1.5,W05,002,20.0,0.75,0.001,10,0.1,True,426,0.2386605195475347,-0.043277998426646896
B,1.5,W05,002,20.0,0.75,0.001,10,0.2,True,463,0.36073440810044605,-0.069875171464501
B,1.5,W05,002,20.0,0.8,0.0005,6,0.1,True,426,0.2386605195475347,-0.043277998426646896
B,1.5,W05,002,20.0,0.8,0.0005,6,0.2,True,426,0.2386605195475347,-0.043277998426646896
B,1.5,W05,002,20.0,0.8,0.0005,8,0.1,True,426,0.2386605195475347,-0.043277998426646896
B,1.5,W05,002,20.0,0.8,0.0005,8,0.2,True,426,0.2386605195475347,-0.043277998426646896
B,1.5,W05,002,20.0,0.8,0.0005,10,0.1,True,426,0.2386605195475347,-0.043277998426646896
B,1.5,W05,002,20.0,0.8,0.0005,10,0.2,True,426,0.2386605195475347,-0.043277998426646896
B,1.5,W05,002,20.0,0.8,0.001,6,0.1,True,431,0.24450901918339008,-0.044821790560628426
B,1.5,W05,002,20.0,0.8,0.001,6,0.2,True,431,0.24450901918339008,-0.044821790560628426
B,1.5,W05,002,20.0,0.8,0.001,8,0.1,True,431,0.24450901918339008,-0.044821790560628426
B,1.5,W05,002,20.0,0.8,0.001,8,0.2,True,463,0.36073440810044605,-0.069875171464501
B,1.5,W05,002,20.0,0.8,0.001,10,0.1,True,431,0.24450901918339008,-0.044821790560628426
B,1.5,W05,002,20.0,0.8,0.001,10,0.2,True,463,0.36073440810044605,-0.069875171464501
B,1.5,W05,002,25.0,0.7,0.0005,6,0.1,True,376,0.20446553126429068,-0.03399372033097527
B,1.5,W05,002,25.0,0.7,0.0005,6,0.2,True,426,0.2386605195475347,-0.043277998426646896
B,1.5,W05,002,25.0,0.7,0.0005,8,0.1,True,426,0.2386605195475347,-0.043277998426646896
B,1.5,W05,002,25.0,0.7,0.0005,8,0.2,True,426,0.2386605195475347,-0.043277998426646896
B,1.5,W05,002,25.0,0.7,0.0005,10,0.1,True,426,0.2386605195475347,-0.043277998426646896
B,1.5,W05,002,25.0,0.7,0.0005,10,0.2,True,426,0.2386605195475347,-0.043277998426646896
B,1.5,W05,002,25.0,0.7,0.001,6,0.1,True,431,0.24450901918339008,-0.044821790560628426
B,1.5,W05,002,25.0,0.7,0.001,6,0.2,True,464,0.36781176924705505,-0.07085987609444243
B,1.5,W05,002,25.0,0.7,0.001,8,0.1,True,431,0.24450901918339008,-0.044821790560628426
B,1.5,W05,002,25.0,0.7,0.001,8,0.2,True,464,0.36781176924705505,-0.07085987609444243
B,1.5,W05,002,25.0,0.7,0.001,10,0.1,True,431,0.24450901918339008,-0.044821790560628426
B,1.5,W05,002,25.0,0.7,0.001,10,0.2,False,,,
B,1.5,W05,002,25.0,0.75,0.0005,6,0.1,True,376,0.20446553126429068,-0.03399372033097527
B,1.5,W05,002,25.0,0.75,0.0005,6,0.2,True,426,0.2386605195475347,-0.043277998426646896
B,1.5,W05,002,25.0,0.75,0.0005,8,0.1,True,426,0.2386605195475347,-0.043277998426646896
B,1.5,W05,002,25.0,0.75,0.0005,8,0.2,True,426,0.2386605195475347,-0.043277998426646896
B,1.5,W05,002,25.0,0.75,0.0005,10,0.1,True,426,0.2386605195475347,-0.043277998426646896
B,1.5,W05,002,25.0,0.75,0.0005,10,0.2,True,426,0.2386605195475347,-0.043277998426646896
B,1.5,W05,002,25.0,0.75,0.001,6,0.1,True,431,0.24450901918339008,-0.044821790560628426
B,1.5,W05,002,25.0,0.75,0.001,6,0.2,True,467,0.3900212121732307,-0.07378456244866054
B,1.5,W05,002,25.0,0.75,0.001,8,0.1,True,431,0.24450901918339008,-0.044821790560628426
B,1.5,W05,002,25.0,0.75,0.001,8,0.2,False,,,
B,1.5,W05,002,25.0,0.75,0.001,10,0.1,True,431,0.24450901918339008,-0.044821790560628426
B,1.5,W05,002,25.0,0.75,0.001,10,0.2,False,,,
B,1.5,W05,002,25.0,0.8,0.0005,6,0.1,True,426,0.2386605195475347,-0.043277998426646896
B,1.5,W05,002,25.0,0.8,0.0005,6,0.2,True,431,0.24450901918339008,-0.044821790560628426
B,1.5,W05,002,25.0,0.8,0.0005,8,0.1,True,426,0.2386605195475347,-0.043277998426646896
B,1.5,W05,002,25.0,0.8,0.0005,8,0.2,True,431,0.24450901918339008,-0.044821790560628426
B,1.5,W05,002,25.0,0.8,0.0005,10,0.1,True,426,0.2386605195475347,-0.043277998426646896
B,1.5,W05,002,25.0,0.8,0.0005,10,0.2,True,455,0.31289050886125275,-0.061411290909304764
B,1.5,W05,002,25.0,0.8,0.001,6,0.1,True,431,0.24450901918339008,-0.044821790560628426
B,1.5,W05,002,25.0,0.8,0.001,6,0.2,True,467,0.3900212121732307,-0.07378456244866054
B,1.5,W05,002,25.0,0.8,0.001,8,0.1,True,431,0.24450901918339008,-0.044821790560628426
B,1.5,W05,002,25.0,0.8,0.001,8,0.2,False,,,
B,1.5,W05,002,25.0,0.8,0.001,10,0.1,True,459,0.3342909167210261,-0.06550305291558757
B,1.5,W05,002,25.0,0.8,0.001,10,0.2,False,,,
B,1.5,W08,001,15.0,0.7,0.0005,6,0.1,True,435,0.21141296546710164,0.00817596628085563
B,1.5,W08,001,15.0,0.7,0.0005,6,0.2,True,435,0.21141296546710164,0.00817596628085563
B,1.5,W08,001,15.0,0.7,0.0005,8,0.1,True,435,0.21141296546710164,0.00817596628085563
B,1.5,W08,001,15.0,0.7,0.0005,8,0.2,True,435,0.21141296546710164,0.00817596628085563
B,1.5,W08,001,15.0,0.7,0.0005,10,0.1,False,,,
B,1.5,W08,001,15.0,0.7,0.0005,10,0.2,False,,,
B,1.5,W08,001,15.0,0.7,0.001,6,0.1,True,439,0.21820563587703204,0.007914430510840918
B,1.5,W08,001,15.0,0.7,0.001,6,0.2,True,440,0.22138131723592155,0.007702839805891639
B,1.5,W08,001,15.0,0.7,0.001,8,0.1,True,439,0.21820563587703204,0.007914430510840918
B,1.5,W08,001,15.0,0.7,0.001,8,0.2,True,440,0.22138131723592155,0.007702839805891639
B,1.5,W08,001,15.0,0.7,0.001,10,0.1,True,439,0.21820563587703204,0.007914430510840918
B,1.5,W08,001,15.0,0.7,0.001,10,0.2,True,440,0.22138131723592155,0.007702839805891639
B,1.5,W08,001,15.0,0.75,0.0005,6,0.1,True,435,0.21141296546710164,0.00817596628085563
B,1.5,W08,001,15.0,0.75,0.0005,6,0.2,True,436,0.2120618375116273,0.00819560071747554
B,1.5,W08,001,15.0,0.75,0.0005,8,0.1,True,435,0.21141296546710164,0.00817596628085563
B,1.5,W08,001,15.0,0.75,0.0005,8,0.2,True,436,0.2120618375116273,0.00819560071747554
B,1.5,W08,001,15.0,0.75,0.0005,10,0.1,True,435,0.21141296546710164,0.00817596628085563
B,1.5,W08,001,15.0,0.75,0.0005,10,0.2,True,436,0.2120618375116273,0.00819560071747554
B,1.5,W08,001,15.0,0.75,0.001,6,0.1,True,440,0.22138131723592155,0.007702839805891639
B,1.5,W08,001,15.0,0.75,0.001,6,0.2,True,441,0.22521864485583806,0.007386075136692901
B,1.5,W08,001,15.0,0.75,0.001,8,0.1,True,440,0.22138131723592155,0.007702839805891639
B,1.5,W08,001,15.0,0.75,0.001,8,0.2,True,441,0.22521864485583806,0.007386075136692901
B,1.5,W08,001,15.0,0.75,0.001,10,0.1,True,440,0.22138131723592155,0.007702839805891639
B,1.5,W08,001,15.0,0.75,0.001,10,0.2,True,441,0.22521864485583806,0.007386075136692901
B,1.5,W08,001,15.0,0.8,0.0005,6,0.1,True,438,0.2155553529921331,0.008026801735947007
B,1.5,W08,001,15.0,0.8,0.0005,6,0.2,True,453,0.2795071119540616,0.0034446259470362413
B,1.5,W08,001,15.0,0.8,0.0005,8,0.1,True,453,0.2795071119540616,0.0034446259470362413
B,1.5,W08,001,15.0,0.8,0.0005,8,0.2,True,453,0.2795071119540616,0.0034446259470362413
B,1.5,W08,001,15.0,0.8,0.0005,10,0.1,True,453,0.2795071119540616,0.0034446259470362413
B,1.5,W08,001,15.0,0.8,0.0005,10,0.2,True,453,0.2795071119540616,0.0034446259470362413
B,1.5,W08,001,15.0,0.8,0.001,6,0.1,True,442,0.229613863716,0.007005544379353523
B,1.5,W08,001,15.0,0.8,0.001,6,0.2,True,443,0.23415520826452657,0.006563318207075721
B,1.5,W08,001,15.0,0.8,0.001,8,0.1,True,442,0.229613863716,0.007005544379353523
B,1.5,W08,001,15.0,0.8,0.001,8,0.2,True,443,0.23415520826452657,0.006563318207075721
B,1.5,W08,001,15.0,0.8,0.001,10,0.1,True,442,0.229613863716,0.007005544379353523
B,1.5,W08,001,15.0,0.8,0.001,10,0.2,True,443,0.23415520826452657,0.006563318207075721
B,1.5,W08,001,20.0,0.7,0.0005,6,0.1,True,438,0.2155553529921331,0.008026801735947007
B,1.5,W08,001,20.0,0.7,0.0005,6,0.2,True,438,0.2155553529921331,0.008026801735947007
B,1.5,W08,001,20.0,0.7,0.0005,8,0.1,True,454,0.28496335603688894,0.0032624816031832445
B,1.5,W08,001,20.0,0.7,0.0005,8,0.2,True,454,0.28496335603688894,0.0032624816031832445
B,1.5,W08,001,20.0,0.7,0.0005,10,0.1,True,454,0.28496335603688894,0.0032624816031832445
B,1.5,W08,001,20.0,0.7,0.0005,10,0.2,True,454,0.28496335603688894,0.0032624816031832445
B,1.5,W08,001,20.0,0.7,0.001,6,0.1,True,442,0.229613863716,0.007005544379353523
B,1.5,W08,001,20.0,0.7,0.001,6,0.2,True,443,0.23415520826452657,0.006563318207075721
B,1.5,W08,001,20.0,0.7,0.001,8,0.1,True,442,0.229613863716,0.007005544379353523
B,1.5,W08,001,20.0,0.7,0.001,8,0.2,True,443,0.23415520826452657,0.006563318207075721
B,1.5,W08,001,20.0,0.7,0.001,10,0.1,True,442,0.229613863716,0.007005544379353523
B,1.5,W08,001,20.0,0.7,0.001,10,0.2,True,443,0.23415520826452657,0.006563318207075721
B,1.5,W08,001,20.0,0.75,0.0005,6,0.1,True,439,0.21820563587703204,0.007914430510840918
B,1.5,W08,001,20.0,0.75,0.0005,6,0.2,True,439,0.21820563587703204,0.007914430510840918
B,1.5,W08,001,20.0,0.75,0.0005,8,0.1,True,439,0.21820563587703204,0.007914430510840918
B,1.5,W08,001,20.0,0.75,0.0005,8,0.2,True,451,0.2692224877445321,0.0038873908158979916
B,1.5,W08,001,20.0,0.75,0.0005,10,0.1,True,451,0.2692224877445321,0.0038873908158979916
B,1.5,W08,001,20.0,0.75,0.0005,10,0.2,True,451,0.2692224877445321,0.0038873908158979916
B,1.5,W08,001,20.0,0.75,0.001,6,0.1,True,442,0.229613863716,0.007005544379353523
B,1.5,W08,001,20.0,0.75,0.001,6,0.2,True,444,0.2384064285770843,0.006090676902156127
B,1.5,W08,001,20.0,0.75,0.001,8,0.1,True,442,0.229613863716,0.007005544379353523
B,1.5,W08,001,20.0,0.75,0.001,8,0.2,True,444,0.2384064285770843,0.006090676902156127
B,1.5,W08,001,20.0,0.75,0.001,10,0.1,True,442,0.229613863716,0.007005544379353523
B,1.5,W08,001,20.0,0.75,0.001,10,0.2,True,444,0.2384064285770843,0.006090676902156127
B,1.5,W08,001,20.0,0.8,0.0005,6,0.1,True,441,0.22521864485583806,0.007386075136692901
B,1.5,W08,001,20.0,0.8,0.0005,6,0.2,True,441,0.22521864485583806,0.007386075136692901
B,1.5,W08,001,20.0,0.8,0.0005,8,0.1,True,441,0.22521864485583806,0.007386075136692901
B,1.5,W08,001,20.0,0.8,0.0005,8,0.2,True,441,0.22521864485583806,0.007386075136692901
B,1.5,W08,001,20.0,0.8,0.0005,10,0.1,True,441,0.22521864485583806,0.007386075136692901
B,1.5,W08,001,20.0,0.8,0.0005,10,0.2,True,441,0.22521864485583806,0.007386075136692901
B,1.5,W08,001,20.0,0.8,0.001,6,0.1,True,444,0.2384064285770843,0.006090676902156127
B,1.5,W08,001,20.0,0.8,0.001,6,0.2,True,445,0.24257318793158783,0.005640018339219846
B,1.5,W08,001,20.0,0.8,0.001,8,0.1,True,444,0.2384064285770843,0.006090676902156127
B,1.5,W08,001,20.0,0.8,0.001,8,0.2,True,445,0.24257318793158783,0.005640018339219846
B,1.5,W08,001,20.0,0.8,0.001,10,0.1,True,444,0.2384064285770843,0.006090676902156127
B,1.5,W08,001,20.0,0.8,0.001,10,0.2,True,445,0.24257318793158783,0.005640018339219846
B,1.5,W08,001,25.0,0.7,0.0005,6,0.1,True,440,0.22138131723592155,0.007702839805891639
B,1.5,W08,001,25.0,0.7,0.0005,6,0.2,True,440,0.22138131723592155,0.007702839805891639
B,1.5,W08,001,25.0,0.7,0.0005,8,0.1,True,440,0.22138131723592155,0.007702839805891639
B,1.5,W08,001,25.0,0.7,0.0005,8,0.2,True,440,0.22138131723592155,0.007702839805891639
B,1.5,W08,001,25.0,0.7,0.0005,10,0.1,True,440,0.22138131723592155,0.007702839805891639
B,1.5,W08,001,25.0,0.7,0.0005,10,0.2,True,440,0.22138131723592155,0.007702839805891639
B,1.5,W08,001,25.0,0.7,0.001,6,0.1,True,443,0.23415520826452657,0.006563318207075721
B,1.5,W08,001,25.0,0.7,0.001,6,0.2,True,446,0.24675099022294344,0.005251760937665638
B,1.5,W08,001,25.0,0.7,0.001,8,0.1,True,443,0.23415520826452657,0.006563318207075721
B,1.5,W08,001,25.0,0.7,0.001,8,0.2,True,446,0.24675099022294344,0.005251760937665638
B,1.5,W08,001,25.0,0.7,0.001,10,0.1,True,443,0.23415520826452657,0.006563318207075721
B,1.5,W08,001,25.0,0.7,0.001,10,0.2,True,446,0.24675099022294344,0.005251760937665638
B,1.5,W08,001,25.0,0.75,0.0005,6,0.1,True,441,0.22521864485583806,0.007386075136692901
B,1.5,W08,001,25.0,0.75,0.0005,6,0.2,True,441,0.22521864485583806,0.007386075136692901
B,1.5,W08,001,25.0,0.75,0.0005,8,0.1,True,441,0.22521864485583806,0.007386075136692901
B,1.5,W08,001,25.0,0.75,0.0005,8,0.2,True,441,0.22521864485583806,0.007386075136692901
B,1.5,W08,001,25.0,0.75,0.0005,10,0.1,True,441,0.22521864485583806,0.007386075136692901
B,1.5,W08,001,25.0,0.75,0.0005,10,0.2,True,441,0.22521864485583806,0.007386075136692901
B,1.5,W08,001,25.0,0.75,0.001,6,0.1,True,444,0.2384064285770843,0.006090676902156127
B,1.5,W08,001,25.0,0.75,0.001,6,0.2,True,446,0.24675099022294344,0.005251760937665638
B,1.5,W08,001,25.0,0.75,0.001,8,0.1,True,444,0.2384064285770843,0.006090676902156127
B,1.5,W08,001,25.0,0.75,0.001,8,0.2,True,446,0.24675099022294344,0.005251760937665638
B,1.5,W08,001,25.0,0.75,0.001,10,0.1,True,444,0.2384064285770843,0.006090676902156127
B,1.5,W08,001,25.0,0.75,0.001,10,0.2,True,446,0.24675099022294344,0.005251760937665638
B,1.5,W08,001,25.0,0.8,0.0005,6,0.1,True,442,0.229613863716,0.007005544379353523
B,1.5,W08,001,25.0,0.8,0.0005,6,0.2,True,443,0.23415520826452657,0.006563318207075721
B,1.5,W08,001,25.0,0.8,0.0005,8,0.1,True,442,0.229613863716,0.007005544379353523
B,1.5,W08,001,25.0,0.8,0.0005,8,0.2,True,443,0.23415520826452657,0.006563318207075721
B,1.5,W08,001,25.0,0.8,0.0005,10,0.1,True,442,0.229613863716,0.007005544379353523
B,1.5,W08,001,25.0,0.8,0.0005,10,0.2,True,443,0.23415520826452657,0.006563318207075721
B,1.5,W08,001,25.0,0.8,0.001,6,0.1,True,444,0.2384064285770843,0.006090676902156127
B,1.5,W08,001,25.0,0.8,0.001,6,0.2,True,447,0.2508283522176115,0.004916999489068985
B,1.5,W08,001,25.0,0.8,0.001,8,0.1,True,444,0.2384064285770843,0.006090676902156127
B,1.5,W08,001,25.0,0.8,0.001,8,0.2,True,447,0.2508283522176115,0.004916999489068985
B,1.5,W08,001,25.0,0.8,0.001,10,0.1,True,444,0.2384064285770843,0.006090676902156127
B,1.5,W08,001,25.0,0.8,0.001,10,0.2,True,447,0.2508283522176115,0.004916999489068985
B,1.5,W08,002,15.0,0.7,0.0005,6,0.1,True,367,0.1854761787935307,0.009199816047361023
B,1.5,W08,002,15.0,0.7,0.0005,6,0.2,True,367,0.1854761787935307,0.009199816047361023
B,1.5,W08,002,15.0,0.7,0.0005,8,0.1,True,367,0.1854761787935307,0.009199816047361023
B,1.5,W08,002,15.0,0.7,0.0005,8,0.2,True,367,0.1854761787935307,0.009199816047361023
B,1.5,W08,002,15.0,0.7,0.0005,10,0.1,False,,,
B,1.5,W08,002,15.0,0.7,0.0005,10,0.2,False,,,
B,1.5,W08,002,15.0,0.7,0.001,6,0.1,True,429,0.2262912020087242,0.0057735562716659744
B,1.5,W08,002,15.0,0.7,0.001,6,0.2,True,431,0.23026164915216596,0.005331260691347875
B,1.5,W08,002,15.0,0.7,0.001,8,0.1,True,429,0.2262912020087242,0.0057735562716659744
B,1.5,W08,002,15.0,0.7,0.001,8,0.2,True,431,0.23026164915216596,0.005331260691347875
B,1.5,W08,002,15.0,0.7,0.001,10,0.1,True,429,0.2262912020087242,0.0057735562716659744
B,1.5,W08,002,15.0,0.7,0.001,10,0.2,True,431,0.23026164915216596,0.005331260691347875
B,1.5,W08,002,15.0,0.75,0.0005,6,0.1,True,357,0.16068934041418528,0.011377191073016116
B,1.5,W08,002,15.0,0.75,0.0005,6,0.2,True,357,0.16068934041418528,0.011377191073016116
B,1.5,W08,002,15.0,0.75,0.0005,8,0.1,True,357,0.16068934041418528,0.011377191073016116
B,1.5,W08,002,15.0,0.75,0.0005,8,0.2,True,357,0.16068934041418528,0.011377191073016116
B,1.5,W08,002,15.0,0.75,0.0005,10,0.1,True,357,0.16068934041418528,0.011377191073016116
B,1.5,W08,002,15.0,0.75,0.0005,10,0.2,True,357,0.16068934041418528,0.011377191073016116
B,1.5,W08,002,15.0,0.75,0.001,6,0.1,True,424,0.21334540883177205,0.006944932239620309
B,1.5,W08,002,15.0,0.75,0.001,6,0.2,True,428,0.22427206074720935,0.005955985012023072
B,1.5,W08,002,15.0,0.75,0.001,8,0.1,True,424,0.21334540883177205,0.006944932239620309
B,1.5,W08,002,15.0,0.75,0.001,8,0.2,True,428,0.22427206074720935,0.005955985012023072
B,1.5,W08,002,15.0,0.75,0.001,10,0.1,True,424,0.21334540883177205,0.006944932239620309
B,1.5,W08,002,15.0,0.75,0.001,10,0.2,True,428,0.22427206074720935,0.005955985012023072
B,1.5,W08,002,15.0,0.8,0.0005,6,0.1,True,425,0.21650675429325356,0.006617906846498188
B,1.5,W08,002,15.0,0.8,0.0005,6,0.2,True,427,0.22182468207258926,0.006192436441779137
B,1.5,W08,002,15.0,0.8,0.0005,8,0.1,True,425,0.21650675429325356,0.006617906846498188
B,1.5,W08,002,15.0,0.8,0.0005,8,0.2,True,427,0.22182468207258926,0.006192436441779137
B,1.5,W08,002,15.0,0.8,0.0005,10,0.1,True,425,0.21650675429325356,0.006617906846498188
B,1.5,W08,002,15.0,0.8,0.0005,10,0.2,True,427,0.22182468207258926,0.006192436441779137
B,1.5,W08,002,15.0,0.8,0.001,6,0.1,True,424,0.21334540883177205,0.006944932239620309
B,1.5,W08,002,15.0,0.8,0.001,6,0.2,True,427,0.22182468207258926,0.006192436441779137
B,1.5,W08,002,15.0,0.8,0.001,8,0.1,True,424,0.21334540883177205,0.006944932239620309
B,1.5,W08,002,15.0,0.8,0.001,8,0.2,True,427,0.22182468207258926,0.006192436441779137
B,1.5,W08,002,15.0,0.8,0.001,10,0.1,True,424,0.21334540883177205,0.006944932239620309
B,1.5,W08,002,15.0,0.8,0.001,10,0.2,True,427,0.22182468207258926,0.006192436441779137
B,1.5,W08,002,20.0,0.7,0.0005,6,0.1,True,362,0.18004390087566877,0.009709902597885383
B,1.5,W08,002,20.0,0.7,0.0005,6,0.2,True,430,0.2282618513624919,0.005569908375802793
B,1.5,W08,002,20.0,0.7,0.0005,8,0.1,True,362,0.18004390087566877,0.009709902597885383
B,1.5,W08,002,20.0,0.7,0.0005,8,0.2,True,430,0.2282618513624919,0.005569908375802793
B,1.5,W08,002,20.0,0.7,0.0005,10,0.1,True,429,0.2262912020087242,0.0057735562716659744
B,1.5,W08,002,20.0,0.7,0.0005,10,0.2,True,430,0.2282618513624919,0.005569908375802793
B,1.5,W08,002,20.0,0.7,0.001,6,0.1,True,426,0.21926932232944588,0.006421342688171487
B,1.5,W08,002,20.0,0.7,0.001,6,0.2,True,429,0.2262912020087242,0.0057735562716659744
B,1.5,W08,002,20.0,0.7,0.001,8,0.1,True,426,0.21926932232944588,0.006421342688171487
B,1.5,W08,002,20.0,0.7,0.001,8,0.2,True,429,0.2262912020087242,0.0057735562716659744
B,1.5,W08,002,20.0,0.7,0.001,10,0.1,True,426,0.21926932232944588,0.006421342688171487
B,1.5,W08,002,20.0,0.7,0.001,10,0.2,True,429,0.2262912020087242,0.0057735562716659744
B,1.5,W08,002,20.0,0.75,0.0005,6,0.1,True,425,0.21650675429325356,0.006617906846498188
B,1.5,W08,002,20.0,0.75,0.0005,6,0.2,True,427,0.22182468207258926,0.006192436441779137
B,1.5,W08,002,20.0,0.75,0.0005,8,0.1,True,425,0.21650675429325356,0.006617906846498188
B,1.5,W08,002,20.0,0.75,0.0005,8,0.2,True,427,0.22182468207258926,0.006192436441779137
B,1.5,W08,002,20.0,0.75,0.0005,10,0.1,True,425,0.21650675429325356,0.006617906846498188
B,1.5,W08,002,20.0,0.75,0.0005,10,0.2,True,427,0.22182468207258926,0.006192436441779137
B,1.5,W08,002,20.0,0.75,0.001,6,0.1,True,423,0.21018381475618012,0.0071948904936250885
B,1.5,W08,002,20.0,0.75,0.001,6,0.2,True,427,0.22182468207258926,0.006192436441779137
B,1.5,W08,002,20.0,0.75,0.001,8,0.1,True,423,0.21018381475618012,0.0071948904936250885
B,1.5,W08,002,20.0,0.75,0.001,8,0.2,True,427,0.22182468207258926,0.006192436441779137
B,1.5,W08,002,20.0,0.75,0.001,10,0.1,True,423,0.21018381475618012,0.0071948904936250885
B,1.5,W08,002,20.0,0.75,0.001,10,0.2,True,427,0.22182468207258926,0.006192436441779137
B,1.5,W08,002,20.0,0.8,0.0005,6,0.1,True,423,0.21018381475618012,0.0071948904936250885
B,1.5,W08,002,20.0,0.8,0.0005,6,0.2,True,424,0.21334540883177205,0.006944932239620309
B,1.5,W08,002,20.0,0.8,0.0005,8,0.1,True,423,0.21018381475618012,0.0071948904936250885
B,1.5,W08,002,20.0,0.8,0.0005,8,0.2,True,424,0.21334540883177205,0.006944932239620309
B,1.5,W08,002,20.0,0.8,0.0005,10,0.1,True,423,0.21018381475618012,0.0071948904936250885
B,1.5,W08,002,20.0,0.8,0.0005,10,0.2,True,424,0.21334540883177205,0.006944932239620309
B,1.5,W08,002,20.0,0.8,0.001,6,0.1,True,422,0.20684384456590602,0.00745550101917041
B,1.5,W08,002,20.0,0.8,0.001,6,0.2,True,427,0.22182468207258926,0.006192436441779137
B,1.5,W08,002,20.0,0.8,0.001,8,0.1,True,422,0.20684384456590602,0.00745550101917041
B,1.5,W08,002,20.0,0.8,0.001,8,0.2,True,427,0.22182468207258926,0.006192436441779137
B,1.5,W08,002,20.0,0.8,0.001,10,0.1,True,422,0.20684384456590602,0.00745550101917041
B,1.5,W08,002,20.0,0.8,0.001,10,0.2,True,427,0.22182468207258926,0.006192436441779137
B,1.5,W08,002,25.0,0.7,0.0005,6,0.1,True,426,0.21926932232944588,0.006421342688171487
B,1.5,W08,002,25.0,0.7,0.0005,6,0.2,True,428,0.22427206074720935,0.005955985012023072
B,1.5,W08,002,25.0,0.7,0.0005,8,0.1,True,426,0.21926932232944588,0.006421342688171487
B,1.5,W08,002,25.0,0.7,0.0005,8,0.2,True,428,0.22427206074720935,0.005955985012023072
B,1.5,W08,002,25.0,0.7,0.0005,10,0.1,True,426,0.21926932232944588,0.006421342688171487
B,1.5,W08,002,25.0,0.7,0.0005,10,0.2,True,428,0.22427206074720935,0.005955985012023072
B,1.5,W08,002,25.0,0.7,0.001,6,0.1,True,424,0.21334540883177205,0.006944932239620309
B,1.5,W08,002,25.0,0.7,0.001,6,0.2,True,428,0.22427206074720935,0.005955985012023072
B,1.5,W08,002,25.0,0.7,0.001,8,0.1,True,424,0.21334540883177205,0.006944932239620309
B,1.5,W08,002,25.0,0.7,0.001,8,0.2,True,428,0.22427206074720935,0.005955985012023072
B,1.5,W08,002,25.0,0.7,0.001,10,0.1,True,424,0.21334540883177205,0.006944932239620309
B,1.5,W08,002,25.0,0.7,0.001,10,0.2,True,428,0.22427206074720935,0.005955985012023072
B,1.5,W08,002,25.0,0.75,0.0005,6,0.1,True,422,0.20684384456590602,0.00745550101917041
B,1.5,W08,002,25.0,0.75,0.0005,6,0.2,True,424,0.21334540883177205,0.006944932239620309
B,1.5,W08,002,25.0,0.75,0.0005,8,0.1,True,422,0.20684384456590602,0.00745550101917041
B,1.5,W08,002,25.0,0.75,0.0005,8,0.2,True,424,0.21334540883177205,0.006944932239620309
B,1.5,W08,002,25.0,0.75,0.0005,10,0.1,True,422,0.20684384456590602,0.00745550101917041
B,1.5,W08,002,25.0,0.75,0.0005,10,0.2,True,424,0.21334540883177205,0.006944932239620309
B,1.5,W08,002,25.0,0.75,0.001,6,0.1,True,422,0.20684384456590602,0.00745550101917041
B,1.5,W08,002,25.0,0.75,0.001,6,0.2,True,428,0.22427206074720935,0.005955985012023072
B,1.5,W08,002,25.0,0.75,0.001,8,0.1,True,422,0.20684384456590602,0.00745550101917041
B,1.5,W08,002,25.0,0.75,0.001,8,0.2,True,428,0.22427206074720935,0.005955985012023072
B,1.5,W08,002,25.0,0.75,0.001,10,0.1,True,422,0.20684384456590602,0.00745550101917041
B,1.5,W08,002,25.0,0.75,0.001,10,0.2,True,428,0.22427206074720935,0.005955985012023072
B,1.5,W08,002,25.0,0.8,0.0005,6,0.1,True,421,0.20342664910774483,0.0077295578820140735
B,1.5,W08,002,25.0,0.8,0.0005,6,0.2,True,422,0.20684384456590602,0.00745550101917041
B,1.5,W08,002,25.0,0.8,0.0005,8,0.1,True,421,0.20342664910774483,0.0077295578820140735
B,1.5,W08,002,25.0,0.8,0.0005,8,0.2,True,422,0.20684384456590602,0.00745550101917041
B,1.5,W08,002,25.0,0.8,0.0005,10,0.1,True,421,0.20342664910774483,0.0077295578820140735
B,1.5,W08,002,25.0,0.8,0.0005,10,0.2,True,422,0.20684384456590602,0.00745550101917041
B,1.5,W08,002,25.0,0.8,0.001,6,0.1,True,422,0.20684384456590602,0.00745550101917041
B,1.5,W08,002,25.0,0.8,0.001,6,0.2,True,428,0.22427206074720935,0.005955985012023072
B,1.5,W08,002,25.0,0.8,0.001,8,0.1,True,422,0.20684384456590602,0.00745550101917041
B,1.5,W08,002,25.0,0.8,0.001,8,0.2,True,428,0.22427206074720935,0.005955985012023072
B,1.5,W08,002,25.0,0.8,0.001,10,0.1,True,422,0.20684384456590602,0.00745550101917041
B,1.5,W08,002,25.0,0.8,0.001,10,0.2,True,428,0.22427206074720935,0.005955985012023072
B,1.5,W09,001,15.0,0.7,0.0005,6,0.1,True,426,0.21960244504244705,0.018741278173892123
B,1.5,W09,001,15.0,0.7,0.0005,6,0.2,True,426,0.21960244504244705,0.018741278173892123
B,1.5,W09,001,15.0,0.7,0.0005,8,0.1,False,,,
B,1.5,W09,001,15.0,0.7,0.0005,8,0.2,False,,,
B,1.5,W09,001,15.0,0.7,0.0005,10,0.1,False,,,
B,1.5,W09,001,15.0,0.7,0.0005,10,0.2,False,,,
B,1.5,W09,001,15.0,0.7,0.001,6,0.1,True,425,0.21688656156000338,0.018946231293835138
B,1.5,W09,001,15.0,0.7,0.001,6,0.2,True,434,0.25072686981997994,0.01716971652288186
B,1.5,W09,001,15.0,0.7,0.001,8,0.1,True,425,0.21688656156000338,0.018946231293835138
B,1.5,W09,001,15.0,0.7,0.001,8,0.2,True,434,0.25072686981997994,0.01716971652288186
B,1.5,W09,001,15.0,0.7,0.001,10,0.1,True,425,0.21688656156000338,0.018946231293835138
B,1.5,W09,001,15.0,0.7,0.001,10,0.2,True,434,0.25072686981997994,0.01716971652288186
B,1.5,W09,001,15.0,0.75,0.0005,6,0.1,True,426,0.21960244504244705,0.018741278173892123
B,1.5,W09,001,15.0,0.75,0.0005,6,0.2,True,427,0.22271278343702616,0.018556387800919383
B,1.5,W09,001,15.0,0.75,0.0005,8,0.1,True,426,0.21960244504244705,0.018741278173892123
B,1.5,W09,001,15.0,0.75,0.0005,8,0.2,True,427,0.22271278343702616,0.018556387800919383
B,1.5,W09,001,15.0,0.75,0.0005,10,0.1,True,426,0.21960244504244705,0.018741278173892123
B,1.5,W09,001,15.0,0.75,0.0005,10,0.2,True,427,0.22271278343702616,0.018556387800919383
B,1.5,W09,001,15.0,0.75,0.001,6,0.1,True,426,0.21960244504244705,0.018741278173892123
B,1.5,W09,001,15.0,0.75,0.001,6,0.2,True,434,0.25072686981997994,0.01716971652288186
B,1.5,W09,001,15.0,0.75,0.001,8,0.1,True,426,0.21960244504244705,0.018741278173892123
B,1.5,W09,001,15.0,0.75,0.001,8,0.2,True,434,0.25072686981997994,0.01716971652288186
B,1.5,W09,001,15.0,0.75,0.001,10,0.1,True,426,0.21960244504244705,0.018741278173892123
B,1.5,W09,001,15.0,0.75,0.001,10,0.2,True,434,0.25072686981997994,0.01716971652288186
B,1.5,W09,001,15.0,0.8,0.0005,6,0.1,True,421,0.2098868026545173,0.019457116134856876
B,1.5,W09,001,15.0,0.8,0.0005,6,0.2,True,424,0.21471651996436872,0.019119987460343463
B,1.5,W09,001,15.0,0.8,0.0005,8,0.1,True,421,0.2098868026545173,0.019457116134856876
B,1.5,W09,001,15.0,0.8,0.0005,8,0.2,True,424,0.21471651996436872,0.019119987460343463
B,1.5,W09,001,15.0,0.8,0.0005,10,0.1,True,421,0.2098868026545173,0.019457116134856876
B,1.5,W09,001,15.0,0.8,0.0005,10,0.2,True,424,0.21471651996436872,0.019119987460343463
B,1.5,W09,001,15.0,0.8,0.001,6,0.1,True,422,0.21135978616381945,0.019392347257388264
B,1.5,W09,001,15.0,0.8,0.001,6,0.2,True,432,0.24069338115422348,0.017613996800623442
B,1.5,W09,001,15.0,0.8,0.001,8,0.1,True,422,0.21135978616381945,0.019392347257388264
B,1.5,W09,001,15.0,0.8,0.001,8,0.2,True,432,0.24069338115422348,0.017613996800623442
B,1.5,W09,001,15.0,0.8,0.001,10,0.1,True,422,0.21135978616381945,0.019392347257388264
B,1.5,W09,001,15.0,0.8,0.001,10,0.2,True,432,0.24069338115422348,0.017613996800623442
B,1.5,W09,001,20.0,0.7,0.0005,6,0.1,True,419,0.2065972144666471,0.019616637869100822
B,1.5,W09,001,20.0,0.7,0.0005,6,0.2,True,426,0.21960244504244705,0.018741278173892123
B,1.5,W09,001,20.0,0.7,0.0005,8,0.1,True,419,0.2065972144666471,0.019616637869100822
B,1.5,W09,001,20.0,0.7,0.0005,8,0.2,True,426,0.21960244504244705,0.018741278173892123
B,1.5,W09,001,20.0,0.7,0.0005,10,0.1,True,419,0.2065972144666471,0.019616637869100822
B,1.5,W09,001,20.0,0.7,0.0005,10,0.2,True,426,0.21960244504244705,0.018741278173892123
B,1.5,W09,001,20.0,0.7,0.001,6,0.1,True,419,0.2065972144666471,0.019616637869100822
B,1.5,W09,001,20.0,0.7,0.001,6,0.2,True,432,0.24069338115422348,0.017613996800623442
B,1.5,W09,001,20.0,0.7,0.001,8,0.1,True,419,0.2065972144666471,0.019616637869100822
B,1.5,W09,001,20.0,0.7,0.001,8,0.2,True,439,0.2802184835860604,0.016277422932417768
B,1.5,W09,001,20.0,0.7,0.001,10,0.1,True,419,0.2065972144666471,0.019616637869100822
B,1.5,W09,001,20.0,0.7,0.001,10,0.2,True,439,0.2802184835860604,0.016277422932417768
B,1.5,W09,001,20.0,0.75,0.0005,6,0.1,True,418,0.20426798572665766,0.019766328170111303
B,1.5,W09,001,20.0,0.75,0.0005,6,0.2,True,426,0.21960244504244705,0.018741278173892123
B,1.5,W09,001,20.0,0.75,0.0005,8,0.1,True,418,0.20426798572665766,0.019766328170111303
B,1.5,W09,001,20.0,0.75,0.0005,8,0.2,True,426,0.21960244504244705,0.018741278173892123
B,1.5,W09,001,20.0,0.75,0.0005,10,0.1,True,418,0.20426798572665766,0.019766328170111303
B,1.5,W09,001,20.0,0.75,0.0005,10,0.2,True,426,0.21960244504244705,0.018741278173892123
B,1.5,W09,001,20.0,0.75,0.001,6,0.1,True,419,0.2065972144666471,0.019616637869100822
B,1.5,W09,001,20.0,0.75,0.001,6,0.2,True,432,0.24069338115422348,0.017613996800623442
B,1.5,W09,001,20.0,0.75,0.001,8,0.1,True,419,0.2065972144666471,0.019616637869100822
B,1.5,W09,001,20.0,0.75,0.001,8,0.2,True,441,0.29436666361595454,0.015977841752924417
B,1.5,W09,001,20.0,0.75,0.001,10,0.1,True,419,0.2065972144666471,0.019616637869100822
B,1.5,W09,001,20.0,0.75,0.001,10,0.2,False,,,
B,1.5,W09,001,20.0,0.8,0.0005,6,0.1,True,416,0.1986916282851445,0.020026505483608497
B,1.5,W09,001,20.0,0.8,0.0005,6,0.2,True,422,0.21135978616381945,0.019392347257388264
B,1.5,W09,001,20.0,0.8,0.0005,8,0.1,True,416,0.1986916282851445,0.020026505483608497
B,1.5,W09,001,20.0,0.8,0.0005,8,0.2,True,422,0.21135978616381945,0.019392347257388264
B,1.5,W09,001,20.0,0.8,0.0005,10,0.1,True,416,0.1986916282851445,0.020026505483608497
B,1.5,W09,001,20.0,0.8,0.0005,10,0.2,True,422,0.21135978616381945,0.019392347257388264
B,1.5,W09,001,20.0,0.8,0.001,6,0.1,True,418,0.20426798572665766,0.019766328170111303
B,1.5,W09,001,20.0,0.8,0.001,6,0.2,True,431,0.23618486778516518,0.017835330414144618
B,1.5,W09,001,20.0,0.8,0.001,8,0.1,True,418,0.20426798572665766,0.019766328170111303
B,1.5,W09,001,20.0,0.8,0.001,8,0.2,True,431,0.23618486778516518,0.017835330414144618
B,1.5,W09,001,20.0,0.8,0.001,10,0.1,True,418,0.20426798572665766,0.019766328170111303
B,1.5,W09,001,20.0,0.8,0.001,10,0.2,True,431,0.23618486778516518,0.017835330414144618
B,1.5,W09,001,25.0,0.7,0.0005,6,0.1,True,415,0.19531741110902084,0.020164939329812403
B,1.5,W09,001,25.0,0.7,0.0005,6,0.2,True,422,0.21135978616381945,0.019392347257388264
B,1.5,W09,001,25.0,0.7,0.0005,8,0.1,True,415,0.19531741110902084,0.020164939329812403
B,1.5,W09,001,25.0,0.7,0.0005,8,0.2,True,422,0.21135978616381945,0.019392347257388264
B,1.5,W09,001,25.0,0.7,0.0005,10,0.1,True,415,0.19531741110902084,0.020164939329812403
B,1.5,W09,001,25.0,0.7,0.0005,10,0.2,True,422,0.21135978616381945,0.019392347257388264
B,1.5,W09,001,25.0,0.7,0.001,6,0.1,True,418,0.20426798572665766,0.019766328170111303
B,1.5,W09,001,25.0,0.7,0.001,6,0.2,True,431,0.23618486778516518,0.017835330414144618
B,1.5,W09,001,25.0,0.7,0.001,8,0.1,True,418,0.20426798572665766,0.019766328170111303
B,1.5,W09,001,25.0,0.7,0.001,8,0.2,False,,,
B,1.5,W09,001,25.0,0.7,0.001,10,0.1,True,418,0.20426798572665766,0.019766328170111303
B,1.5,W09,001,25.0,0.7,0.001,10,0.2,False,,,
B,1.5,W09,001,25.0,0.75,0.0005,6,0.1,True,415,0.19531741110902084,0.020164939329812403
B,1.5,W09,001,25.0,0.75,0.0005,6,0.2,True,419,0.2065972144666471,0.019616637869100822
B,1.5,W09,001,25.0,0.75,0.0005,8,0.1,True,415,0.19531741110902084,0.020164939329812403
B,1.5,W09,001,25.0,0.75,0.0005,8,0.2,True,419,0.2065972144666471,0.019616637869100822
B,1.5,W09,001,25.0,0.75,0.0005,10,0.1,True,415,0.19531741110902084,0.020164939329812403
B,1.5,W09,001,25.0,0.75,0.0005,10,0.2,True,419,0.2065972144666471,0.019616637869100822
B,1.5,W09,001,25.0,0.75,0.001,6,0.1,True,418,0.20426798572665766,0.019766328170111303
B,1.5,W09,001,25.0,0.75,0.001,6,0.2,True,431,0.23618486778516518,0.017835330414144618
B,1.5,W09,001,25.0,0.75,0.001,8,0.1,True,418,0.20426798572665766,0.019766328170111303
B,1.5,W09,001,25.0,0.75,0.001,8,0.2,False,,,
B,1.5,W09,001,25.0,0.75,0.001,10,0.1,True,418,0.20426798572665766,0.019766328170111303
B,1.5,W09,001,25.0,0.75,0.001,10,0.2,False,,,
B,1.5,W09,001,25.0,0.8,0.0005,6,0.1,True,414,0.19161127860608854,0.020396957762147252
B,1.5,W09,001,25.0,0.8,0.0005,6,0.2,True,418,0.20426798572665766,0.019766328170111303
B,1.5,W09,001,25.0,0.8,0.0005,8,0.1,True,414,0.19161127860608854,0.020396957762147252
B,1.5,W09,001,25.0,0.8,0.0005,8,0.2,True,418,0.20426798572665766,0.019766328170111303
B,1.5,W09,001,25.0,0.8,0.0005,10,0.1,True,414,0.19161127860608854,0.020396957762147252
B,1.5,W09,001,25.0,0.8,0.0005,10,0.2,True,418,0.20426798572665766,0.019766328170111303
B,1.5,W09,001,25.0,0.8,0.001,6,0.1,True,417,0.20162245121441388,0.019913762513744205
B,1.5,W09,001,25.0,0.8,0.001,6,0.2,True,431,0.23618486778516518,0.017835330414144618
B,1.5,W09,001,25.0,0.8,0.001,8,0.1,True,417,0.20162245121441388,0.019913762513744205
B,1.5,W09,001,25.0,0.8,0.001,8,0.2,False,,,
B,1.5,W09,001,25.0,0.8,0.001,10,0.1,True,417,0.20162245121441388,0.019913762513744205
B,1.5,W09,001,25.0,0.8,0.001,10,0.2,False,,,
B,1.5,W09,002,15.0,0.7,0.0005,6,0.1,True,412,0.19855193813380442,0.01938551458481111
B,1.5,W09,002,15.0,0.7,0.0005,6,0.2,True,414,0.20222151475517372,0.019167914300372724
B,1.5,W09,002,15.0,0.7,0.0005,8,0.1,True,412,0.19855193813380442,0.01938551458481111
B,1.5,W09,002,15.0,0.7,0.0005,8,0.2,True,414,0.20222151475517372,0.019167914300372724
B,1.5,W09,002,15.0,0.7,0.0005,10,0.1,True,412,0.19855193813380442,0.01938551458481111
B,1.5,W09,002,15.0,0.7,0.0005,10,0.2,True,414,0.20222151475517372,0.019167914300372724
B,1.5,W09,002,15.0,0.7,0.001,6,0.1,True,414,0.20222151475517372,0.019167914300372724
B,1.5,W09,002,15.0,0.7,0.001,6,0.2,True,417,0.20900959129396238,0.018713779747486115
B,1.5,W09,002,15.0,0.7,0.001,8,0.1,True,414,0.20222151475517372,0.019167914300372724
B,1.5,W09,002,15.0,0.7,0.001,8,0.2,True,417,0.20900959129396238,0.018713779747486115
B,1.5,W09,002,15.0,0.7,0.001,10,0.1,True,414,0.20222151475517372,0.019167914300372724
B,1.5,W09,002,15.0,0.7,0.001,10,0.2,True,417,0.20900959129396238,0.018713779747486115
B,1.5,W09,002,15.0,0.75,0.0005,6,0.1,True,412,0.19855193813380442,0.01938551458481111
B,1.5,W09,002,15.0,0.75,0.0005,6,0.2,True,413,0.20032965784010134,0.01927989613460867
B,1.5,W09,002,15.0,0.75,0.0005,8,0.1,True,412,0.19855193813380442,0.01938551458481111
B,1.5,W09,002,15.0,0.75,0.0005,8,0.2,True,413,0.20032965784010134,0.01927989613460867
B,1.5,W09,002,15.0,0.75,0.0005,10,0.1,True,412,0.19855193813380442,0.01938551458481111
B,1.5,W09,002,15.0,0.75,0.0005,10,0.2,True,413,0.20032965784010134,0.01927989613460867
B,1.5,W09,002,15.0,0.75,0.001,6,0.1,True,413,0.20032965784010134,0.01927989613460867
B,1.5,W09,002,15.0,0.75,0.001,6,0.2,True,418,0.21090949091472125,0.018612096870416088
B,1.5,W09,002,15.0,0.75,0.001,8,0.1,True,413,0.20032965784010134,0.01927989613460867
B,1.5,W09,002,15.0,0.75,0.001,8,0.2,True,418,0.21090949091472125,0.018612096870416088
B,1.5,W09,002,15.0,0.75,0.001,10,0.1,True,413,0.20032965784010134,0.01927989613460867
B,1.5,W09,002,15.0,0.75,0.001,10,0.2,True,418,0.21090949091472125,0.018612096870416088
B,1.5,W09,002,15.0,0.8,0.0005,6,0.1,True,412,0.19855193813380442,0.01938551458481111
B,1.5,W09,002,15.0,0.8,0.0005,6,0.2,True,413,0.20032965784010134,0.01927989613460867
B,1.5,W09,002,15.0,0.8,0.0005,8,0.1,True,412,0.19855193813380442,0.01938551458481111
B,1.5,W09,002,15.0,0.8,0.0005,8,0.2,True,413,0.20032965784010134,0.01927989613460867
B,1.5,W09,002,15.0,0.8,0.0005,10,0.1,True,412,0.19855193813380442,0.01938551458481111
B,1.5,W09,002,15.0,0.8,0.0005,10,0.2,True,413,0.20032965784010134,0.01927989613460867
B,1.5,W09,002,15.0,0.8,0.001,6,0.1,True,413,0.20032965784010134,0.01927989613460867
B,1.5,W09,002,15.0,0.8,0.001,6,0.2,True,418,0.21090949091472125,0.018612096870416088
B,1.5,W09,002,15.0,0.8,0.001,8,0.1,True,413,0.20032965784010134,0.01927989613460867
B,1.5,W09,002,15.0,0.8,0.001,8,0.2,True,418,0.21090949091472125,0.018612096870416088
B,1.5,W09,002,15.0,0.8,0.001,10,0.1,True,413,0.20032965784010134,0.01927989613460867
B,1.5,W09,002,15.0,0.8,0.001,10,0.2,True,418,0.21090949091472125,0.018612096870416088
B,1.5,W09,002,20.0,0.7,0.0005,6,0.1,True,412,0.19866584731560005,0.01938222270262869
B,1.5,W09,002,20.0,0.7,0.0005,6,0.2,True,415,0.20430948251956388,0.019070377083201157
B,1.5,W09,002,20.0,0.7,0.0005,8,0.1,True,412,0.19866584731560005,0.01938222270262869
B,1.5,W09,002,20.0,0.7,0.0005,8,0.2,True,415,0.20430948251956388,0.019070377083201157
B,1.5,W09,002,20.0,0.7,0.0005,10,0.1,True,412,0.19866584731560005,0.01938222270262869
B,1.5,W09,002,20.0,0.7,0.0005,10,0.2,True,415,0.20430948251956388,0.019070377083201157
B,1.5,W09,002,20.0,0.7,0.001,6,0.1,True,414,0.20221351890971787,0.019172557972763713
B,1.5,W09,002,20.0,0.7,0.001,6,0.2,True,421,0.2161051144725398,0.0182110690756848
B,1.5,W09,002,20.0,0.7,0.001,8,0.1,True,414,0.20221351890971787,0.019172557972763713
B,1.5,W09,002,20.0,0.7,0.001,8,0.2,True,421,0.2161051144725398,0.0182110690756848
B,1.5,W09,002,20.0,0.7,0.001,10,0.1,True,414,0.20221351890971787,0.019172557972763713
B,1.5,W09,002,20.0,0.7,0.001,10,0.2,True,421,0.2161051144725398,0.0182110690756848
B,1.5,W09,002,20.0,0.75,0.0005,6,0.1,True,412,0.19866584731560005,0.01938222270262869
B,1.5,W09,002,20.0,0.75,0.0005,6,0.2,True,414,0.20221351890971787,0.019172557972763713
B,1.5,W09,002,20.0,0.75,0.0005,8,0.1,True,412,0.19866584731560005,0.01938222270262869
B,1.5,W09,002,20.0,0.75,0.0005,8,0.2,True,414,0.20221351890971787,0.019172557972763713
B,1.5,W09,002,20.0,0.75,0.0005,10,0.1,True,412,0.19866584731560005,0.01938222270262869
B,1.5,W09,002,20.0,0.75,0.0005,10,0.2,True,414,0.20221351890971787,0.019172557972763713
B,1.5,W09,002,20.0,0.75,0.001,6,0.1,True,413,0.20039854904538706,0.019282858034497814
B,1.5,W09,002,20.0,0.75,0.001,6,0.2,True,421,0.2161051144725398,0.0182110690756848
B,1.5,W09,002,20.0,0.75,0.001,8,0.1,True,413,0.20039854904538706,0.019282858034497814
B,1.5,W09,002,20.0,0.75,0.001,8,0.2,True,421,0.2161051144725398,0.0182110690756848
B,1.5,W09,002,20.0,0.75,0.001,10,0.1,True,413,0.20039854904538706,0.019282858034497814
B,1.5,W09,002,20.0,0.75,0.001,10,0.2,True,421,0.2161051144725398,0.0182110690756848
B,1.5,W09,002,20.0,0.8,0.0005,6,0.1,True,412,0.19866584731560005,0.01938222270262869
B,1.5,W09,002,20.0,0.8,0.0005,6,0.2,True,413,0.20039854904538706,0.019282858034497814
B,1.5,W09,002,20.0,0.8,0.0005,8,0.1,True,412,0.19866584731560005,0.01938222270262869
B,1.5,W09,002,20.0,0.8,0.0005,8,0.2,True,413,0.20039854904538706,0.019282858034497814
B,1.5,W09,002,20.0,0.8,0.0005,10,0.1,True,412,0.19866584731560005,0.01938222270262869
B,1.5,W09,002,20.0,0.8,0.0005,10,0.2,True,413,0.20039854904538706,0.019282858034497814
B,1.5,W09,002,20.0,0.8,0.001,6,0.1,True,412,0.19866584731560005,0.01938222270262869
B,1.5,W09,002,20.0,0.8,0.001,6,0.2,True,421,0.2161051144725398,0.0182110690756848
B,1.5,W09,002,20.0,0.8,0.001,8,0.1,True,412,0.19866584731560005,0.01938222270262869
B,1.5,W09,002,20.0,0.8,0.001,8,0.2,True,421,0.2161051144725398,0.0182110690756848
B,1.5,W09,002,20.0,0.8,0.001,10,0.1,True,412,0.19866584731560005,0.01938222270262869
B,1.5,W09,002,20.0,0.8,0.001,10,0.2,True,421,0.2161051144725398,0.0182110690756848
B,1.5,W09,002,25.0,0.7,0.0005,6,0.1,True,412,0.19866584731560005,0.01938222270262869
B,1.5,W09,002,25.0,0.7,0.0005,6,0.2,True,412,0.19866584731560005,0.01938222270262869
B,1.5,W09,002,25.0,0.7,0.0005,8,0.1,True,412,0.19866584731560005,0.01938222270262869
B,1.5,W09,002,25.0,0.7,0.0005,8,0.2,True,412,0.19866584731560005,0.01938222270262869
B,1.5,W09,002,25.0,0.7,0.0005,10,0.1,True,412,0.19866584731560005,0.01938222270262869
B,1.5,W09,002,25.0,0.7,0.0005,10,0.2,True,412,0.19866584731560005,0.01938222270262869
B,1.5,W09,002,25.0,0.7,0.001,6,0.1,True,412,0.19866584731560005,0.01938222270262869
B,1.5,W09,002,25.0,0.7,0.001,6,0.2,True,423,0.21949091867396706,0.017924160745583083
B,1.5,W09,002,25.0,0.7,0.001,8,0.1,True,412,0.19866584731560005,0.01938222270262869
B,1.5,W09,002,25.0,0.7,0.001,8,0.2,False,,,
B,1.5,W09,002,25.0,0.7,0.001,10,0.1,True,412,0.19866584731560005,0.01938222270262869
B,1.5,W09,002,25.0,0.7,0.001,10,0.2,False,,,
B,1.5,W09,002,25.0,0.75,0.0005,6,0.1,True,412,0.19866584731560005,0.01938222270262869
B,1.5,W09,002,25.0,0.75,0.0005,6,0.2,True,412,0.19866584731560005,0.01938222270262869
B,1.5,W09,002,25.0,0.75,0.0005,8,0.1,True,412,0.19866584731560005,0.01938222270262869
B,1.5,W09,002,25.0,0.75,0.0005,8,0.2,True,412,0.19866584731560005,0.01938222270262869
B,1.5,W09,002,25.0,0.75,0.0005,10,0.1,True,412,0.19866584731560005,0.01938222270262869
B,1.5,W09,002,25.0,0.75,0.0005,10,0.2,True,412,0.19866584731560005,0.01938222270262869
B,1.5,W09,002,25.0,0.75,0.001,6,0.1,True,412,0.19866584731560005,0.01938222270262869
B,1.5,W09,002,25.0,0.75,0.001,6,0.2,False,,,
B,1.5,W09,002,25.0,0.75,0.001,8,0.1,True,412,0.19866584731560005,0.01938222270262869
B,1.5,W09,002,25.0,0.75,0.001,8,0.2,False,,,
B,1.5,W09,002,25.0,0.75,0.001,10,0.1,True,412,0.19866584731560005,0.01938222270262869
B,1.5,W09,002,25.0,0.75,0.001,10,0.2,False,,,
B,1.5,W09,002,25.0,0.8,0.0005,6,0.1,True,412,0.19866584731560005,0.01938222270262869
B,1.5,W09,002,25.0,0.8,0.0005,6,0.2,True,412,0.19866584731560005,0.01938222270262869
B,1.5,W09,002,25.0,0.8,0.0005,8,0.1,True,412,0.19866584731560005,0.01938222270262869
B,1.5,W09,002,25.0,0.8,0.0005,8,0.2,True,412,0.19866584731560005,0.01938222270262869
B,1.5,W09,002,25.0,0.8,0.0005,10,0.1,True,412,0.19866584731560005,0.01938222270262869
B,1.5,W09,002,25.0,0.8,0.0005,10,0.2,True,412,0.19866584731560005,0.01938222270262869
B,1.5,W09,002,25.0,0.8,0.001,6,0.1,True,412,0.19866584731560005,0.01938222270262869
B,1.5,W09,002,25.0,0.8,0.001,6,0.2,False,,,
B,1.5,W09,002,25.0,0.8,0.001,8,0.1,True,412,0.19866584731560005,0.01938222270262869
B,1.5,W09,002,25.0,0.8,0.001,8,0.2,False,,,
B,1.5,W09,002,25.0,0.8,0.001,10,0.1,True,412,0.19866584731560005,0.01938222270262869
B,1.5,W09,002,25.0,0.8,0.001,10,0.2,False,,,
B,1.5,W10,001,15.0,0.7,0.0005,6,0.1,True,412,0.17750683583711324,0.02816960784165483
B,1.5,W10,001,15.0,0.7,0.0005,6,0.2,True,427,0.2170017810636445,0.02646274443127607
B,1.5,W10,001,15.0,0.7,0.0005,8,0.1,True,412,0.17750683583711324,0.02816960784165483
B,1.5,W10,001,15.0,0.7,0.0005,8,0.2,True,427,0.2170017810636445,0.02646274443127607
B,1.5,W10,001,15.0,0.7,0.0005,10,0.1,True,425,0.21248956161894297,0.02661198661907723
B,1.5,W10,001,15.0,0.7,0.0005,10,0.2,True,427,0.2170017810636445,0.02646274443127607
B,1.5,W10,001,15.0,0.7,0.001,6,0.1,True,427,0.2170017810636445,0.02646274443127607
B,1.5,W10,001,15.0,0.7,0.001,6,0.2,True,430,0.2272083920083548,0.026018056822450536
B,1.5,W10,001,15.0,0.7,0.001,8,0.1,True,427,0.2170017810636445,0.02646274443127607
B,1.5,W10,001,15.0,0.7,0.001,8,0.2,True,430,0.2272083920083548,0.026018056822450536
B,1.5,W10,001,15.0,0.7,0.001,10,0.1,True,427,0.2170017810636445,0.02646274443127607
B,1.5,W10,001,15.0,0.7,0.001,10,0.2,True,430,0.2272083920083548,0.026018056822450536
B,1.5,W10,001,15.0,0.75,0.0005,6,0.1,True,425,0.21248956161894297,0.02661198661907723
B,1.5,W10,001,15.0,0.75,0.0005,6,0.2,True,427,0.2170017810636445,0.02646274443127607
B,1.5,W10,001,15.0,0.75,0.0005,8,0.1,True,425,0.21248956161894297,0.02661198661907723
B,1.5,W10,001,15.0,0.75,0.0005,8,0.2,True,427,0.2170017810636445,0.02646274443127607
B,1.5,W10,001,15.0,0.75,0.0005,10,0.1,True,425,0.21248956161894297,0.02661198661907723
B,1.5,W10,001,15.0,0.75,0.0005,10,0.2,True,427,0.2170017810636445,0.02646274443127607
B,1.5,W10,001,15.0,0.75,0.001,6,0.1,True,427,0.2170017810636445,0.02646274443127607
B,1.5,W10,001,15.0,0.75,0.001,6,0.2,True,430,0.2272083920083548,0.026018056822450536
B,1.5,W10,001,15.0,0.75,0.001,8,0.1,True,427,0.2170017810636445,0.02646274443127607
B,1.5,W10,001,15.0,0.75,0.001,8,0.2,True,430,0.2272083920083548,0.026018056822450536
B,1.5,W10,001,15.0,0.75,0.001,10,0.1,True,427,0.2170017810636445,0.02646274443127607
B,1.5,W10,001,15.0,0.75,0.001,10,0.2,True,430,0.2272083920083548,0.026018056822450536
B,1.5,W10,001,15.0,0.8,0.0005,6,0.1,True,422,0.20618852972984314,0.026897721384700975
B,1.5,W10,001,15.0,0.8,0.0005,6,0.2,True,426,0.21480157030256172,0.02653725494287516
B,1.5,W10,001,15.0,0.8,0.0005,8,0.1,True,422,0.20618852972984314,0.026897721384700975
B,1.5,W10,001,15.0,0.8,0.0005,8,0.2,True,426,0.21480157030256172,0.02653725494287516
B,1.5,W10,001,15.0,0.8,0.0005,10,0.1,True,422,0.20618852972984314,0.026897721384700975
B,1.5,W10,001,15.0,0.8,0.0005,10,0.2,True,426,0.21480157030256172,0.02653725494287516
B,1.5,W10,001,15.0,0.8,0.001,6,0.1,True,427,0.2170017810636445,0.02646274443127607
B,1.5,W10,001,15.0,0.8,0.001,6,0.2,True,430,0.2272083920083548,0.026018056822450536
B,1.5,W10,001,15.0,0.8,0.001,8,0.1,True,427,0.2170017810636445,0.02646274443127607
B,1.5,W10,001,15.0,0.8,0.001,8,0.2,True,430,0.2272083920083548,0.026018056822450536
B,1.5,W10,001,15.0,0.8,0.001,10,0.1,True,427,0.2170017810636445,0.02646274443127607
B,1.5,W10,001,15.0,0.8,0.001,10,0.2,True,430,0.2272083920083548,0.026018056822450536
B,1.5,W10,001,20.0,0.7,0.0005,6,0.1,True,424,0.21017506483354068,0.02674711485834498
B,1.5,W10,001,20.0,0.7,0.0005,6,0.2,True,427,0.2170017810636445,0.02646274443127607
B,1.5,W10,001,20.0,0.7,0.0005,8,0.1,True,424,0.21017506483354068,0.02674711485834498
B,1.5,W10,001,20.0,0.7,0.0005,8,0.2,True,427,0.2170017810636445,0.02646274443127607
B,1.5,W10,001,20.0,0.7,0.0005,10,0.1,True,424,0.21017506483354068,0.02674711485834498
B,1.5,W10,001,20.0,0.7,0.0005,10,0.2,True,427,0.2170017810636445,0.02646274443127607
B,1.5,W10,001,20.0,0.7,0.001,6,0.1,True,426,0.21480157030256172,0.02653725494287516
B,1.5,W10,001,20.0,0.7,0.001,6,0.2,True,431,0.23144918229234845,0.0258926887457308
B,1.5,W10,001,20.0,0.7,0.001,8,0.1,True,426,0.21480157030256172,0.02653725494287516
B,1.5,W10,001,20.0,0.7,0.001,8,0.2,True,431,0.23144918229234845,0.0258926887457308
B,1.5,W10,001,20.0,0.7,0.001,10,0.1,True,426,0.21480157030256172,0.02653725494287516
B,1.5,W10,001,20.0,0.7,0.001,10,0.2,True,431,0.23144918229234845,0.0258926887457308
B,1.5,W10,001,20.0,0.75,0.0005,6,0.1,True,424,0.21017506483354068,0.02674711485834498
B,1.5,W10,001,20.0,0.75,0.0005,6,0.2,True,427,0.2170017810636445,0.02646274443127607
B,1.5,W10,001,20.0,0.75,0.0005,8,0.1,True,424,0.21017506483354068,0.02674711485834498
B,1.5,W10,001,20.0,0.75,0.0005,8,0.2,True,427,0.2170017810636445,0.02646274443127607
B,1.5,W10,001,20.0,0.75,0.0005,10,0.1,True,424,0.21017506483354068,0.02674711485834498
B,1.5,W10,001,20.0,0.75,0.0005,10,0.2,True,427,0.2170017810636445,0.02646274443127607
B,1.5,W10,001,20.0,0.75,0.001,6,0.1,True,426,0.21480157030256172,0.02653725494287516
B,1.5,W10,001,20.0,0.75,0.001,6,0.2,True,431,0.23144918229234845,0.0258926887457308
B,1.5,W10,001,20.0,0.75,0.001,8,0.1,True,426,0.21480157030256172,0.02653725494287516
B,1.5,W10,001,20.0,0.75,0.001,8,0.2,True,431,0.23144918229234845,0.0258926887457308
B,1.5,W10,001,20.0,0.75,0.001,10,0.1,True,426,0.21480157030256172,0.02653725494287516
B,1.5,W10,001,20.0,0.75,0.001,10,0.2,True,431,0.23144918229234845,0.0258926887457308
B,1.5,W10,001,20.0,0.8,0.0005,6,0.1,True,423,0.2080746193073298,0.026863461164267438
B,1.5,W10,001,20.0,0.8,0.0005,6,0.2,True,426,0.21480157030256172,0.02653725494287516
B,1.5,W10,001,20.0,0.8,0.0005,8,0.1,True,423,0.2080746193073298,0.026863461164267438
B,1.5,W10,001,20.0,0.8,0.0005,8,0.2,True,426,0.21480157030256172,0.02653725494287516
B,1.5,W10,001,20.0,0.8,0.0005,10,0.1,True,423,0.2080746193073298,0.026863461164267438
B,1.5,W10,001,20.0,0.8,0.0005,10,0.2,True,426,0.21480157030256172,0.02653725494287516
B,1.5,W10,001,20.0,0.8,0.001,6,0.1,True,426,0.21480157030256172,0.02653725494287516
B,1.5,W10,001,20.0,0.8,0.001,6,0.2,True,431,0.23144918229234845,0.0258926887457308
B,1.5,W10,001,20.0,0.8,0.001,8,0.1,True,426,0.21480157030256172,0.02653725494287516
B,1.5,W10,001,20.0,0.8,0.001,8,0.2,True,431,0.23144918229234845,0.0258926887457308
B,1.5,W10,001,20.0,0.8,0.001,10,0.1,True,426,0.21480157030256172,0.02653725494287516
B,1.5,W10,001,20.0,0.8,0.001,10,0.2,True,431,0.23144918229234845,0.0258926887457308
B,1.5,W10,001,25.0,0.7,0.0005,6,0.1,True,424,0.21017506483354068,0.02674711485834498
B,1.5,W10,001,25.0,0.7,0.0005,6,0.2,True,427,0.2170017810636445,0.02646274443127607
B,1.5,W10,001,25.0,0.7,0.0005,8,0.1,True,424,0.21017506483354068,0.02674711485834498
B,1.5,W10,001,25.0,0.7,0.0005,8,0.2,True,427,0.2170017810636445,0.02646274443127607
B,1.5,W10,001,25.0,0.7,0.0005,10,0.1,True,424,0.21017506483354068,0.02674711485834498
B,1.5,W10,001,25.0,0.7,0.0005,10,0.2,True,427,0.2170017810636445,0.02646274443127607
B,1.5,W10,001,25.0,0.7,0.001,6,0.1,True,427,0.2170017810636445,0.02646274443127607
B,1.5,W10,001,25.0,0.7,0.001,6,0.2,True,432,0.2358855224753681,0.02572831687958617
B,1.5,W10,001,25.0,0.7,0.001,8,0.1,True,427,0.2170017810636445,0.02646274443127607
B,1.5,W10,001,25.0,0.7,0.001,8,0.2,True,432,0.2358855224753681,0.02572831687958617
B,1.5,W10,001,25.0,0.7,0.001,10,0.1,True,427,0.2170017810636445,0.02646274443127607
B,1.5,W10,001,25.0,0.7,0.001,10,0.2,True,432,0.2358855224753681,0.02572831687958617
B,1.5,W10,001,25.0,0.75,0.0005,6,0.1,True,424,0.21017506483354068,0.02674711485834498
B,1.5,W10,001,25.0,0.75,0.0005,6,0.2,True,427,0.2170017810636445,0.02646274443127607
B,1.5,W10,001,25.0,0.75,0.0005,8,0.1,True,424,0.21017506483354068,0.02674711485834498
B,1.5,W10,001,25.0,0.75,0.0005,8,0.2,True,427,0.2170017810636445,0.02646274443127607
B,1.5,W10,001,25.0,0.75,0.0005,10,0.1,True,424,0.21017506483354068,0.02674711485834498
B,1.5,W10,001,25.0,0.75,0.0005,10,0.2,True,427,0.2170017810636445,0.02646274443127607
B,1.5,W10,001,25.0,0.75,0.001,6,0.1,True,427,0.2170017810636445,0.02646274443127607
B,1.5,W10,001,25.0,0.75,0.001,6,0.2,True,432,0.2358855224753681,0.02572831687958617
B,1.5,W10,001,25.0,0.75,0.001,8,0.1,True,427,0.2170017810636445,0.02646274443127607
B,1.5,W10,001,25.0,0.75,0.001,8,0.2,True,432,0.2358855224753681,0.02572831687958617
B,1.5,W10,001,25.0,0.75,0.001,10,0.1,True,427,0.2170017810636445,0.02646274443127607
B,1.5,W10,001,25.0,0.75,0.001,10,0.2,True,432,0.2358855224753681,0.02572831687958617
B,1.5,W10,001,25.0,0.8,0.0005,6,0.1,True,422,0.20618852972984314,0.026897721384700975
B,1.5,W10,001,25.0,0.8,0.0005,6,0.2,True,426,0.21480157030256172,0.02653725494287516
B,1.5,W10,001,25.0,0.8,0.0005,8,0.1,True,422,0.20618852972984314,0.026897721384700975
B,1.5,W10,001,25.0,0.8,0.0005,8,0.2,True,426,0.21480157030256172,0.02653725494287516
B,1.5,W10,001,25.0,0.8,0.0005,10,0.1,True,422,0.20618852972984314,0.026897721384700975
B,1.5,W10,001,25.0,0.8,0.0005,10,0.2,True,426,0.21480157030256172,0.02653725494287516
B,1.5,W10,001,25.0,0.8,0.001,6,0.1,True,426,0.21480157030256172,0.02653725494287516
B,1.5,W10,001,25.0,0.8,0.001,6,0.2,True,432,0.2358855224753681,0.02572831687958617
B,1.5,W10,001,25.0,0.8,0.001,8,0.1,True,426,0.21480157030256172,0.02653725494287516
B,1.5,W10,001,25.0,0.8,0.001,8,0.2,True,432,0.2358855224753681,0.02572831687958617
B,1.5,W10,001,25.0,0.8,0.001,10,0.1,True,426,0.21480157030256172,0.02653725494287516
B,1.5,W10,001,25.0,0.8,0.001,10,0.2,True,432,0.2358855224753681,0.02572831687958617
B,1.5,W10,002,15.0,0.7,0.0005,6,0.1,True,379,0.17129318854388068,0.02624692417242948
B,1.5,W10,002,15.0,0.7,0.0005,6,0.2,True,434,0.2212732892264338,0.024874852751107776
B,1.5,W10,002,15.0,0.7,0.0005,8,0.1,True,433,0.21766406494904966,0.025076297166592935
B,1.5,W10,002,15.0,0.7,0.0005,8,0.2,True,434,0.2212732892264338,0.024874852751107776
B,1.5,W10,002,15.0,0.7,0.0005,10,0.1,True,433,0.21766406494904966,0.025076297166592935
B,1.5,W10,002,15.0,0.7,0.0005,10,0.2,True,434,0.2212732892264338,0.024874852751107776
B,1.5,W10,002,15.0,0.7,0.001,6,0.1,True,435,0.22447199900360668,0.02474559284746647
B,1.5,W10,002,15.0,0.7,0.001,6,0.2,True,438,0.23551148811683936,0.024254122091566816
B,1.5,W10,002,15.0,0.7,0.001,8,0.1,True,435,0.22447199900360668,0.02474559284746647
B,1.5,W10,002,15.0,0.7,0.001,8,0.2,True,438,0.23551148811683936,0.024254122091566816
B,1.5,W10,002,15.0,0.7,0.001,10,0.1,True,435,0.22447199900360668,0.02474559284746647
B,1.5,W10,002,15.0,0.7,0.001,10,0.2,True,438,0.23551148811683936,0.024254122091566816
B,1.5,W10,002,15.0,0.75,0.0005,6,0.1,True,433,0.21766406494904966,0.025076297166592935
B,1.5,W10,002,15.0,0.75,0.0005,6,0.2,True,434,0.2212732892264338,0.024874852751107776
B,1.5,W10,002,15.0,0.75,0.0005,8,0.1,True,433,0.21766406494904966,0.025076297166592935
B,1.5,W10,002,15.0,0.75,0.0005,8,0.2,True,434,0.2212732892264338,0.024874852751107776
B,1.5,W10,002,15.0,0.75,0.0005,10,0.1,True,433,0.21766406494904966,0.025076297166592935
B,1.5,W10,002,15.0,0.75,0.0005,10,0.2,True,434,0.2212732892264338,0.024874852751107776
B,1.5,W10,002,15.0,0.75,0.001,6,0.1,True,435,0.22447199900360668,0.02474559284746647
B,1.5,W10,002,15.0,0.75,0.001,6,0.2,True,437,0.23166799983557532,0.02440556587980074
B,1.5,W10,002,15.0,0.75,0.001,8,0.1,True,435,0.22447199900360668,0.02474559284746647
B,1.5,W10,002,15.0,0.75,0.001,8,0.2,True,437,0.23166799983557532,0.02440556587980074
B,1.5,W10,002,15.0,0.75,0.001,10,0.1,True,435,0.22447199900360668,0.02474559284746647
B,1.5,W10,002,15.0,0.75,0.001,10,0.2,True,437,0.23166799983557532,0.02440556587980074
B,1.5,W10,002,15.0,0.8,0.0005,6,0.1,True,379,0.17129318854388068,0.02624692417242948
B,1.5,W10,002,15.0,0.8,0.0005,6,0.2,True,436,0.22785655474838087,0.02455690744168618
B,1.5,W10,002,15.0,0.8,0.0005,8,0.1,True,435,0.22447199900360668,0.02474559284746647
B,1.5,W10,002,15.0,0.8,0.0005,8,0.2,True,436,0.22785655474838087,0.02455690744168618
B,1.5,W10,002,15.0,0.8,0.0005,10,0.1,True,435,0.22447199900360668,0.02474559284746647
B,1.5,W10,002,15.0,0.8,0.0005,10,0.2,True,436,0.22785655474838087,0.02455690744168618
B,1.5,W10,002,15.0,0.8,0.001,6,0.1,True,435,0.22447199900360668,0.02474559284746647
B,1.5,W10,002,15.0,0.8,0.001,6,0.2,True,437,0.23166799983557532,0.02440556587980074
B,1.5,W10,002,15.0,0.8,0.001,8,0.1,True,435,0.22447199900360668,0.02474559284746647
B,1.5,W10,002,15.0,0.8,0.001,8,0.2,True,437,0.23166799983557532,0.02440556587980074
B,1.5,W10,002,15.0,0.8,0.001,10,0.1,True,435,0.22447199900360668,0.02474559284746647
B,1.5,W10,002,15.0,0.8,0.001,10,0.2,True,437,0.23166799983557532,0.02440556587980074
B,1.5,W10,002,20.0,0.7,0.0005,6,0.1,True,433,0.21766406494904966,0.025076297166592935
B,1.5,W10,002,20.0,0.7,0.0005,6,0.2,True,434,0.2212732892264338,0.024874852751107776
B,1.5,W10,002,20.0,0.7,0.0005,8,0.1,True,433,0.21766406494904966,0.025076297166592935
B,1.5,W10,002,20.0,0.7,0.0005,8,0.2,True,434,0.2212732892264338,0.024874852751107776
B,1.5,W10,002,20.0,0.7,0.0005,10,0.1,True,433,0.21766406494904966,0.025076297166592935
B,1.5,W10,002,20.0,0.7,0.0005,10,0.2,True,434,0.2212732892264338,0.024874852751107776
B,1.5,W10,002,20.0,0.7,0.001,6,0.1,True,435,0.22447199900360668,0.02474559284746647
B,1.5,W10,002,20.0,0.7,0.001,6,0.2,True,437,0.23166799983557532,0.02440556587980074
B,1.5,W10,002,20.0,0.7,0.001,8,0.1,True,435,0.22447199900360668,0.02474559284746647
B,1.5,W10,002,20.0,0.7,0.001,8,0.2,True,437,0.23166799983557532,0.02440556587980074
B,1.5,W10,002,20.0,0.7,0.001,10,0.1,True,435,0.22447199900360668,0.02474559284746647
B,1.5,W10,002,20.0,0.7,0.001,10,0.2,True,437,0.23166799983557532,0.02440556587980074
B,1.5,W10,002,20.0,0.75,0.0005,6,0.1,True,433,0.21766406494904966,0.025076297166592935
B,1.5,W10,002,20.0,0.75,0.0005,6,0.2,True,434,0.2212732892264338,0.024874852751107776
B,1.5,W10,002,20.0,0.75,0.0005,8,0.1,True,433,0.21766406494904966,0.025076297166592935
B,1.5,W10,002,20.0,0.75,0.0005,8,0.2,True,434,0.2212732892264338,0.024874852751107776
B,1.5,W10,002,20.0,0.75,0.0005,10,0.1,True,433,0.21766406494904966,0.025076297166592935
B,1.5,W10,002,20.0,0.75,0.0005,10,0.2,True,434,0.2212732892264338,0.024874852751107776
B,1.5,W10,002,20.0,0.75,0.001,6,0.1,True,434,0.2212732892264338,0.024874852751107776
B,1.5,W10,002,20.0,0.75,0.001,6,0.2,True,437,0.23166799983557532,0.02440556587980074
B,1.5,W10,002,20.0,0.75,0.001,8,0.1,True,434,0.2212732892264338,0.024874852751107776
B,1.5,W10,002,20.0,0.75,0.001,8,0.2,True,437,0.23166799983557532,0.02440556587980074
B,1.5,W10,002,20.0,0.75,0.001,10,0.1,True,434,0.2212732892264338,0.024874852751107776
B,1.5,W10,002,20.0,0.75,0.001,10,0.2,True,437,0.23166799983557532,0.02440556587980074
B,1.5,W10,002,20.0,0.8,0.0005,6,0.1,True,433,0.21766406494904966,0.025076297166592935
B,1.5,W10,002,20.0,0.8,0.0005,6,0.2,True,435,0.22447199900360668,0.02474559284746647
B,1.5,W10,002,20.0,0.8,0.0005,8,0.1,True,433,0.21766406494904966,0.025076297166592935
B,1.5,W10,002,20.0,0.8,0.0005,8,0.2,True,435,0.22447199900360668,0.02474559284746647
B,1.5,W10,002,20.0,0.8,0.0005,10,0.1,True,433,0.21766406494904966,0.025076297166592935
B,1.5,W10,002,20.0,0.8,0.0005,10,0.2,True,435,0.22447199900360668,0.02474559284746647
B,1.5,W10,002,20.0,0.8,0.001,6,0.1,True,434,0.2212732892264338,0.024874852751107776
B,1.5,W10,002,20.0,0.8,0.001,6,0.2,True,437,0.23166799983557532,0.02440556587980074
B,1.5,W10,002,20.0,0.8,0.001,8,0.1,True,434,0.2212732892264338,0.024874852751107776
B,1.5,W10,002,20.0,0.8,0.001,8,0.2,True,437,0.23166799983557532,0.02440556587980074
B,1.5,W10,002,20.0,0.8,0.001,10,0.1,True,434,0.2212732892264338,0.024874852751107776
B,1.5,W10,002,20.0,0.8,0.001,10,0.2,True,437,0.23166799983557532,0.02440556587980074
B,1.5,W10,002,25.0,0.7,0.0005,6,0.1,True,432,0.21427172510062947,0.02520143218776759
B,1.5,W10,002,25.0,0.7,0.0005,6,0.2,True,434,0.2212732892264338,0.024874852751107776
B,1.5,W10,002,25.0,0.7,0.0005,8,0.1,True,432,0.21427172510062947,0.02520143218776759
B,1.5,W10,002,25.0,0.7,0.0005,8,0.2,True,434,0.2212732892264338,0.024874852751107776
B,1.5,W10,002,25.0,0.7,0.0005,10,0.1,True,432,0.21427172510062947,0.02520143218776759
B,1.5,W10,002,25.0,0.7,0.0005,10,0.2,True,434,0.2212732892264338,0.024874852751107776
B,1.5,W10,002,25.0,0.7,0.001,6,0.1,True,434,0.2212732892264338,0.024874852751107776
B,1.5,W10,002,25.0,0.7,0.001,6,0.2,True,437,0.23166799983557532,0.02440556587980074
B,1.5,W10,002,25.0,0.7,0.001,8,0.1,True,434,0.2212732892264338,0.024874852751107776
B,1.5,W10,002,25.0,0.7,0.001,8,0.2,True,437,0.23166799983557532,0.02440556587980074
B,1.5,W10,002,25.0,0.7,0.001,10,0.1,True,434,0.2212732892264338,0.024874852751107776
B,1.5,W10,002,25.0,0.7,0.001,10,0.2,True,437,0.23166799983557532,0.02440556587980074
B,1.5,W10,002,25.0,0.75,0.0005,6,0.1,True,432,0.21427172510062947,0.02520143218776759
B,1.5,W10,002,25.0,0.75,0.0005,6,0.2,True,434,0.2212732892264338,0.024874852751107776
B,1.5,W10,002,25.0,0.75,0.0005,8,0.1,True,432,0.21427172510062947,0.02520143218776759
B,1.5,W10,002,25.0,0.75,0.0005,8,0.2,True,434,0.2212732892264338,0.024874852751107776
B,1.5,W10,002,25.0,0.75,0.0005,10,0.1,True,432,0.21427172510062947,0.02520143218776759
B,1.5,W10,002,25.0,0.75,0.0005,10,0.2,True,434,0.2212732892264338,0.024874852751107776
B,1.5,W10,002,25.0,0.75,0.001,6,0.1,True,434,0.2212732892264338,0.024874852751107776
B,1.5,W10,002,25.0,0.75,0.001,6,0.2,True,437,0.23166799983557532,0.02440556587980074
B,1.5,W10,002,25.0,0.75,0.001,8,0.1,True,434,0.2212732892264338,0.024874852751107776
B,1.5,W10,002,25.0,0.75,0.001,8,0.2,True,437,0.23166799983557532,0.02440556587980074
B,1.5,W10,002,25.0,0.75,0.001,10,0.1,True,434,0.2212732892264338,0.024874852751107776
B,1.5,W10,002,25.0,0.75,0.001,10,0.2,True,437,0.23166799983557532,0.02440556587980074
B,1.5,W10,002,25.0,0.8,0.0005,6,0.1,True,432,0.21427172510062947,0.02520143218776759
B,1.5,W10,002,25.0,0.8,0.0005,6,0.2,True,434,0.2212732892264338,0.024874852751107776
B,1.5,W10,002,25.0,0.8,0.0005,8,0.1,True,432,0.21427172510062947,0.02520143218776759
B,1.5,W10,002,25.0,0.8,0.0005,8,0.2,True,434,0.2212732892264338,0.024874852751107776
B,1.5,W10,002,25.0,0.8,0.0005,10,0.1,True,432,0.21427172510062947,0.02520143218776759
B,1.5,W10,002,25.0,0.8,0.0005,10,0.2,True,434,0.2212732892264338,0.024874852751107776
B,1.5,W10,002,25.0,0.8,0.001,6,0.1,True,434,0.2212732892264338,0.024874852751107776
B,1.5,W10,002,25.0,0.8,0.001,6,0.2,True,437,0.23166799983557532,0.02440556587980074
B,1.5,W10,002,25.0,0.8,0.001,8,0.1,True,434,0.2212732892264338,0.024874852751107776
B,1.5,W10,002,25.0,0.8,0.001,8,0.2,True,437,0.23166799983557532,0.02440556587980074
B,1.5,W10,002,25.0,0.8,0.001,10,0.1,True,434,0.2212732892264338,0.024874852751107776
B,1.5,W10,002,25.0,0.8,0.001,10,0.2,True,437,0.23166799983557532,0.02440556587980074
B,1.5,W12,001,15.0,0.7,0.0005,6,0.1,True,444,0.1945424124990639,0.046506580455522785
B,1.5,W12,001,15.0,0.7,0.0005,6,0.2,True,444,0.1945424124990639,0.046506580455522785
B,1.5,W12,001,15.0,0.7,0.0005,8,0.1,True,444,0.1945424124990639,0.046506580455522785
B,1.5,W12,001,15.0,0.7,0.0005,8,0.2,True,444,0.1945424124990639,0.046506580455522785
B,1.5,W12,001,15.0,0.7,0.0005,10,0.1,True,444,0.1945424124990639,0.046506580455522785
B,1.5,W12,001,15.0,0.7,0.0005,10,0.2,True,444,0.1945424124990639,0.046506580455522785
B,1.5,W12,001,15.0,0.7,0.001,6,0.1,True,448,0.20665533134811803,0.046052969796092885
B,1.5,W12,001,15.0,0.7,0.001,6,0.2,True,455,0.23622931049842583,0.04513124729457654
B,1.5,W12,001,15.0,0.7,0.001,8,0.1,True,448,0.20665533134811803,0.046052969796092885
B,1.5,W12,001,15.0,0.7,0.001,8,0.2,True,455,0.23622931049842583,0.04513124729457654
B,1.5,W12,001,15.0,0.7,0.001,10,0.1,True,448,0.20665533134811803,0.046052969796092885
B,1.5,W12,001,15.0,0.7,0.001,10,0.2,True,455,0.23622931049842583,0.04513124729457654
B,1.5,W12,001,15.0,0.75,0.0005,6,0.1,True,444,0.1945424124990639,0.046506580455522785
B,1.5,W12,001,15.0,0.75,0.0005,6,0.2,True,446,0.2001532041712811,0.046268649497314504
B,1.5,W12,001,15.0,0.75,0.0005,8,0.1,True,444,0.1945424124990639,0.046506580455522785
B,1.5,W12,001,15.0,0.75,0.0005,8,0.2,True,446,0.2001532041712811,0.046268649497314504
B,1.5,W12,001,15.0,0.75,0.0005,10,0.1,True,444,0.1945424124990639,0.046506580455522785
B,1.5,W12,001,15.0,0.75,0.0005,10,0.2,True,446,0.2001532041712811,0.046268649497314504
B,1.5,W12,001,15.0,0.75,0.001,6,0.1,True,454,0.23098509601856532,0.0453190586872791
B,1.5,W12,001,15.0,0.75,0.001,6,0.2,True,456,0.24191070544092277,0.0449589341878891
B,1.5,W12,001,15.0,0.75,0.001,8,0.1,True,454,0.23098509601856532,0.0453190586872791
B,1.5,W12,001,15.0,0.75,0.001,8,0.2,True,456,0.24191070544092277,0.0449589341878891
B,1.5,W12,001,15.0,0.75,0.001,10,0.1,True,454,0.23098509601856532,0.0453190586872791
B,1.5,W12,001,15.0,0.75,0.001,10,0.2,True,456,0.24191070544092277,0.0449589341878891
B,1.5,W12,001,15.0,0.8,0.0005,6,0.1,True,445,0.19715275340958646,0.04641223002813364
B,1.5,W12,001,15.0,0.8,0.0005,6,0.2,True,447,0.20323062217549273,0.04617610907084063
B,1.5,W12,001,15.0,0.8,0.0005,8,0.1,True,445,0.19715275340958646,0.04641223002813364
B,1.5,W12,001,15.0,0.8,0.0005,8,0.2,True,447,0.20323062217549273,0.04617610907084063
B,1.5,W12,001,15.0,0.8,0.0005,10,0.1,True,445,0.19715275340958646,0.04641223002813364
B,1.5,W12,001,15.0,0.8,0.0005,10,0.2,True,447,0.20323062217549273,0.04617610907084063
B,1.5,W12,001,15.0,0.8,0.001,6,0.1,True,455,0.23622931049842583,0.04513124729457654
B,1.5,W12,001,15.0,0.8,0.001,6,0.2,True,456,0.24191070544092277,0.0449589341878891
B,1.5,W12,001,15.0,0.8,0.001,8,0.1,True,455,0.23622931049842583,0.04513124729457654
B,1.5,W12,001,15.0,0.8,0.001,8,0.2,True,456,0.24191070544092277,0.0449589341878891
B,1.5,W12,001,15.0,0.8,0.001,10,0.1,True,455,0.23622931049842583,0.04513124729457654
B,1.5,W12,001,15.0,0.8,0.001,10,0.2,True,456,0.24191070544092277,0.0449589341878891
B,1.5,W12,001,20.0,0.7,0.0005,6,0.1,True,447,0.20323062217549273,0.04617610907084063
B,1.5,W12,001,20.0,0.7,0.0005,6,0.2,True,449,0.21047764761667503,0.0458956453949213
B,1.5,W12,001,20.0,0.7,0.0005,8,0.1,True,447,0.20323062217549273,0.04617610907084063
B,1.5,W12,001,20.0,0.7,0.0005,8,0.2,True,449,0.21047764761667503,0.0458956453949213
B,1.5,W12,001,20.0,0.7,0.0005,10,0.1,True,447,0.20323062217549273,0.04617610907084063
B,1.5,W12,001,20.0,0.7,0.0005,10,0.2,True,449,0.21047764761667503,0.0458956453949213
B,1.5,W12,001,20.0,0.7,0.001,6,0.1,True,459,0.2648618374215929,0.04444934241473675
B,1.5,W12,001,20.0,0.7,0.001,6,0.2,True,461,0.28221435688043894,0.04411895426088258
B,1.5,W12,001,20.0,0.7,0.001,8,0.1,True,459,0.2648618374215929,0.04444934241473675
B,1.5,W12,001,20.0,0.7,0.001,8,0.2,False,,,
B,1.5,W12,001,20.0,0.7,0.001,10,0.1,False,,,
B,1.5,W12,001,20.0,0.7,0.001,10,0.2,False,,,
B,1.5,W12,001,20.0,0.75,0.0005,6,0.1,True,448,0.20665533134811803,0.046052969796092885
B,1.5,W12,001,20.0,0.75,0.0005,6,0.2,True,455,0.23622931049842583,0.04513124729457654
B,1.5,W12,001,20.0,0.75,0.0005,8,0.1,True,448,0.20665533134811803,0.046052969796092885
B,1.5,W12,001,20.0,0.75,0.0005,8,0.2,True,455,0.23622931049842583,0.04513124729457654
B,1.5,W12,001,20.0,0.75,0.0005,10,0.1,True,448,0.20665533134811803,0.046052969796092885
B,1.5,W12,001,20.0,0.75,0.0005,10,0.2,True,455,0.23622931049842583,0.04513124729457654
B,1.5,W12,001,20.0,0.75,0.001,6,0.1,True,459,0.2648618374215929,0.04444934241473675
B,1.5,W12,001,20.0,0.75,0.001,6,0.2,True,461,0.28221435688043894,0.04411895426088258
B,1.5,W12,001,20.0,0.75,0.001,8,0.1,True,459,0.2648618374215929,0.04444934241473675
B,1.5,W12,001,20.0,0.75,0.001,8,0.2,False,,,
B,1.5,W12,001,20.0,0.75,0.001,10,0.1,False,,,
B,1.5,W12,001,20.0,0.75,0.001,10,0.2,False,,,
B,1.5,W12,001,20.0,0.8,0.0005,6,0.1,True,449,0.21047764761667503,0.0458956453949213
B,1.5,W12,001,20.0,0.8,0.0005,6,0.2,True,455,0.23622931049842583,0.04513124729457654
B,1.5,W12,001,20.0,0.8,0.0005,8,0.1,True,449,0.21047764761667503,0.0458956453949213
B,1.5,W12,001,20.0,0.8,0.0005,8,0.2,True,455,0.23622931049842583,0.04513124729457654
B,1.5,W12,001,20.0,0.8,0.0005,10,0.1,True,449,0.21047764761667503,0.0458956453949213
B,1.5,W12,001,20.0,0.8,0.0005,10,0.2,True,455,0.23622931049842583,0.04513124729457654
B,1.5,W12,001,20.0,0.8,0.001,6,0.1,True,460,0.27335037604758616,0.044249713028732096
B,1.5,W12,001,20.0,0.8,0.001,6,0.2,True,461,0.28221435688043894,0.04411895426088258
B,1.5,W12,001,20.0,0.8,0.001,8,0.1,True,460,0.27335037604758616,0.044249713028732096
B,1.5,W12,001,20.0,0.8,0.001,8,0.2,False,,,
B,1.5,W12,001,20.0,0.8,0.001,10,0.1,False,,,
B,1.5,W12,001,20.0,0.8,0.001,10,0.2,False,,,
B,1.5,W12,001,25.0,0.7,0.0005,6,0.1,True,455,0.23622931049842583,0.04513124729457654
B,1.5,W12,001,25.0,0.7,0.0005,6,0.2,True,457,0.2483976263748972,0.044760900108437786
B,1.5,W12,001,25.0,0.7,0.0005,8,0.1,True,455,0.23622931049842583,0.04513124729457654
B,1.5,W12,001,25.0,0.7,0.0005,8,0.2,True,457,0.2483976263748972,0.044760900108437786
B,1.5,W12,001,25.0,0.7,0.0005,10,0.1,True,455,0.23622931049842583,0.04513124729457654
B,1.5,W12,001,25.0,0.7,0.0005,10,0.2,True,457,0.2483976263748972,0.044760900108437786
B,1.5,W12,001,25.0,0.7,0.001,6,0.1,False,,,
B,1.5,W12,001,25.0,0.7,0.001,6,0.2,False,,,
B,1.5,W12,001,25.0,0.7,0.001,8,0.1,False,,,
B,1.5,W12,001,25.0,0.7,0.001,8,0.2,False,,,
B,1.5,W12,001,25.0,0.7,0.001,10,0.1,False,,,
B,1.5,W12,001,25.0,0.7,0.001,10,0.2,False,,,
B,1.5,W12,001,25.0,0.75,0.0005,6,0.1,True,456,0.24191070544092277,0.0449589341878891
B,1.5,W12,001,25.0,0.75,0.0005,6,0.2,True,458,0.25650990675938756,0.04459881390395917
B,1.5,W12,001,25.0,0.75,0.0005,8,0.1,True,456,0.24191070544092277,0.0449589341878891
B,1.5,W12,001,25.0,0.75,0.0005,8,0.2,True,458,0.25650990675938756,0.04459881390395917
B,1.5,W12,001,25.0,0.75,0.0005,10,0.1,True,456,0.24191070544092277,0.0449589341878891
B,1.5,W12,001,25.0,0.75,0.0005,10,0.2,True,458,0.25650990675938756,0.04459881390395917
B,1.5,W12,001,25.0,0.75,0.001,6,0.1,False,,,
B,1.5,W12,001,25.0,0.75,0.001,6,0.2,False,,,
B,1.5,W12,001,25.0,0.75,0.001,8,0.1,False,,,
B,1.5,W12,001,25.0,0.75,0.001,8,0.2,False,,,
B,1.5,W12,001,25.0,0.75,0.001,10,0.1,False,,,
B,1.5,W12,001,25.0,0.75,0.001,10,0.2,False,,,
B,1.5,W12,001,25.0,0.8,0.0005,6,0.1,True,456,0.24191070544092277,0.0449589341878891
B,1.5,W12,001,25.0,0.8,0.0005,6,0.2,True,458,0.25650990675938756,0.04459881390395917
B,1.5,W12,001,25.0,0.8,0.0005,8,0.1,True,456,0.24191070544092277,0.0449589341878891
B,1.5,W12,001,25.0,0.8,0.0005,8,0.2,True,458,0.25650990675938756,0.04459881390395917
B,1.5,W12,001,25.0,0.8,0.0005,10,0.1,True,456,0.24191070544092277,0.0449589341878891
B,1.5,W12,001,25.0,0.8,0.0005,10,0.2,True,458,0.25650990675938756,0.04459881390395917
B,1.5,W12,001,25.0,0.8,0.001,6,0.1,False,,,
B,1.5,W12,001,25.0,0.8,0.001,6,0.2,False,,,
B,1.5,W12,001,25.0,0.8,0.001,8,0.1,False,,,
B,1.5,W12,001,25.0,0.8,0.001,8,0.2,False,,,
B,1.5,W12,001,25.0,0.8,0.001,10,0.1,False,,,
B,1.5,W12,001,25.0,0.8,0.001,10,0.2,False,,,
B,1.5,W12,002,15.0,0.7,0.0005,6,0.1,True,456,0.23653511467732882,0.04526157167397047
B,1.5,W12,002,15.0,0.7,0.0005,6,0.2,True,456,0.23653511467732882,0.04526157167397047
B,1.5,W12,002,15.0,0.7,0.0005,8,0.1,True,456,0.23653511467732882,0.04526157167397047
B,1.5,W12,002,15.0,0.7,0.0005,8,0.2,True,456,0.23653511467732882,0.04526157167397047
B,1.5,W12,002,15.0,0.7,0.0005,10,0.1,True,456,0.23653511467732882,0.04526157167397047
B,1.5,W12,002,15.0,0.7,0.0005,10,0.2,True,456,0.23653511467732882,0.04526157167397047
B,1.5,W12,002,15.0,0.7,0.001,6,0.1,True,462,0.2754958695486972,0.04432371268539052
B,1.5,W12,002,15.0,0.7,0.001,6,0.2,True,463,0.2838164960083209,0.04416917764434689
B,1.5,W12,002,15.0,0.7,0.001,8,0.1,False,,,
B,1.5,W12,002,15.0,0.7,0.001,8,0.2,False,,,
B,1.5,W12,002,15.0,0.7,0.001,10,0.1,False,,,
B,1.5,W12,002,15.0,0.7,0.001,10,0.2,False,,,
B,1.5,W12,002,15.0,0.75,0.0005,6,0.1,True,457,0.24243808518114843,0.04513222361473661
B,1.5,W12,002,15.0,0.75,0.0005,6,0.2,True,457,0.24243808518114843,0.04513222361473661
B,1.5,W12,002,15.0,0.75,0.0005,8,0.1,True,457,0.24243808518114843,0.04513222361473661
B,1.5,W12,002,15.0,0.75,0.0005,8,0.2,True,457,0.24243808518114843,0.04513222361473661
B,1.5,W12,002,15.0,0.75,0.0005,10,0.1,True,457,0.24243808518114843,0.04513222361473661
B,1.5,W12,002,15.0,0.75,0.0005,10,0.2,True,457,0.24243808518114843,0.04513222361473661
B,1.5,W12,002,15.0,0.75,0.001,6,0.1,True,463,0.2838164960083209,0.04416917764434689
B,1.5,W12,002,15.0,0.75,0.001,6,0.2,False,,,
B,1.5,W12,002,15.0,0.75,0.001,8,0.1,False,,,
B,1.5,W12,002,15.0,0.75,0.001,8,0.2,False,,,
B,1.5,W12,002,15.0,0.75,0.001,10,0.1,False,,,
B,1.5,W12,002,15.0,0.75,0.001,10,0.2,False,,,
B,1.5,W12,002,15.0,0.8,0.0005,6,0.1,True,457,0.24243808518114843,0.04513222361473661
B,1.5,W12,002,15.0,0.8,0.0005,6,0.2,True,458,0.2478767139346976,0.04495383701042125
B,1.5,W12,002,15.0,0.8,0.0005,8,0.1,True,457,0.24243808518114843,0.04513222361473661
B,1.5,W12,002,15.0,0.8,0.0005,8,0.2,True,458,0.2478767139346976,0.04495383701042125
B,1.5,W12,002,15.0,0.8,0.0005,10,0.1,True,457,0.24243808518114843,0.04513222361473661
B,1.5,W12,002,15.0,0.8,0.0005,10,0.2,True,458,0.2478767139346976,0.04495383701042125
B,1.5,W12,002,15.0,0.8,0.001,6,0.1,True,463,0.2838164960083209,0.04416917764434689
B,1.5,W12,002,15.0,0.8,0.001,6,0.2,False,,,
B,1.5,W12,002,15.0,0.8,0.001,8,0.1,False,,,
B,1.5,W12,002,15.0,0.8,0.001,8,0.2,False,,,
B,1.5,W12,002,15.0,0.8,0.001,10,0.1,False,,,
B,1.5,W12,002,15.0,0.8,0.001,10,0.2,False,,,
B,1.5,W12,002,20.0,0.7,0.0005,6,0.1,True,461,0.26726621467816203,0.044493321231321284
B,1.5,W12,002,20.0,0.7,0.0005,6,0.2,True,461,0.26726621467816203,0.044493321231321284
B,1.5,W12,002,20.0,0.7,0.0005,8,0.1,True,461,0.26726621467816203,0.044493321231321284
B,1.5,W12,002,20.0,0.7,0.0005,8,0.2,True,461,0.26726621467816203,0.044493321231321284
B,1.5,W12,002,20.0,0.7,0.0005,10,0.1,False,,,
B,1.5,W12,002,20.0,0.7,0.0005,10,0.2,False,,,
B,1.5,W12,002,20.0,0.7,0.001,6,0.1,False,,,
B,1.5,W12,002,20.0,0.7,0.001,6,0.2,False,,,
B,1.5,W12,002,20.0,0.7,0.001,8,0.1,False,,,
B,1.5,W12,002,20.0,0.7,0.001,8,0.2,False,,,
B,1.5,W12,002,20.0,0.7,0.001,10,0.1,False,,,
B,1.5,W12,002,20.0,0.7,0.001,10,0.2,False,,,
B,1.5,W12,002,20.0,0.75,0.0005,6,0.1,True,462,0.2754958695486972,0.04432371268539052
B,1.5,W12,002,20.0,0.75,0.0005,6,0.2,True,463,0.2838164960083209,0.04416917764434689
B,1.5,W12,002,20.0,0.75,0.0005,8,0.1,False,,,
B,1.5,W12,002,20.0,0.75,0.0005,8,0.2,False,,,
B,1.5,W12,002,20.0,0.75,0.0005,10,0.1,False,,,
B,1.5,W12,002,20.0,0.75,0.0005,10,0.2,False,,,
B,1.5,W12,002,20.0,0.75,0.001,6,0.1,False,,,
B,1.5,W12,002,20.0,0.75,0.001,6,0.2,False,,,
B,1.5,W12,002,20.0,0.75,0.001,8,0.1,False,,,
B,1.5,W12,002,20.0,0.75,0.001,8,0.2,False,,,
B,1.5,W12,002,20.0,0.75,0.001,10,0.1,False,,,
B,1.5,W12,002,20.0,0.75,0.001,10,0.2,False,,,
B,1.5,W12,002,20.0,0.8,0.0005,6,0.1,True,462,0.2754958695486972,0.04432371268539052
B,1.5,W12,002,20.0,0.8,0.0005,6,0.2,True,463,0.2838164960083209,0.04416917764434689
B,1.5,W12,002,20.0,0.8,0.0005,8,0.1,False,,,
B,1.5,W12,002,20.0,0.8,0.0005,8,0.2,False,,,
B,1.5,W12,002,20.0,0.8,0.0005,10,0.1,False,,,
B,1.5,W12,002,20.0,0.8,0.0005,10,0.2,False,,,
B,1.5,W12,002,20.0,0.8,0.001,6,0.1,False,,,
B,1.5,W12,002,20.0,0.8,0.001,6,0.2,False,,,
B,1.5,W12,002,20.0,0.8,0.001,8,0.1,False,,,
B,1.5,W12,002,20.0,0.8,0.001,8,0.2,False,,,
B,1.5,W12,002,20.0,0.8,0.001,10,0.1,False,,,
B,1.5,W12,002,20.0,0.8,0.001,10,0.2,False,,,
B,1.5,W12,002,25.0,0.7,0.0005,6,0.1,True,463,0.2838164960083209,0.04416917764434689
B,1.5,W12,002,25.0,0.7,0.0005,6,0.2,False,,,
B,1.5,W12,002,25.0,0.7,0.0005,8,0.1,False,,,
B,1.5,W12,002,25.0,0.7,0.0005,8,0.2,False,,,
B,1.5,W12,002,25.0,0.7,0.0005,10,0.1,False,,,
B,1.5,W12,002,25.0,0.7,0.0005,10,0.2,False,,,
B,1.5,W12,002,25.0,0.7,0.001,6,0.1,False,,,
B,1.5,W12,002,25.0,0.7,0.001,6,0.2,False,,,
B,1.5,W12,002,25.0,0.7,0.001,8,0.1,False,,,
B,1.5,W12,002,25.0,0.7,0.001,8,0.2,False,,,
B,1.5,W12,002,25.0,0.7,0.001,10,0.1,False,,,
B,1.5,W12,002,25.0,0.7,0.001,10,0.2,False,,,
B,1.5,W12,002,25.0,0.75,0.0005,6,0.1,False,,,
B,1.5,W12,002,25.0,0.75,0.0005,6,0.2,False,,,
B,1.5,W12,002,25.0,0.75,0.0005,8,0.1,False,,,
B,1.5,W12,002,25.0,0.75,0.0005,8,0.2,False,,,
B,1.5,W12,002,25.0,0.75,0.0005,10,0.1,False,,,
B,1.5,W12,002,25.0,0.75,0.0005,10,0.2,False,,,
B,1.5,W12,002,25.0,0.75,0.001,6,0.1,False,,,
B,1.5,W12,002,25.0,0.75,0.001,6,0.2,False,,,
B,1.5,W12,002,25.0,0.75,0.001,8,0.1,False,,,
B,1.5,W12,002,25.0,0.75,0.001,8,0.2,False,,,
B,1.5,W12,002,25.0,0.75,0.001,10,0.1,False,,,
B,1.5,W12,002,25.0,0.75,0.001,10,0.2,False,,,
B,1.5,W12,002,25.0,0.8,0.0005,6,0.1,False,,,
B,1.5,W12,002,25.0,0.8,0.0005,6,0.2,False,,,
B,1.5,W12,002,25.0,0.8,0.0005,8,0.1,False,,,
B,1.5,W12,002,25.0,0.8,0.0005,8,0.2,False,,,
B,1.5,W12,002,25.0,0.8,0.0005,10,0.1,False,,,
B,1.5,W12,002,25.0,0.8,0.0005,10,0.2,False,,,
B,1.5,W12,002,25.0,0.8,0.001,6,0.1,False,,,
B,1.5,W12,002,25.0,0.8,0.001,6,0.2,False,,,
B,1.5,W12,002,25.0,0.8,0.001,8,0.1,False,,,
B,1.5,W12,002,25.0,0.8,0.001,8,0.2,False,,,
B,1.5,W12,002,25.0,0.8,0.001,10,0.1,False,,,
B,1.5,W12,002,25.0,0.8,0.001,10,0.2,False,,,
B,1.5,W20,001,15.0,0.7,0.0005,6,0.1,True,492,0.3121115435895167,0.2799265890529281
B,1.5,W20,001,15.0,0.7,0.0005,6,0.2,True,492,0.3121115435895167,0.2799265890529281
B,1.5,W20,001,15.0,0.7,0.0005,8,0.1,True,492,0.3121115435895167,0.2799265890529281
B,1.5,W20,001,15.0,0.7,0.0005,8,0.2,True,492,0.3121115435895167,0.2799265890529281
B,1.5,W20,001,15.0,0.7,0.0005,10,0.1,True,492,0.3121115435895167,0.2799265890529281
B,1.5,W20,001,15.0,0.7,0.0005,10,0.2,True,492,0.3121115435895167,0.2799265890529281
B,1.5,W20,001,15.0,0.7,0.001,6,0.1,False,,,
B,1.5,W20,001,15.0,0.7,0.001,6,0.2,False,,,
B,1.5,W20,001,15.0,0.7,0.001,8,0.1,False,,,
B,1.5,W20,001,15.0,0.7,0.001,8,0.2,False,,,
B,1.5,W20,001,15.0,0.7,0.001,10,0.1,False,,,
B,1.5,W20,001,15.0,0.7,0.001,10,0.2,False,,,
B,1.5,W20,001,15.0,0.75,0.0005,6,0.1,False,,,
B,1.5,W20,001,15.0,0.75,0.0005,6,0.2,False,,,
B,1.5,W20,001,15.0,0.75,0.0005,8,0.1,False,,,
B,1.5,W20,001,15.0,0.75,0.0005,8,0.2,False,,,
B,1.5,W20,001,15.0,0.75,0.0005,10,0.1,False,,,
B,1.5,W20,001,15.0,0.75,0.0005,10,0.2,False,,,
B,1.5,W20,001,15.0,0.75,0.001,6,0.1,True,477,0.27720643344678375,0.25199447023241145
B,1.5,W20,001,15.0,0.75,0.001,6,0.2,True,477,0.27720643344678375,0.25199447023241145
B,1.5,W20,001,15.0,0.75,0.001,8,0.1,True,477,0.27720643344678375,0.25199447023241145
B,1.5,W20,001,15.0,0.75,0.001,8,0.2,True,477,0.27720643344678375,0.25199447023241145
B,1.5,W20,001,15.0,0.75,0.001,10,0.1,True,477,0.27720643344678375,0.25199447023241145
B,1.5,W20,001,15.0,0.75,0.001,10,0.2,True,477,0.27720643344678375,0.25199447023241145
B,1.5,W20,001,15.0,0.8,0.0005,6,0.1,True,487,0.29991023124832855,0.27038557474550445
B,1.5,W20,001,15.0,0.8,0.0005,6,0.2,True,487,0.29991023124832855,0.27038557474550445
B,1.5,W20,001,15.0,0.8,0.0005,8,0.1,True,588,0.4423029814895831,0.352893214476736
B,1.5,W20,001,15.0,0.8,0.0005,8,0.2,True,588,0.4423029814895831,0.352893214476736
B,1.5,W20,001,15.0,0.8,0.0005,10,0.1,True,588,0.4423029814895831,0.352893214476736
B,1.5,W20,001,15.0,0.8,0.0005,10,0.2,True,588,0.4423029814895831,0.352893214476736
B,1.5,W20,001,15.0,0.8,0.001,6,0.1,True,537,0.3811578852565665,0.3264480029281817
B,1.5,W20,001,15.0,0.8,0.001,6,0.2,True,547,0.39091117327150543,0.3316967020693578
B,1.5,W20,001,15.0,0.8,0.001,8,0.1,True,537,0.3811578852565665,0.3264480029281817
B,1.5,W20,001,15.0,0.8,0.001,8,0.2,True,547,0.39091117327150543,0.3316967020693578
B,1.5,W20,001,15.0,0.8,0.001,10,0.1,True,537,0.3811578852565665,0.3264480029281817
B,1.5,W20,001,15.0,0.8,0.001,10,0.2,True,547,0.39091117327150543,0.3316967020693578
B,1.5,W20,001,20.0,0.7,0.0005,6,0.1,True,492,0.3121115435895167,0.2799265890529281
B,1.5,W20,001,20.0,0.7,0.0005,6,0.2,True,497,0.3252598819764037,0.28987037390470505
B,1.5,W20,001,20.0,0.7,0.0005,8,0.1,True,492,0.3121115435895167,0.2799265890529281
B,1.5,W20,001,20.0,0.7,0.0005,8,0.2,True,497,0.3252598819764037,0.28987037390470505
B,1.5,W20,001,20.0,0.7,0.0005,10,0.1,True,492,0.3121115435895167,0.2799265890529281
B,1.5,W20,001,20.0,0.7,0.0005,10,0.2,True,497,0.3252598819764037,0.28987037390470505
B,1.5,W20,001,20.0,0.7,0.001,6,0.1,True,587,0.44068687644444016,0.3524007573723793
B,1.5,W20,001,20.0,0.7,0.001,6,0.2,True,589,0.44398906709332214,0.353373346752242
B,1.5,W20,001,20.0,0.7,0.001,8,0.1,True,587,0.44068687644444016,0.3524007573723793
B,1.5,W20,001,20.0,0.7,0.001,8,0.2,True,589,0.44398906709332214,0.353373346752242
B,1.5,W20,001,20.0,0.7,0.001,10,0.1,True,587,0.44068687644444016,0.3524007573723793
B,1.5,W20,001,20.0,0.7,0.001,10,0.2,True,589,0.44398906709332214,0.353373346752242
B,1.5,W20,001,20.0,0.75,0.0005,6,0.1,True,552,0.3960742334786214,0.33430698396343933
B,1.5,W20,001,20.0,0.75,0.0005,6,0.2,True,552,0.3960742334786214,0.33430698396343933
B,1.5,W20,001,20.0,0.75,0.0005,8,0.1,True,552,0.3960742334786214,0.33430698396343933
B,1.5,W20,001,20.0,0.75,0.0005,8,0.2,True,552,0.3960742334786214,0.33430698396343933
B,1.5,W20,001,20.0,0.75,0.0005,10,0.1,True,552,0.3960742334786214,0.33430698396343933
B,1.5,W20,001,20.0,0.75,0.0005,10,0.2,True,552,0.3960742334786214,0.33430698396343933
B,1.5,W20,001,20.0,0.75,0.001,6,0.1,True,477,0.27720643344678375,0.25199447023241145
B,1.5,W20,001,20.0,0.75,0.001,6,0.2,True,507,0.3544364450009246,0.3103546676667113
B,1.5,W20,001,20.0,0.75,0.001,8,0.1,True,477,0.27720643344678375,0.25199447023241145
B,1.5,W20,001,20.0,0.75,0.001,8,0.2,True,507,0.3544364450009246,0.3103546676667113
B,1.5,W20,001,20.0,0.75,0.001,10,0.1,True,477,0.27720643344678375,0.25199447023241145
B,1.5,W20,001,20.0,0.75,0.001,10,0.2,True,507,0.3544364450009246,0.3103546676667113
B,1.5,W20,001,20.0,0.8,0.0005,6,0.1,True,487,0.29991023124832855,0.27038557474550445
B,1.5,W20,001,20.0,0.8,0.0005,6,0.2,True,487,0.29991023124832855,0.27038557474550445
B,1.5,W20,001,20.0,0.8,0.0005,8,0.1,True,487,0.29991023124832855,0.27038557474550445
B,1.5,W20,001,20.0,0.8,0.0005,8,0.2,True,487,0.29991023124832855,0.27038557474550445
B,1.5,W20,001,20.0,0.8,0.0005,10,0.1,False,,,
B,1.5,W20,001,20.0,0.8,0.0005,10,0.2,False,,,
B,1.5,W20,001,20.0,0.8,0.001,6,0.1,True,552,0.3960742334786214,0.33430698396343933
B,1.5,W20,001,20.0,0.8,0.001,6,0.2,True,557,0.40150241828278493,0.3369881640139379
B,1.5,W20,001,20.0,0.8,0.001,8,0.1,True,552,0.3960742334786214,0.33430698396343933
B,1.5,W20,001,20.0,0.8,0.001,8,0.2,True,557,0.40150241828278493,0.3369881640139379
B,1.5,W20,001,20.0,0.8,0.001,10,0.1,True,552,0.3960742334786214,0.33430698396343933
B,1.5,W20,001,20.0,0.8,0.001,10,0.2,True,557,0.40150241828278493,0.3369881640139379
B,1.5,W20,001,25.0,0.7,0.0005,6,0.1,True,502,0.339288126089071,0.29999556941421407
B,1.5,W20,001,25.0,0.7,0.0005,6,0.2,True,507,0.3544364450009246,0.3103546676667113
B,1.5,W20,001,25.0,0.7,0.0005,8,0.1,True,502,0.339288126089071,0.29999556941421407
B,1.5,W20,001,25.0,0.7,0.0005,8,0.2,True,507,0.3544364450009246,0.3103546676667113
B,1.5,W20,001,25.0,0.7,0.0005,10,0.1,True,502,0.339288126089071,0.29999556941421407
B,1.5,W20,001,25.0,0.7,0.0005,10,0.2,True,507,0.3544364450009246,0.3103546676667113
B,1.5,W20,001,25.0,0.7,0.001,6,0.1,True,596,0.45682471520022344,0.35657741129398346
B,1.5,W20,001,25.0,0.7,0.001,6,0.2,False,,,
B,1.5,W20,001,25.0,0.7,0.001,8,0.1,False,,,
B,1.5,W20,001,25.0,0.7,0.001,8,0.2,False,,,
B,1.5,W20,001,25.0,0.7,0.001,10,0.1,False,,,
B,1.5,W20,001,25.0,0.7,0.001,10,0.2,False,,,
B,1.5,W20,001,25.0,0.75,0.0005,6,0.1,False,,,
B,1.5,W20,001,25.0,0.75,0.0005,6,0.2,False,,,
B,1.5,W20,001,25.0,0.75,0.0005,8,0.1,False,,,
B,1.5,W20,001,25.0,0.75,0.0005,8,0.2,False,,,
B,1.5,W20,001,25.0,0.75,0.0005,10,0.1,False,,,
B,1.5,W20,001,25.0,0.75,0.0005,10,0.2,False,,,
B,1.5,W20,001,25.0,0.75,0.001,6,0.1,True,537,0.3811578852565665,0.3264480029281817
B,1.5,W20,001,25.0,0.75,0.001,6,0.2,True,547,0.39091117327150543,0.3316967020693578
B,1.5,W20,001,25.0,0.75,0.001,8,0.1,True,537,0.3811578852565665,0.3264480029281817
B,1.5,W20,001,25.0,0.75,0.001,8,0.2,False,,,
B,1.5,W20,001,25.0,0.75,0.001,10,0.1,False,,,
B,1.5,W20,001,25.0,0.75,0.001,10,0.2,False,,,
B,1.5,W20,001,25.0,0.8,0.0005,6,0.1,True,507,0.3544364450009246,0.3103546676667113
B,1.5,W20,001,25.0,0.8,0.0005,6,0.2,True,593,0.4510381758997315,0.3552464336941117
B,1.5,W20,001,25.0,0.8,0.0005,8,0.1,True,507,0.3544364450009246,0.3103546676667113
B,1.5,W20,001,25.0,0.8,0.0005,8,0.2,False,,,
B,1.5,W20,001,25.0,0.8,0.0005,10,0.1,False,,,
B,1.5,W20,001,25.0,0.8,0.0005,10,0.2,False,,,
B,1.5,W20,001,25.0,0.8,0.001,6,0.1,True,577,0.42584865814761114,0.34744645263019364
B,1.5,W20,001,25.0,0.8,0.001,6,0.2,True,585,0.4375129557753864,0.3514087949144213
B,1.5,W20,001,25.0,0.8,0.001,8,0.1,True,577,0.42584865814761114,0.34744645263019364
B,1.5,W20,001,25.0,0.8,0.001,8,0.2,True,585,0.4375129557753864,0.3514087949144213
B,1.5,W20,001,25.0,0.8,0.001,10,0.1,True,577,0.42584865814761114,0.34744645263019364
B,1.5,W20,001,25.0,0.8,0.001,10,0.2,True,585,0.4375129557753864,0.3514087949144213
B,1.5,W20,002,15.0,0.7,0.0005,6,0.1,True,515,0.2606305919195476,0.25288906222895574
B,1.5,W20,002,15.0,0.7,0.0005,6,0.2,True,545,0.2769352409400438,0.2673743720117368
B,1.5,W20,002,15.0,0.7,0.0005,8,0.1,True,515,0.2606305919195476,0.25288906222895574
B,1.5,W20,002,15.0,0.7,0.0005,8,0.2,True,545,0.2769352409400438,0.2673743720117368
B,1.5,W20,002,15.0,0.7,0.0005,10,0.1,True,515,0.2606305919195476,0.25288906222895574
B,1.5,W20,002,15.0,0.7,0.0005,10,0.2,True,545,0.2769352409400438,0.2673743720117368
B,1.5,W20,002,15.0,0.7,0.001,6,0.1,True,455,0.22462166669337372,0.21944478879633703
B,1.5,W20,002,15.0,0.7,0.001,6,0.2,True,455,0.22462166669337372,0.21944478879633703
B,1.5,W20,002,15.0,0.7,0.001,8,0.1,True,725,0.4312109366843575,0.36634899597418935
B,1.5,W20,002,15.0,0.7,0.001,8,0.2,False,,,
B,1.5,W20,002,15.0,0.7,0.001,10,0.1,True,725,0.4312109366843575,0.36634899597418935
B,1.5,W20,002,15.0,0.7,0.001,10,0.2,False,,,
B,1.5,W20,002,15.0,0.75,0.0005,6,0.1,True,555,0.28272349622688797,0.2724282565085511
B,1.5,W20,002,15.0,0.75,0.0005,6,0.2,True,575,0.2947333145298456,0.28264927511152466
B,1.5,W20,002,15.0,0.75,0.0005,8,0.1,True,555,0.28272349622688797,0.2724282565085511
B,1.5,W20,002,15.0,0.75,0.0005,8,0.2,True,575,0.2947333145298456,0.28264927511152466
B,1.5,W20,002,15.0,0.75,0.0005,10,0.1,True,555,0.28272349622688797,0.2724282565085511
B,1.5,W20,002,15.0,0.75,0.0005,10,0.2,True,575,0.2947333145298456,0.28264927511152466
B,1.5,W20,002,15.0,0.75,0.001,6,0.1,True,500,0.2529400340036342,0.24587754297413325
B,1.5,W20,002,15.0,0.75,0.001,6,0.2,True,505,0.2554524184057587,0.24817539908384023
B,1.5,W20,002,15.0,0.75,0.001,8,0.1,True,500,0.2529400340036342,0.24587754297413325
B,1.5,W20,002,15.0,0.75,0.001,8,0.2,False,,,
B,1.5,W20,002,15.0,0.75,0.001,10,0.1,False,,,
B,1.5,W20,002,15.0,0.75,0.001,10,0.2,False,,,
B,1.5,W20,002,15.0,0.8,0.0005,6,0.1,True,595,0.3075515251410635,0.29324164672901754
B,1.5,W20,002,15.0,0.8,0.0005,6,0.2,True,630,0.3323323024730933,0.3123369377694632
B,1.5,W20,002,15.0,0.8,0.0005,8,0.1,True,595,0.3075515251410635,0.29324164672901754
B,1.5,W20,002,15.0,0.8,0.0005,8,0.2,True,630,0.3323323024730933,0.3123369377694632
B,1.5,W20,002,15.0,0.8,0.0005,10,0.1,True,595,0.3075515251410635,0.29324164672901754
B,1.5,W20,002,15.0,0.8,0.0005,10,0.2,True,630,0.3323323024730933,0.3123369377694632
B,1.5,W20,002,15.0,0.8,0.001,6,0.1,True,550,0.27985708886071253,0.2698626000630228
B,1.5,W20,002,15.0,0.8,0.001,6,0.2,True,560,0.2856304433784987,0.27492325713759974
B,1.5,W20,002,15.0,0.8,0.001,8,0.1,True,550,0.27985708886071253,0.2698626000630228
B,1.5,W20,002,15.0,0.8,0.001,8,0.2,False,,,
B,1.5,W20,002,15.0,0.8,0.001,10,0.1,False,,,
B,1.5,W20,002,15.0,0.8,0.001,10,0.2,False,,,
B,1.5,W20,002,20.0,0.7,0.0005,6,0.1,True,460,0.2336352912611083,0.22798839583992958
B,1.5,W20,002,20.0,0.7,0.0005,6,0.2,True,500,0.2529400340036342,0.24587754297413325
B,1.5,W20,002,20.0,0.7,0.0005,8,0.1,True,460,0.2336352912611083,0.22798839583992958
B,1.5,W20,002,20.0,0.7,0.0005,8,0.2,True,500,0.2529400340036342,0.24587754297413325
B,1.5,W20,002,20.0,0.7,0.0005,10,0.1,True,460,0.2336352912611083,0.22798839583992958
B,1.5,W20,002,20.0,0.7,0.0005,10,0.2,True,500,0.2529400340036342,0.24587754297413325
B,1.5,W20,002,20.0,0.7,0.001,6,0.1,True,660,0.35686834470221873,0.32937066335427134
B,1.5,W20,002,20.0,0.7,0.001,6,0.2,True,690,0.3857078693414989,0.3466327002173976
B,1.5,W20,002,20.0,0.7,0.001,8,0.1,True,660,0.35686834470221873,0.32937066335427134
B,1.5,W20,002,20.0,0.7,0.001,8,0.2,True,690,0.3857078693414989,0.3466327002173976
B,1.5,W20,002,20.0,0.7,0.001,10,0.1,True,660,0.35686834470221873,0.32937066335427134
B,1.5,W20,002,20.0,0.7,0.001,10,0.2,True,690,0.3857078693414989,0.3466327002173976
B,1.5,W20,002,20.0,0.75,0.0005,6,0.1,True,500,0.2529400340036342,0.24587754297413325
B,1.5,W20,002,20.0,0.75,0.0005,6,0.2,True,520,0.26325028703400966,0.25528828289948013
B,1.5,W20,002,20.0,0.75,0.0005,8,0.1,True,500,0.2529400340036342,0.24587754297413325
B,1.5,W20,002,20.0,0.75,0.0005,8,0.2,True,520,0.26325028703400966,0.25528828289948013
B,1.5,W20,002,20.0,0.75,0.0005,10,0.1,True,500,0.2529400340036342,0.24587754297413325
B,1.5,W20,002,20.0,0.75,0.0005,10,0.2,True,520,0.26325028703400966,0.25528828289948013
B,1.5,W20,002,20.0,0.75,0.001,6,0.1,True,660,0.35686834470221873,0.32937066335427134
B,1.5,W20,002,20.0,0.75,0.001,6,0.2,True,690,0.3857078693414989,0.3466327002173976
B,1.5,W20,002,20.0,0.75,0.001,8,0.1,True,660,0.35686834470221873,0.32937066335427134
B,1.5,W20,002,20.0,0.75,0.001,8,0.2,False,,,
B,1.5,W20,002,20.0,0.75,0.001,10,0.1,True,660,0.35686834470221873,0.32937066335427134
B,1.5,W20,002,20.0,0.75,0.001,10,0.2,False,,,
B,1.5,W20,002,20.0,0.8,0.0005,6,0.1,True,595,0.3075515251410635,0.29324164672901754
B,1.5,W20,002,20.0,0.8,0.0005,6,0.2,True,615,0.32137085928728704,0.3040663666631046
B,1.5,W20,002,20.0,0.8,0.0005,8,0.1,True,595,0.3075515251410635,0.29324164672901754
B,1.5,W20,002,20.0,0.8,0.0005,8,0.2,True,615,0.32137085928728704,0.3040663666631046
B,1.5,W20,002,20.0,0.8,0.0005,10,0.1,True,595,0.3075515251410635,0.29324164672901754
B,1.5,W20,002,20.0,0.8,0.0005,10,0.2,True,615,0.32137085928728704,0.3040663666631046
B,1.5,W20,002,20.0,0.8,0.001,6,0.1,True,565,0.2886416284661544,0.277529576891347
B,1.5,W20,002,20.0,0.8,0.001,6,0.2,False,,,
B,1.5,W20,002,20.0,0.8,0.001,8,0.1,True,695,0.3911904571087737,0.3494716784671733
B,1.5,W20,002,20.0,0.8,0.001,8,0.2,False,,,
B,1.5,W20,002,20.0,0.8,0.001,10,0.1,True,695,0.3911904571087737,0.3494716784671733
B,1.5,W20,002,20.0,0.8,0.001,10,0.2,False,,,
B,1.5,W20,002,25.0,0.7,0.0005,6,0.1,True,540,0.2740518497793298,0.2649248587457757
B,1.5,W20,002,25.0,0.7,0.0005,6,0.2,True,555,0.28272349622688797,0.2724282565085511
B,1.5,W20,002,25.0,0.7,0.0005,8,0.1,True,540,0.2740518497793298,0.2649248587457757
B,1.5,W20,002,25.0,0.7,0.0005,8,0.2,True,555,0.28272349622688797,0.2724282565085511
B,1.5,W20,002,25.0,0.7,0.0005,10,0.1,True,540,0.2740518497793298,0.2649248587457757
B,1.5,W20,002,25.0,0.7,0.0005,10,0.2,True,555,0.28272349622688797,0.2724282565085511
B,1.5,W20,002,25.0,0.7,0.001,6,0.1,True,465,0.23593802338368014,0.23014992455902852
B,1.5,W20,002,25.0,0.7,0.001,6,0.2,True,670,0.3658562204555461,0.335148187452241
B,1.5,W20,002,25.0,0.7,0.001,8,0.1,True,645,0.3442404176059522,0.3208112614719491
B,1.5,W20,002,25.0,0.7,0.001,8,0.2,True,670,0.3658562204555461,0.335148187452241
B,1.5,W20,002,25.0,0.7,0.001,10,0.1,True,645,0.3442404176059522,0.3208112614719491
B,1.5,W20,002,25.0,0.7,0.001,10,0.2,True,670,0.3658562204555461,0.335148187452241
B,1.5,W20,002,25.0,0.75,0.0005,6,0.1,True,505,0.2554524184057587,0.24817539908384023
B,1.5,W20,002,25.0,0.75,0.0005,6,0.2,True,525,0.2658990594117265,0.25764668262318563
B,1.5,W20,002,25.0,0.75,0.0005,8,0.1,True,505,0.2554524184057587,0.24817539908384023
B,1.5,W20,002,25.0,0.75,0.0005,8,0.2,True,525,0.2658990594117265,0.25764668262318563
B,1.5,W20,002,25.0,0.75,0.0005,10,0.1,True,505,0.2554524184057587,0.24817539908384023
B,1.5,W20,002,25.0,0.75,0.0005,10,0.2,True,525,0.2658990594117265,0.25764668262318563
B,1.5,W20,002,25.0,0.75,0.001,6,0.1,True,520,0.26325028703400966,0.25528828289948013
B,1.5,W20,002,25.0,0.75,0.001,6,0.2,True,525,0.2658990594117265,0.25764668262318563
B,1.5,W20,002,25.0,0.75,0.001,8,0.1,True,685,0.3804899418824597,0.3437715725679147
B,1.5,W20,002,25.0,0.75,0.001,8,0.2,False,,,
B,1.5,W20,002,25.0,0.75,0.001,10,0.1,True,685,0.3804899418824597,0.3437715725679147
B,1.5,W20,002,25.0,0.75,0.001,10,0.2,False,,,
B,1.5,W20,002,25.0,0.8,0.0005,6,0.1,True,570,0.29167117766643824,0.280074076040795
B,1.5,W20,002,25.0,0.8,0.0005,6,0.2,True,585,0.3010378472114864,0.2878836134546681
B,1.5,W20,002,25.0,0.8,0.0005,8,0.1,True,570,0.29167117766643824,0.280074076040795
B,1.5,W20,002,25.0,0.8,0.0005,8,0.2,True,585,0.3010378472114864,0.2878836134546681
B,1.5,W20,002,25.0,0.8,0.0005,10,0.1,True,570,0.29167117766643824,0.280074076040795
B,1.5,W20,002,25.0,0.8,0.0005,10,0.2,True,585,0.3010378472114864,0.2878836134546681
B,1.5,W20,002,25.0,0.8,0.001,6,0.1,True,570,0.29167117766643824,0.280074076040795
B,1.5,W20,002,25.0,0.8,0.001,6,0.2,True,575,0.2947333145298456,0.28264927511152466
B,1.5,W20,002,25.0,0.8,0.001,8,0.1,False,,,
B,1.5,W20,002,25.0,0.8,0.001,8,0.2,False,,,
B,1.5,W20,002,25.0,0.8,0.001,10,0.1,False,,,
B,1.5,W20,002,25.0,0.8,0.001,10,0.2,False,,,
C,2.0,W02,001,15.0,0.7,0.0005,6,0.1,True,406,0.3521107086934239,-0.09779054105999958
C,2.0,W02,001,15.0,0.7,0.0005,6,0.2,True,407,0.3566821669957724,-0.0989836888859071
C,2.0,W02,001,15.0,0.7,0.0005,8,0.1,True,406,0.3521107086934239,-0.09779054105999958
C,2.0,W02,001,15.0,0.7,0.0005,8,0.2,True,407,0.3566821669957724,-0.0989836888859071
C,2.0,W02,001,15.0,0.7,0.0005,10,0.1,True,406,0.3521107086934239,-0.09779054105999958
C,2.0,W02,001,15.0,0.7,0.0005,10,0.2,True,407,0.3566821669957724,-0.0989836888859071
C,2.0,W02,001,15.0,0.7,0.001,6,0.1,True,393,0.30643798931535465,-0.08470059940254832
C,2.0,W02,001,15.0,0.7,0.001,6,0.2,True,394,0.3097427095993456,-0.08587911231331079
C,2.0,W02,001,15.0,0.7,0.001,8,0.1,True,393,0.30643798931535465,-0.08470059940254832
C,2.0,W02,001,15.0,0.7,0.001,8,0.2,True,394,0.3097427095993456,-0.08587911231331079
C,2.0,W02,001,15.0,0.7,0.001,10,0.1,True,393,0.30643798931535465,-0.08470059940254832
C,2.0,W02,001,15.0,0.7,0.001,10,0.2,True,394,0.3097427095993456,-0.08587911231331079
C,2.0,W02,001,15.0,0.75,0.0005,6,0.1,True,345,0.21733329561819514,-0.053871243384229134
C,2.0,W02,001,15.0,0.75,0.0005,6,0.2,True,380,0.2679135504975376,-0.07185006294264851
C,2.0,W02,001,15.0,0.75,0.0005,8,0.1,True,380,0.2679135504975376,-0.07185006294264851
C,2.0,W02,001,15.0,0.75,0.0005,8,0.2,True,380,0.2679135504975376,-0.07185006294264851
C,2.0,W02,001,15.0,0.75,0.0005,10,0.1,True,380,0.2679135504975376,-0.07185006294264851
C,2.0,W02,001,15.0,0.75,0.0005,10,0.2,True,380,0.2679135504975376,-0.07185006294264851
C,2.0,W02,001,15.0,0.75,0.001,6,0.1,True,345,0.21733329561819514,-0.053871243384229134
C,2.0,W02,001,15.0,0.75,0.001,6,0.2,True,390,0.2966028936656125,-0.08143664932394602
C,2.0,W02,001,15.0,0.75,0.001,8,0.1,True,390,0.2966028936656125,-0.08143664932394602
C,2.0,W02,001,15.0,0.75,0.001,8,0.2,True,390,0.2966028936656125,-0.08143664932394602
C,2.0,W02,001,15.0,0.75,0.001,10,0.1,True,390,0.2966028936656125,-0.08143664932394602
C,2.0,W02,001,15.0,0.75,0.001,10,0.2,True,390,0.2966028936656125,-0.08143664932394602
C,2.0,W02,001,15.0,0.8,0.0005,6,0.1,True,392,0.3031031058495303,-0.08362971856651535
C,2.0,W02,001,15.0,0.8,0.0005,6,0.2,True,392,0.3031031058495303,-0.08362971856651535
C,2.0,W02,001,15.0,0.8,0.0005,8,0.1,True,392,0.3031031058495303,-0.08362971856651535
C,2.0,W02,001,15.0,0.8,0.0005,8,0.2,True,392,0.3031031058495303,-0.08362971856651535
C,2.0,W02,001,15.0,0.8,0.0005,10,0.1,True,392,0.3031031058495303,-0.08362971856651535
C,2.0,W02,001,15.0,0.8,0.0005,10,0.2,True,392,0.3031031058495303,-0.08362971856651535
C,2.0,W02,001,15.0,0.8,0.001,6,0.1,True,390,0.2966028936656125,-0.08143664932394602
C,2.0,W02,001,15.0,0.8,0.001,6,0.2,True,390,0.2966028936656125,-0.08143664932394602
C,2.0,W02,001,15.0,0.8,0.001,8,0.1,True,390,0.2966028936656125,-0.08143664932394602
C,2.0,W02,001,15.0,0.8,0.001,8,0.2,True,390,0.2966028936656125,-0.08143664932394602
C,2.0,W02,001,15.0,0.8,0.001,10,0.1,True,390,0.2966028936656125,-0.08143664932394602
C,2.0,W02,001,15.0,0.8,0.001,10,0.2,True,390,0.2966028936656125,-0.08143664932394602
C,2.0,W02,001,20.0,0.7,0.0005,6,0.1,False,,,
C,2.0,W02,001,20.0,0.7,0.0005,6,0.2,False,,,
C,2.0,W02,001,20.0,0.7,0.0005,8,0.1,False,,,
C,2.0,W02,001,20.0,0.7,0.0005,8,0.2,False,,,
C,2.0,W02,001,20.0,0.7,0.0005,10,0.1,False,,,
C,2.0,W02,001,20.0,0.7,0.0005,10,0.2,False,,,
C,2.0,W02,001,20.0,0.7,0.001,6,0.1,True,423,0.44872187307247746,-0.11076577237019172
C,2.0,W02,001,20.0,0.7,0.001,6,0.2,False,,,
C,2.0,W02,001,20.0,0.7,0.001,8,0.1,False,,,
C,2.0,W02,001,20.0,0.7,0.001,8,0.2,False,,,
C,2.0,W02,001,20.0,0.7,0.001,10,0.1,False,,,
C,2.0,W02,001,20.0,0.7,0.001,10,0.2,False,,,
C,2.0,W02,001,20.0,0.75,0.0005,6,0.1,True,411,0.375848311262253,-0.1033075111798751
C,2.0,W02,001,20.0,0.75,0.0005,6,0.2,True,411,0.375848311262253,-0.1033075111798751
C,2.0,W02,001,20.0,0.75,0.0005,8,0.1,True,411,0.375848311262253,-0.1033075111798751
C,2.0,W02,001,20.0,0.75,0.0005,8,0.2,True,411,0.375848311262253,-0.1033075111798751
C,2.0,W02,001,20.0,0.75,0.0005,10,0.1,True,411,0.375848311262253,-0.1033075111798751
C,2.0,W02,001,20.0,0.75,0.0005,10,0.2,True,411,0.375848311262253,-0.1033075111798751
C,2.0,W02,001,20.0,0.75,0.001,6,0.1,True,345,0.2171903264064055,-0.05392203747462004
C,2.0,W02,001,20.0,0.75,0.001,6,0.2,True,401,0.3332707748199121,-0.09308541480165261
C,2.0,W02,001,20.0,0.75,0.001,8,0.1,True,398,0.32250122267466325,-0.0900667164570246
C,2.0,W02,001,20.0,0.75,0.001,8,0.2,True,401,0.3332707748199121,-0.09308541480165261
C,2.0,W02,001,20.0,0.75,0.001,10,0.1,True,398,0.32250122267466325,-0.0900667164570246
C,2.0,W02,001,20.0,0.75,0.001,10,0.2,True,401,0.3332707748199121,-0.09308541480165261
C,2.0,W02,001,20.0,0.8,0.0005,6,0.1,True,401,0.3332707748199121,-0.09308541480165261
C,2.0,W02,001,20.0,0.8,0.0005,6,0.2,True,402,0.3371574913079922,-0.09407127686800101
C,2.0,W02,001,20.0,0.8,0.0005,8,0.1,True,401,0.3332707748199121,-0.09308541480165261
C,2.0,W02,001,20.0,0.8,0.0005,8,0.2,True,402,0.3371574913079922,-0.09407127686800101
C,2.0,W02,001,20.0,0.8,0.0005,10,0.1,True,401,0.3332707748199121,-0.09308541480165261
C,2.0,W02,001,20.0,0.8,0.0005,10,0.2,True,402,0.3371574913079922,-0.09407127686800101
C,2.0,W02,001,20.0,0.8,0.001,6,0.1,True,391,0.29991761499490494,-0.08269229875161098
C,2.0,W02,001,20.0,0.8,0.001,6,0.2,True,392,0.3030665085101739,-0.08374322444582596
C,2.0,W02,001,20.0,0.8,0.001,8,0.1,True,391,0.29991761499490494,-0.08269229875161098
C,2.0,W02,001,20.0,0.8,0.001,8,0.2,True,392,0.3030665085101739,-0.08374322444582596
C,2.0,W02,001,20.0,0.8,0.001,10,0.1,True,391,0.29991761499490494,-0.08269229875161098
C,2.0,W02,001,20.0,0.8,0.001,10,0.2,True,392,0.3030665085101739,-0.08374322444582596
C,2.0,W02,001,25.0,0.7,0.0005,6,0.1,False,,,
C,2.0,W02,001,25.0,0.7,0.0005,6,0.2,False,,,
C,2.0,W02,001,25.0,0.7,0.0005,8,0.1,False,,,
C,2.0,W02,001,25.0,0.7,0.0005,8,0.2,False,,,
C,2.0,W02,001,25.0,0.7,0.0005,10,0.1,False,,,
C,2.0,W02,001,25.0,0.7,0.0005,10,0.2,False,,,
C,2.0,W02,001,25.0,0.7,0.001,6,0.1,True,423,0.44872187307247746,-0.11076577237019172
C,2.0,W02,001,25.0,0.7,0.001,6,0.2,False,,,
C,2.0,W02,001,25.0,0.7,0.001,8,0.1,False,,,
C,2.0,W02,001,25.0,0.7,0.001,8,0.2,False,,,
C,2.0,W02,001,25.0,0.7,0.001,10,0.1,False,,,
C,2.0,W02,001,25.0,0.7,0.001,10,0.2,False,,,
C,2.0,W02,001,25.0,0.75,0.0005,6,0.1,True,411,0.375848311262253,-0.1033075111798751
C,2.0,W02,001,25.0,0.75,0.0005,6,0.2,True,411,0.375848311262253,-0.1033075111798751
C,2.0,W02,001,25.0,0.75,0.0005,8,0.1,True,411,0.375848311262253,-0.1033075111798751
C,2.0,W02,001,25.0,0.75,0.0005,8,0.2,True,411,0.375848311262253,-0.1033075111798751
C,2.0,W02,001,25.0,0.75,0.0005,10,0.1,True,411,0.375848311262253,-0.1033075111798751
C,2.0,W02,001,25.0,0.75,0.0005,10,0.2,True,411,0.375848311262253,-0.1033075111798751
C,2.0,W02,001,25.0,0.75,0.001,6,0.1,True,345,0.2171903264064055,-0.05392203747462004
C,2.0,W02,001,25.0,0.75,0.001,6,0.2,True,401,0.3332707748199121,-0.09308541480165261
C,2.0,W02,001,25.0,0.75,0.001,8,0.1,True,398,0.32250122267466325,-0.0900667164570246
C,2.0,W02,001,25.0,0.75,0.001,8,0.2,True,401,0.3332707748199121,-0.09308541480165261
C,2.0,W02,001,25.0,0.75,0.001,10,0.1,True,398,0.32250122267466325,-0.0900667164570246
C,2.0,W02,001,25.0,0.75,0.001,10,0.2,True,401,0.3332707748199121,-0.09308541480165261
C,2.0,W02,001,25.0,0.8,0.0005,6,0.1,True,401,0.3332707748199121,-0.09308541480165261
C,2.0,W02,001,25.0,0.8,0.0005,6,0.2,True,402,0.3371574913079922,-0.09407127686800101
C,2.0,W02,001,25.0,0.8,0.0005,8,0.1,True,401,0.3332707748199121,-0.09308541480165261
C,2.0,W02,001,25.0,0.8,0.0005,8,0.2,True,402,0.3371574913079922,-0.09407127686800101
C,2.0,W02,001,25.0,0.8,0.0005,10,0.1,True,401,0.3332707748199121,-0.09308541480165261
C,2.0,W02,001,25.0,0.8,0.0005,10,0.2,True,402,0.3371574913079922,-0.09407127686800101
C,2.0,W02,001,25.0,0.8,0.001,6,0.1,True,391,0.29991761499490494,-0.08269229875161098
C,2.0,W02,001,25.0,0.8,0.001,6,0.2,True,392,0.3030665085101739,-0.08374322444582596
C,2.0,W02,001,25.0,0.8,0.001,8,0.1,True,391,0.29991761499490494,-0.08269229875161098
C,2.0,W02,001,25.0,0.8,0.001,8,0.2,True,392,0.3030665085101739,-0.08374322444582596
C,2.0,W02,001,25.0,0.8,0.001,10,0.1,True,391,0.29991761499490494,-0.08269229875161098
C,2.0,W02,001,25.0,0.8,0.001,10,0.2,True,392,0.3030665085101739,-0.08374322444582596
C,2.0,W02,002,15.0,0.7,0.0005,6,0.1,True,402,0.3164771464933832,-0.08980745328478067
C,2.0,W02,002,15.0,0.7,0.0005,6,0.2,True,403,0.32050078425062706,-0.09116187072302921
C,2.0,W02,002,15.0,0.7,0.0005,8,0.1,True,402,0.3164771464933832,-0.08980745328478067
C,2.0,W02,002,15.0,0.7,0.0005,8,0.2,True,403,0.32050078425062706,-0.09116187072302921
C,2.0,W02,002,15.0,0.7,0.0005,10,0.1,True,402,0.3164771464933832,-0.08980745328478067
C,2.0,W02,002,15.0,0.7,0.0005,10,0.2,True,403,0.32050078425062706,-0.09116187072302921
C,2.0,W02,002,15.0,0.7,0.001,6,0.1,True,390,0.28286639286811094,-0.0785442952470607
C,2.0,W02,002,15.0,0.7,0.001,6,0.2,True,397,0.3000017070626638,-0.08436006307601929
C,2.0,W02,002,15.0,0.7,0.001,8,0.1,True,390,0.28286639286811094,-0.0785442952470607
C,2.0,W02,002,15.0,0.7,0.001,8,0.2,True,397,0.3000017070626638,-0.08436006307601929
C,2.0,W02,002,15.0,0.7,0.001,10,0.1,True,390,0.28286639286811094,-0.0785442952470607
C,2.0,W02,002,15.0,0.7,0.001,10,0.2,True,397,0.3000017070626638,-0.08436006307601929
C,2.0,W02,002,15.0,0.75,0.0005,6,0.1,True,397,0.3000017070626638,-0.08436006307601929
C,2.0,W02,002,15.0,0.75,0.0005,6,0.2,True,397,0.3000017070626638,-0.08436006307601929
C,2.0,W02,002,15.0,0.75,0.0005,8,0.1,True,397,0.3000017070626638,-0.08436006307601929
C,2.0,W02,002,15.0,0.75,0.0005,8,0.2,True,397,0.3000017070626638,-0.08436006307601929
C,2.0,W02,002,15.0,0.75,0.0005,10,0.1,True,397,0.3000017070626638,-0.08436006307601929
C,2.0,W02,002,15.0,0.75,0.0005,10,0.2,True,397,0.3000017070626638,-0.08436006307601929
C,2.0,W02,002,15.0,0.75,0.001,6,0.1,True,397,0.3000017070626638,-0.08436006307601929
C,2.0,W02,002,15.0,0.75,0.001,6,0.2,True,397,0.3000017070626638,-0.08436006307601929
C,2.0,W02,002,15.0,0.75,0.001,8,0.1,True,397,0.3000017070626638,-0.08436006307601929
C,2.0,W02,002,15.0,0.75,0.001,8,0.2,True,397,0.3000017070626638,-0.08436006307601929
C,2.0,W02,002,15.0,0.75,0.001,10,0.1,True,397,0.3000017070626638,-0.08436006307601929
C,2.0,W02,002,15.0,0.75,0.001,10,0.2,True,397,0.3000017070626638,-0.08436006307601929
C,2.0,W02,002,15.0,0.8,0.0005,6,0.1,True,399,0.306880961340594,-0.08674962710903351
C,2.0,W02,002,15.0,0.8,0.0005,6,0.2,True,399,0.306880961340594,-0.08674962710903351
C,2.0,W02,002,15.0,0.8,0.0005,8,0.1,True,399,0.306880961340594,-0.08674962710903351
C,2.0,W02,002,15.0,0.8,0.0005,8,0.2,True,399,0.306880961340594,-0.08674962710903351
C,2.0,W02,002,15.0,0.8,0.0005,10,0.1,True,399,0.306880961340594,-0.08674962710903351
C,2.0,W02,002,15.0,0.8,0.0005,10,0.2,True,399,0.306880961340594,-0.08674962710903351
C,2.0,W02,002,15.0,0.8,0.001,6,0.1,True,375,0.2432154431400529,-0.06418528524507959
C,2.0,W02,002,15.0,0.8,0.001,6,0.2,True,375,0.2432154431400529,-0.06418528524507959
C,2.0,W02,002,15.0,0.8,0.001,8,0.1,True,375,0.2432154431400529,-0.06418528524507959
C,2.0,W02,002,15.0,0.8,0.001,8,0.2,True,375,0.2432154431400529,-0.06418528524507959
C,2.0,W02,002,15.0,0.8,0.001,10,0.1,True,375,0.2432154431400529,-0.06418528524507959
C,2.0,W02,002,15.0,0.8,0.001,10,0.2,True,375,0.2432154431400529,-0.06418528524507959
C,2.0,W02,002,20.0,0.7,0.0005,6,0.1,True,412,0.35480142403871584,-0.10122675782977006
C,2.0,W02,002,20.0,0.7,0.0005,6,0.2,True,412,0.35480142403871584,-0.10122675782977006
C,2.0,W02,002,20.0,0.7,0.0005,8,0.1,True,412,0.35480142403871584,-0.10122675782977006
C,2.0,W02,002,20.0,0.7,0.0005,8,0.2,True,412,0.35480142403871584,-0.10122675782977006
C,2.0,W02,002,20.0,0.7,0.0005,10,0.1,True,412,0.35480142403871584,-0.10122675782977006
C,2.0,W02,002,20.0,0.7,0.0005,10,0.2,True,412,0.35480142403871584,-0.10122675782977006
C,2.0,W02,002,20.0,0.7,0.001,6,0.1,True,407,0.33507783519916046,-0.0957394343538162
C,2.0,W02,002,20.0,0.7,0.001,6,0.2,True,408,0.3385809159431702,-0.09682749087611835
C,2.0,W02,002,20.0,0.7,0.001,8,0.1,True,407,0.33507783519916046,-0.0957394343538162
C,2.0,W02,002,20.0,0.7,0.001,8,0.2,True,408,0.3385809159431702,-0.09682749087611835
C,2.0,W02,002,20.0,0.7,0.001,10,0.1,True,407,0.33507783519916046,-0.0957394343538162
C,2.0,W02,002,20.0,0.7,0.001,10,0.2,True,408,0.3385809159431702,-0.09682749087611835
C,2.0,W02,002,20.0,0.75,0.0005,6,0.1,True,409,0.3421775820927742,-0.09784701495216443
C,2.0,W02,002,20.0,0.75,0.0005,6,0.2,True,410,0.34593763106908554,-0.0988558180248126
C,2.0,W02,002,20.0,0.75,0.0005,8,0.1,True,409,0.3421775820927742,-0.09784701495216443
C,2.0,W02,002,20.0,0.75,0.0005,8,0.2,True,410,0.34593763106908554,-0.0988558180248126
C,2.0,W02,002,20.0,0.75,0.0005,10,0.1,True,409,0.3421775820927742,-0.09784701495216443
C,2.0,W02,002,20.0,0.75,0.0005,10,0.2,True,410,0.34593763106908554,-0.0988558180248126
C,2.0,W02,002,20.0,0.75,0.001,6,0.1,True,400,0.3101872335641812,-0.0877028318742911
C,2.0,W02,002,20.0,0.75,0.001,6,0.2,True,401,0.3133229265610377,-0.08866649178358224
C,2.0,W02,002,20.0,0.75,0.001,8,0.1,True,400,0.3101872335641812,-0.0877028318742911
C,2.0,W02,002,20.0,0.75,0.001,8,0.2,True,401,0.3133229265610377,-0.08866649178358224
C,2.0,W02,002,20.0,0.75,0.001,10,0.1,True,400,0.3101872335641812,-0.0877028318742911
C,2.0,W02,002,20.0,0.75,0.001,10,0.2,True,401,0.3133229265610377,-0.08866649178358224
C,2.0,W02,002,20.0,0.8,0.0005,6,0.1,True,397,0.30001897116502124,-0.0842049386447821
C,2.0,W02,002,20.0,0.8,0.0005,6,0.2,True,397,0.30001897116502124,-0.0842049386447821
C,2.0,W02,002,20.0,0.8,0.0005,8,0.1,True,397,0.30001897116502124,-0.0842049386447821
C,2.0,W02,002,20.0,0.8,0.0005,8,0.2,True,397,0.30001897116502124,-0.0842049386447821
C,2.0,W02,002,20.0,0.8,0.0005,10,0.1,True,397,0.30001897116502124,-0.0842049386447821
C,2.0,W02,002,20.0,0.8,0.0005,10,0.2,True,397,0.30001897116502124,-0.0842049386447821
C,2.0,W02,002,20.0,0.8,0.001,6,0.1,True,370,0.24077340368276987,-0.06293478560371277
C,2.0,W02,002,20.0,0.8,0.001,6,0.2,True,390,0.2832023272147545,-0.07853275298690185
C,2.0,W02,002,20.0,0.8,0.001,8,0.1,True,370,0.24077340368276987,-0.06293478560371277
C,2.0,W02,002,20.0,0.8,0.001,8,0.2,True,390,0.2832023272147545,-0.07853275298690185
C,2.0,W02,002,20.0,0.8,0.001,10,0.1,True,370,0.24077340368276987,-0.06293478560371277
C,2.0,W02,002,20.0,0.8,0.001,10,0.2,True,390,0.2832023272147545,-0.07853275298690185
C,2.0,W02,002,25.0,0.7,0.0005,6,0.1,True,412,0.35480142403871584,-0.10122675782977006
C,2.0,W02,002,25.0,0.7,0.0005,6,0.2,True,412,0.35480142403871584,-0.10122675782977006
C,2.0,W02,002,25.0,0.7,0.0005,8,0.1,True,412,0.35480142403871584,-0.10122675782977006
C,2.0,W02,002,25.0,0.7,0.0005,8,0.2,True,412,0.35480142403871584,-0.10122675782977006
C,2.0,W02,002,25.0,0.7,0.0005,10,0.1,True,412,0.35480142403871584,-0.10122675782977006
C,2.0,W02,002,25.0,0.7,0.0005,10,0.2,True,412,0.35480142403871584,-0.10122675782977006
C,2.0,W02,002,25.0,0.7,0.001,6,0.1,True,407,0.33507783519916046,-0.0957394343538162
C,2.0,W02,002,25.0,0.7,0.001,6,0.2,True,408,0.3385809159431702,-0.09682749087611835
C,2.0,W02,002,25.0,0.7,0.001,8,0.1,True,407,0.33507783519916046,-0.0957394343538162
C,2.0,W02,002,25.0,0.7,0.001,8,0.2,True,408,0.3385809159431702,-0.09682749087611835
C,2.0,W02,002,25.0,0.7,0.001,10,0.1,True,407,0.33507783519916046,-0.0957394343538162
C,2.0,W02,002,25.0,0.7,0.001,10,0.2,True,408,0.3385809159431702,-0.09682749087611835
C,2.0,W02,002,25.0,0.75,0.0005,6,0.1,True,409,0.3421775820927742,-0.09784701495216443
C,2.0,W02,002,25.0,0.75,0.0005,6,0.2,True,410,0.34593763106908554,-0.0988558180248126
C,2.0,W02,002,25.0,0.75,0.0005,8,0.1,True,409,0.3421775820927742,-0.09784701495216443
C,2.0,W02,002,25.0,0.75,0.0005,8,0.2,True,410,0.34593763106908554,-0.0988558180248126
C,2.0,W02,002,25.0,0.75,0.0005,10,0.1,True,409,0.3421775820927742,-0.09784701495216443
C,2.0,W02,002,25.0,0.75,0.0005,10,0.2,True,410,0.34593763106908554,-0.0988558180248126
C,2.0,W02,002,25.0,0.75,0.001,6,0.1,True,400,0.3101872335641812,-0.0877028318742911
C,2.0,W02,002,25.0,0.75,0.001,6,0.2,True,401,0.3133229265610377,-0.08866649178358224
C,2.0,W02,002,25.0,0.75,0.001,8,0.1,True,400,0.3101872335641812,-0.0877028318742911
C,2.0,W02,002,25.0,0.75,0.001,8,0.2,True,401,0.3133229265610377,-0.08866649178358224
C,2.0,W02,002,25.0,0.75,0.001,10,0.1,True,400,0.3101872335641812,-0.0877028318742911
C,2.0,W02,002,25.0,0.75,0.001,10,0.2,True,401,0.3133229265610377,-0.08866649178358224
C,2.0,W02,002,25.0,0.8,0.0005,6,0.1,True,397,0.30001897116502124,-0.0842049386447821
C,2.0,W02,002,25.0,0.8,0.0005,6,0.2,True,397,0.30001897116502124,-0.0842049386447821
C,2.0,W02,002,25.0,0.8,0.0005,8,0.1,True,397,0.30001897116502124,-0.0842049386447821
C,2.0,W02,002,25.0,0.8,0.0005,8,0.2,True,397,0.30001897116502124,-0.0842049386447821
C,2.0,W02,002,25.0,0.8,0.0005,10,0.1,True,397,0.30001897116502124,-0.0842049386447821
C,2.0,W02,002,25.0,0.8,0.0005,10,0.2,True,397,0.30001897116502124,-0.0842049386447821
C,2.0,W02,002,25.0,0.8,0.001,6,0.1,True,370,0.24077340368276987,-0.06293478560371277
C,2.0,W02,002,25.0,0.8,0.001,6,0.2,True,390,0.2832023272147545,-0.07853275298690185
C,2.0,W02,002,25.0,0.8,0.001,8,0.1,True,370,0.24077340368276987,-0.06293478560371277
C,2.0,W02,002,25.0,0.8,0.001,8,0.2,True,390,0.2832023272147545,-0.07853275298690185
C,2.0,W02,002,25.0,0.8,0.001,10,0.1,True,370,0.24077340368276987,-0.06293478560371277
C,2.0,W02,002,25.0,0.8,0.001,10,0.2,True,390,0.2832023272147545,-0.07853275298690185
C,2.0,W05,001,15.0,0.7,0.0005,6,0.1,True,399,0.22118242720762887,-0.022884839872519176
C,2.0,W05,001,15.0,0.7,0.0005,6,0.2,True,458,0.35209661881128945,-0.04821132779121399
C,2.0,W05,001,15.0,0.7,0.0005,8,0.1,True,399,0.22118242720762887,-0.022884839872519176
C,2.0,W05,001,15.0,0.7,0.0005,8,0.2,True,458,0.35209661881128945,-0.04821132779121399
C,2.0,W05,001,15.0,0.7,0.0005,10,0.1,True,457,0.34608211914698284,-0.04747900942961375
C,2.0,W05,001,15.0,0.7,0.0005,10,0.2,True,458,0.35209661881128945,-0.04821132779121399
C,2.0,W05,001,15.0,0.7,0.001,6,0.1,True,434,0.26517231345176695,-0.03275060623884201
C,2.0,W05,001,15.0,0.7,0.001,6,0.2,True,449,0.3117431656519572,-0.04217995564142863
C,2.0,W05,001,15.0,0.7,0.001,8,0.1,True,434,0.26517231345176695,-0.03275060623884201
C,2.0,W05,001,15.0,0.7,0.001,8,0.2,True,449,0.3117431656519572,-0.04217995564142863
C,2.0,W05,001,15.0,0.7,0.001,10,0.1,True,434,0.26517231345176695,-0.03275060623884201
C,2.0,W05,001,15.0,0.7,0.001,10,0.2,True,449,0.3117431656519572,-0.04217995564142863
C,2.0,W05,001,15.0,0.75,0.0005,6,0.1,True,460,0.3654591619968414,-0.04972353239854177
C,2.0,W05,001,15.0,0.75,0.0005,6,0.2,True,460,0.3654591619968414,-0.04972353239854177
C,2.0,W05,001,15.0,0.75,0.0005,8,0.1,True,460,0.3654591619968414,-0.04972353239854177
C,2.0,W05,001,15.0,0.75,0.0005,8,0.2,True,460,0.3654591619968414,-0.04972353239854177
C,2.0,W05,001,15.0,0.75,0.0005,10,0.1,True,460,0.3654591619968414,-0.04972353239854177
C,2.0,W05,001,15.0,0.75,0.0005,10,0.2,True,460,0.3654591619968414,-0.04972353239854177
C,2.0,W05,001,15.0,0.75,0.001,6,0.1,True,434,0.26517231345176695,-0.03275060623884201
C,2.0,W05,001,15.0,0.75,0.001,6,0.2,True,449,0.3117431656519572,-0.04217995564142863
C,2.0,W05,001,15.0,0.75,0.001,8,0.1,True,434,0.26517231345176695,-0.03275060623884201
C,2.0,W05,001,15.0,0.75,0.001,8,0.2,True,449,0.3117431656519572,-0.04217995564142863
C,2.0,W05,001,15.0,0.75,0.001,10,0.1,True,434,0.26517231345176695,-0.03275060623884201
C,2.0,W05,001,15.0,0.75,0.001,10,0.2,True,449,0.3117431656519572,-0.04217995564142863
C,2.0,W05,001,15.0,0.8,0.0005,6,0.1,True,459,0.35865029533704124,-0.048958612283070885
C,2.0,W05,001,15.0,0.8,0.0005,6,0.2,True,459,0.35865029533704124,-0.048958612283070885
C,2.0,W05,001,15.0,0.8,0.0005,8,0.1,True,459,0.35865029533704124,-0.048958612283070885
C,2.0,W05,001,15.0,0.8,0.0005,8,0.2,True,459,0.35865029533704124,-0.048958612283070885
C,2.0,W05,001,15.0,0.8,0.0005,10,0.1,True,459,0.35865029533704124,-0.048958612283070885
C,2.0,W05,001,15.0,0.8,0.0005,10,0.2,True,459,0.35865029533704124,-0.048958612283070885
C,2.0,W05,001,15.0,0.8,0.001,6,0.1,True,434,0.26517231345176695,-0.03275060623884201
C,2.0,W05,001,15.0,0.8,0.001,6,0.2,True,450,0.31552606225013735,-0.04279144624869029
C,2.0,W05,001,15.0,0.8,0.001,8,0.1,True,447,0.30420006116231285,-0.04075616776943207
C,2.0,W05,001,15.0,0.8,0.001,8,0.2,True,450,0.31552606225013735,-0.04279144624869029
C,2.0,W05,001,15.0,0.8,0.001,10,0.1,True,447,0.30420006116231285,-0.04075616776943207
C,2.0,W05,001,15.0,0.8,0.001,10,0.2,True,450,0.31552606225013735,-0.04279144624869029
C,2.0,W05,001,20.0,0.7,0.0005,6,0.1,True,453,0.3272517119583331,-0.04461455600042092
C,2.0,W05,001,20.0,0.7,0.0005,6,0.2,True,454,0.3315639488006893,-0.045331936329603195
C,2.0,W05,001,20.0,0.7,0.0005,8,0.1,True,453,0.3272517119583331,-0.04461455600042092
C,2.0,W05,001,20.0,0.7,0.0005,8,0.2,True,454,0.3315639488006893,-0.045331936329603195
C,2.0,W05,001,20.0,0.7,0.0005,10,0.1,True,453,0.3272517119583331,-0.04461455600042092
C,2.0,W05,001,20.0,0.7,0.0005,10,0.2,True,454,0.3315639488006893,-0.045331936329603195
C,2.0,W05,001,20.0,0.7,0.001,6,0.1,True,448,0.3077306861155911,-0.04138648039416263
C,2.0,W05,001,20.0,0.7,0.001,6,0.2,True,455,0.33598400926903677,-0.04596484805408277
C,2.0,W05,001,20.0,0.7,0.001,8,0.1,True,448,0.3077306861155911,-0.04138648039416263
C,2.0,W05,001,20.0,0.7,0.001,8,0.2,True,455,0.33598400926903677,-0.04596484805408277
C,2.0,W05,001,20.0,0.7,0.001,10,0.1,True,448,0.3077306861155911,-0.04138648039416263
C,2.0,W05,001,20.0,0.7,0.001,10,0.2,True,455,0.33598400926903677,-0.04596484805408277
C,2.0,W05,001,20.0,0.75,0.0005,6,0.1,True,456,0.3405132132925485,-0.04660862684249878
C,2.0,W05,001,20.0,0.75,0.0005,6,0.2,True,457,0.3456047941979609,-0.04729955270886421
C,2.0,W05,001,20.0,0.75,0.0005,8,0.1,True,456,0.3405132132925485,-0.04660862684249878
C,2.0,W05,001,20.0,0.75,0.0005,8,0.2,True,457,0.3456047941979609,-0.04729955270886421
C,2.0,W05,001,20.0,0.75,0.0005,10,0.1,True,456,0.3405132132925485,-0.04660862684249878
C,2.0,W05,001,20.0,0.75,0.0005,10,0.2,True,457,0.3456047941979609,-0.04729955270886421
C,2.0,W05,001,20.0,0.75,0.001,6,0.1,True,448,0.3077306861155911,-0.04138648039416263
C,2.0,W05,001,20.0,0.75,0.001,6,0.2,True,455,0.33598400926903677,-0.04596484805408277
C,2.0,W05,001,20.0,0.75,0.001,8,0.1,True,448,0.3077306861155911,-0.04138648039416263
C,2.0,W05,001,20.0,0.75,0.001,8,0.2,True,455,0.33598400926903677,-0.04596484805408277
C,2.0,W05,001,20.0,0.75,0.001,10,0.1,True,448,0.3077306861155911,-0.04138648039416263
C,2.0,W05,001,20.0,0.75,0.001,10,0.2,True,455,0.33598400926903677,-0.04596484805408277
C,2.0,W05,001,20.0,0.8,0.0005,6,0.1,True,453,0.3272517119583331,-0.04461455600042092
C,2.0,W05,001,20.0,0.8,0.0005,6,0.2,True,454,0.3315639488006893,-0.045331936329603195
C,2.0,W05,001,20.0,0.8,0.0005,8,0.1,True,453,0.3272517119583331,-0.04461455600042092
C,2.0,W05,001,20.0,0.8,0.0005,8,0.2,True,454,0.3315639488006893,-0.045331936329603195
C,2.0,W05,001,20.0,0.8,0.0005,10,0.1,True,453,0.3272517119583331,-0.04461455600042092
C,2.0,W05,001,20.0,0.8,0.0005,10,0.2,True,454,0.3315639488006893,-0.045331936329603195
C,2.0,W05,001,20.0,0.8,0.001,6,0.1,True,448,0.3077306861155911,-0.04138648039416263
C,2.0,W05,001,20.0,0.8,0.001,6,0.2,True,457,0.3456047941979609,-0.04729955270886421
C,2.0,W05,001,20.0,0.8,0.001,8,0.1,True,448,0.3077306861155911,-0.04138648039416263
C,2.0,W05,001,20.0,0.8,0.001,8,0.2,True,457,0.3456047941979609,-0.04729955270886421
C,2.0,W05,001,20.0,0.8,0.001,10,0.1,True,448,0.3077306861155911,-0.04138648039416263
C,2.0,W05,001,20.0,0.8,0.001,10,0.2,True,457,0.3456047941979609,-0.04729955270886421
C,2.0,W05,001,25.0,0.7,0.0005,6,0.1,True,448,0.3077306861155911,-0.04138648039416263
C,2.0,W05,001,25.0,0.7,0.0005,6,0.2,True,451,0.3191008089404357,-0.04335368522687962
C,2.0,W05,001,25.0,0.7,0.0005,8,0.1,True,448,0.3077306861155911,-0.04138648039416263
C,2.0,W05,001,25.0,0.7,0.0005,8,0.2,True,451,0.3191008089404357,-0.04335368522687962
C,2.0,W05,001,25.0,0.7,0.0005,10,0.1,True,448,0.3077306861155911,-0.04138648039416263
C,2.0,W05,001,25.0,0.7,0.0005,10,0.2,True,451,0.3191008089404357,-0.04335368522687962
C,2.0,W05,001,25.0,0.7,0.001,6,0.1,True,450,0.3152631827090916,-0.04268979653716087
C,2.0,W05,001,25.0,0.7,0.001,6,0.2,True,467,0.4165591150522232,-0.054192494601011276
C,2.0,W05,001,25.0,0.7,0.001,8,0.1,True,450,0.3152631827090916,-0.04268979653716087
C,2.0,W05,001,25.0,0.7,0.001,8,0.2,True,467,0.4165591150522232,-0.054192494601011276
C,2.0,W05,001,25.0,0.7,0.001,10,0.1,True,450,0.3152631827090916,-0.04268979653716087
C,2.0,W05,001,25.0,0.7,0.001,10,0.2,True,467,0.4165591150522232,-0.054192494601011276
C,2.0,W05,001,25.0,0.75,0.0005,6,0.1,True,453,0.3272517119583331,-0.04461455600042092
C,2.0,W05,001,25.0,0.75,0.0005,6,0.2,True,456,0.3405132132925485,-0.04660862684249878
C,2.0,W05,001,25.0,0.75,0.0005,8,0.1,True,453,0.3272517119583331,-0.04461455600042092
C,2.0,W05,001,25.0,0.75,0.0005,8,0.2,True,456,0.3405132132925485,-0.04660862684249878
C,2.0,W05,001,25.0,0.75,0.0005,10,0.1,True,453,0.3272517119583331,-0.04461455600042092
C,2.0,W05,001,25.0,0.75,0.0005,10,0.2,True,456,0.3405132132925485,-0.04660862684249878
C,2.0,W05,001,25.0,0.75,0.001,6,0.1,True,450,0.3152631827090916,-0.04268979653716087
C,2.0,W05,001,25.0,0.75,0.001,6,0.2,True,467,0.4165591150522232,-0.054192494601011276
C,2.0,W05,001,25.0,0.75,0.001,8,0.1,True,450,0.3152631827090916,-0.04268979653716087
C,2.0,W05,001,25.0,0.75,0.001,8,0.2,True,467,0.4165591150522232,-0.054192494601011276
C,2.0,W05,001,25.0,0.75,0.001,10,0.1,True,450,0.3152631827090916,-0.04268979653716087
C,2.0,W05,001,25.0,0.75,0.001,10,0.2,True,467,0.4165591150522232,-0.054192494601011276
C,2.0,W05,001,25.0,0.8,0.0005,6,0.1,True,449,0.3114897698948258,-0.04208674595544213
C,2.0,W05,001,25.0,0.8,0.0005,6,0.2,True,451,0.3191008089404357,-0.04335368522687962
C,2.0,W05,001,25.0,0.8,0.0005,8,0.1,True,449,0.3114897698948258,-0.04208674595544213
C,2.0,W05,001,25.0,0.8,0.0005,8,0.2,True,451,0.3191008089404357,-0.04335368522687962
C,2.0,W05,001,25.0,0.8,0.0005,10,0.1,True,449,0.3114897698948258,-0.04208674595544213
C,2.0,W05,001,25.0,0.8,0.0005,10,0.2,True,451,0.3191008089404357,-0.04335368522687962
C,2.0,W05,001,25.0,0.8,0.001,6,0.1,True,450,0.3152631827090916,-0.04268979653716087
C,2.0,W05,001,25.0,0.8,0.001,6,0.2,True,468,0.42464306832928406,-0.05487084996543432
C,2.0,W05,001,25.0,0.8,0.001,8,0.1,True,450,0.3152631827090916,-0.04268979653716087
C,2.0,W05,001,25.0,0.8,0.001,8,0.2,True,468,0.42464306832928406,-0.05487084996543432
C,2.0,W05,001,25.0,0.8,0.001,10,0.1,True,450,0.3152631827090916,-0.04268979653716087
C,2.0,W05,001,25.0,0.8,0.001,10,0.2,False,,,
C,2.0,W05,002,15.0,0.7,0.0005,6,0.1,True,389,0.23128259142762736,-0.027080892732268887
C,2.0,W05,002,15.0,0.7,0.0005,6,0.2,True,429,0.27665432385708155,-0.03633528340019678
C,2.0,W05,002,15.0,0.7,0.0005,8,0.1,True,424,0.2693637511447856,-0.03504989384428451
C,2.0,W05,002,15.0,0.7,0.0005,8,0.2,True,429,0.27665432385708155,-0.03633528340019678
C,2.0,W05,002,15.0,0.7,0.0005,10,0.1,True,424,0.2693637511447856,-0.03504989384428451
C,2.0,W05,002,15.0,0.7,0.0005,10,0.2,True,429,0.27665432385708155,-0.03633528340019678
C,2.0,W05,002,15.0,0.7,0.001,6,0.1,True,430,0.2791204240761305,-0.036872906316267814
C,2.0,W05,002,15.0,0.7,0.001,6,0.2,True,445,0.33241304010152817,-0.04718013284237761
C,2.0,W05,002,15.0,0.7,0.001,8,0.1,True,430,0.2791204240761305,-0.036872906316267814
C,2.0,W05,002,15.0,0.7,0.001,8,0.2,True,445,0.33241304010152817,-0.04718013284237761
C,2.0,W05,002,15.0,0.7,0.001,10,0.1,True,430,0.2791204240761305,-0.036872906316267814
C,2.0,W05,002,15.0,0.7,0.001,10,0.2,True,445,0.33241304010152817,-0.04718013284237761
C,2.0,W05,002,15.0,0.75,0.0005,6,0.1,True,429,0.27665432385708155,-0.03633528340019678
C,2.0,W05,002,15.0,0.75,0.0005,6,0.2,True,429,0.27665432385708155,-0.03633528340019678
C,2.0,W05,002,15.0,0.75,0.0005,8,0.1,True,429,0.27665432385708155,-0.03633528340019678
C,2.0,W05,002,15.0,0.75,0.0005,8,0.2,True,429,0.27665432385708155,-0.03633528340019678
C,2.0,W05,002,15.0,0.75,0.0005,10,0.1,True,429,0.27665432385708155,-0.03633528340019678
C,2.0,W05,002,15.0,0.75,0.0005,10,0.2,True,429,0.27665432385708155,-0.03633528340019678
C,2.0,W05,002,15.0,0.75,0.001,6,0.1,True,444,0.3283309885545781,-0.04650860240584925
C,2.0,W05,002,15.0,0.75,0.001,6,0.2,True,446,0.336537329382018,-0.047787588285772425
C,2.0,W05,002,15.0,0.75,0.001,8,0.1,True,444,0.3283309885545781,-0.04650860240584925
C,2.0,W05,002,15.0,0.75,0.001,8,0.2,True,446,0.336537329382018,-0.047787588285772425
C,2.0,W05,002,15.0,0.75,0.001,10,0.1,True,444,0.3283309885545781,-0.04650860240584925
C,2.0,W05,002,15.0,0.75,0.001,10,0.2,True,446,0.336537329382018,-0.047787588285772425
C,2.0,W05,002,15.0,0.8,0.0005,6,0.1,True,429,0.27665432385708155,-0.03633528340019678
C,2.0,W05,002,15.0,0.8,0.0005,6,0.2,True,431,0.28208961533872706,-0.03752106545787109
C,2.0,W05,002,15.0,0.8,0.0005,8,0.1,True,429,0.27665432385708155,-0.03633528340019678
C,2.0,W05,002,15.0,0.8,0.0005,8,0.2,True,431,0.28208961533872706,-0.03752106545787109
C,2.0,W05,002,15.0,0.8,0.0005,10,0.1,True,429,0.27665432385708155,-0.03633528340019678
C,2.0,W05,002,15.0,0.8,0.0005,10,0.2,True,431,0.28208961533872706,-0.03752106545787109
C,2.0,W05,002,15.0,0.8,0.001,6,0.1,True,445,0.33241304010152817,-0.04718013284237761
C,2.0,W05,002,15.0,0.8,0.001,6,0.2,True,447,0.34073074083579213,-0.04841685314711772
C,2.0,W05,002,15.0,0.8,0.001,8,0.1,True,445,0.33241304010152817,-0.04718013284237761
C,2.0,W05,002,15.0,0.8,0.001,8,0.2,True,447,0.34073074083579213,-0.04841685314711772
C,2.0,W05,002,15.0,0.8,0.001,10,0.1,True,445,0.33241304010152817,-0.04718013284237761
C,2.0,W05,002,15.0,0.8,0.001,10,0.2,True,447,0.34073074083579213,-0.04841685314711772
C,2.0,W05,002,20.0,0.7,0.0005,6,0.1,True,429,0.2766546618781592,-0.036329712718725204
C,2.0,W05,002,20.0,0.7,0.0005,6,0.2,True,432,0.2854102861724402,-0.03821741064128123
C,2.0,W05,002,20.0,0.7,0.0005,8,0.1,True,429,0.2766546618781592,-0.036329712718725204
C,2.0,W05,002,20.0,0.7,0.0005,8,0.2,True,432,0.2854102861724402,-0.03821741064128123
C,2.0,W05,002,20.0,0.7,0.0005,10,0.1,True,429,0.2766546618781592,-0.036329712718725204
C,2.0,W05,002,20.0,0.7,0.0005,10,0.2,True,444,0.3280129467970447,-0.04640978751213927
C,2.0,W05,002,20.0,0.7,0.001,6,0.1,True,445,0.33206607636652496,-0.047073576795427424
C,2.0,W05,002,20.0,0.7,0.001,6,0.2,True,452,0.36711391610534566,-0.05122623925930575
C,2.0,W05,002,20.0,0.7,0.001,8,0.1,True,445,0.33206607636652496,-0.047073576795427424
C,2.0,W05,002,20.0,0.7,0.001,8,0.2,True,452,0.36711391610534566,-0.05122623925930575
C,2.0,W05,002,20.0,0.7,0.001,10,0.1,True,445,0.33206607636652496,-0.047073576795427424
C,2.0,W05,002,20.0,0.7,0.001,10,0.2,True,452,0.36711391610534566,-0.05122623925930575
C,2.0,W05,002,20.0,0.75,0.0005,6,0.1,True,429,0.2766546618781592,-0.036329712718725204
C,2.0,W05,002,20.0,0.75,0.0005,6,0.2,True,445,0.33206607636652496,-0.047073576795427424
C,2.0,W05,002,20.0,0.75,0.0005,8,0.1,True,429,0.2766546618781592,-0.036329712718725204
C,2.0,W05,002,20.0,0.75,0.0005,8,0.2,True,445,0.33206607636652496,-0.047073576795427424
C,2.0,W05,002,20.0,0.75,0.0005,10,0.1,True,429,0.2766546618781592,-0.036329712718725204
C,2.0,W05,002,20.0,0.75,0.0005,10,0.2,True,445,0.33206607636652496,-0.047073576795427424
C,2.0,W05,002,20.0,0.75,0.001,6,0.1,True,446,0.33616208441947637,-0.04767329383053278
C,2.0,W05,002,20.0,0.75,0.001,6,0.2,True,452,0.36711391610534566,-0.05122623925930575
C,2.0,W05,002,20.0,0.75,0.001,8,0.1,True,446,0.33616208441947637,-0.04767329383053278
C,2.0,W05,002,20.0,0.75,0.001,8,0.2,True,452,0.36711391610534566,-0.05122623925930575
C,2.0,W05,002,20.0,0.75,0.001,10,0.1,True,446,0.33616208441947637,-0.04767329383053278
C,2.0,W05,002,20.0,0.75,0.001,10,0.2,True,452,0.36711391610534566,-0.05122623925930575
C,2.0,W05,002,20.0,0.8,0.0005,6,0.1,True,444,0.3280129467970447,-0.04640978751213927
C,2.0,W05,002,20.0,0.8,0.0005,6,0.2,True,446,0.33616208441947637,-0.04767329383053278
C,2.0,W05,002,20.0,0.8,0.0005,8,0.1,True,444,0.3280129467970447,-0.04640978751213927
C,2.0,W05,002,20.0,0.8,0.0005,8,0.2,True,446,0.33616208441947637,-0.04767329383053278
C,2.0,W05,002,20.0,0.8,0.0005,10,0.1,True,444,0.3280129467970447,-0.04640978751213927
C,2.0,W05,002,20.0,0.8,0.0005,10,0.2,True,446,0.33616208441947637,-0.04767329383053278
C,2.0,W05,002,20.0,0.8,0.001,6,0.1,True,447,0.34032556218536275,-0.048294804990291595
C,2.0,W05,002,20.0,0.8,0.001,6,0.2,True,455,0.38784194698459223,-0.05305211775396999
C,2.0,W05,002,20.0,0.8,0.001,8,0.1,True,447,0.34032556218536275,-0.048294804990291595
C,2.0,W05,002,20.0,0.8,0.001,8,0.2,True,455,0.38784194698459223,-0.05305211775396999
C,2.0,W05,002,20.0,0.8,0.001,10,0.1,True,447,0.34032556218536275,-0.048294804990291595
C,2.0,W05,002,20.0,0.8,0.001,10,0.2,True,455,0.38784194698459223,-0.05305211775396999
C,2.0,W05,002,25.0,0.7,0.0005,6,0.1,True,399,0.2365149473281283,-0.02795498288775745
C,2.0,W05,002,25.0,0.7,0.0005,6,0.2,True,445,0.33206607636652496,-0.047073576795427424
C,2.0,W05,002,25.0,0.7,0.0005,8,0.1,True,399,0.2365149473281283,-0.02795498288775745
C,2.0,W05,002,25.0,0.7,0.0005,8,0.2,True,445,0.33206607636652496,-0.047073576795427424
C,2.0,W05,002,25.0,0.7,0.0005,10,0.1,True,399,0.2365149473281283,-0.02795498288775745
C,2.0,W05,002,25.0,0.7,0.0005,10,0.2,True,445,0.33206607636652496,-0.047073576795427424
C,2.0,W05,002,25.0,0.7,0.001,6,0.1,True,446,0.33616208441947637,-0.04767329383053278
C,2.0,W05,002,25.0,0.7,0.001,6,0.2,False,,,
C,2.0,W05,002,25.0,0.7,0.001,8,0.1,True,446,0.33616208441947637,-0.04767329383053278
C,2.0,W05,002,25.0,0.7,0.001,8,0.2,False,,,
C,2.0,W05,002,25.0,0.7,0.001,10,0.1,True,446,0.33616208441947637,-0.04767329383053278
C,2.0,W05,002,25.0,0.7,0.001,10,0.2,False,,,
C,2.0,W05,002,25.0,0.75,0.0005,6,0.1,True,444,0.3280129467970447,-0.04640978751213927
C,2.0,W05,002,25.0,0.75,0.0005,6,0.2,True,446,0.33616208441947637,-0.04767329383053278
C,2.0,W05,002,25.0,0.75,0.0005,8,0.1,True,444,0.3280129467970447,-0.04640978751213927
C,2.0,W05,002,25.0,0.75,0.0005,8,0.2,True,446,0.33616208441947637,-0.04767329383053278
C,2.0,W05,002,25.0,0.75,0.0005,10,0.1,True,444,0.3280129467970447,-0.04640978751213927
C,2.0,W05,002,25.0,0.75,0.0005,10,0.2,True,446,0.33616208441947637,-0.04767329383053278
C,2.0,W05,002,25.0,0.75,0.001,6,0.1,True,447,0.34032556218536275,-0.048294804990291595
C,2.0,W05,002,25.0,0.75,0.001,6,0.2,False,,,
C,2.0,W05,002,25.0,0.75,0.001,8,0.1,True,447,0.34032556218536275,-0.048294804990291595
C,2.0,W05,002,25.0,0.75,0.001,8,0.2,False,,,
C,2.0,W05,002,25.0,0.75,0.001,10,0.1,True,447,0.34032556218536275,-0.048294804990291595
C,2.0,W05,002,25.0,0.75,0.001,10,0.2,False,,,
C,2.0,W05,002,25.0,0.8,0.0005,6,0.1,True,384,0.2245158043346907,-0.025425098052150326
C,2.0,W05,002,25.0,0.8,0.0005,6,0.2,True,447,0.34032556218536275,-0.048294804990291595
C,2.0,W05,002,25.0,0.8,0.0005,8,0.1,True,445,0.33206607636652496,-0.047073576795427424
C,2.0,W05,002,25.0,0.8,0.0005,8,0.2,True,447,0.34032556218536275,-0.048294804990291595
C,2.0,W05,002,25.0,0.8,0.0005,10,0.1,True,445,0.33206607636652496,-0.047073576795427424
C,2.0,W05,002,25.0,0.8,0.0005,10,0.2,True,447,0.34032556218536275,-0.048294804990291595
C,2.0,W05,002,25.0,0.8,0.001,6,0.1,True,447,0.34032556218536275,-0.048294804990291595
C,2.0,W05,002,25.0,0.8,0.001,6,0.2,False,,,
C,2.0,W05,002,25.0,0.8,0.001,8,0.1,True,447,0.34032556218536275,-0.048294804990291595
C,2.0,W05,002,25.0,0.8,0.001,8,0.2,False,,,
C,2.0,W05,002,25.0,0.8,0.001,10,0.1,True,447,0.34032556218536275,-0.048294804990291595
C,2.0,W05,002,25.0,0.8,0.001,10,0.2,False,,,
C,2.0,W08,001,15.0,0.7,0.0005,6,0.1,True,359,0.17639556625171712,0.016479871676940667
C,2.0,W08,001,15.0,0.7,0.0005,6,0.2,True,428,0.23331759281848607,0.011309072571365457
C,2.0,W08,001,15.0,0.7,0.0005,8,0.1,True,359,0.17639556625171712,0.016479871676940667
C,2.0,W08,001,15.0,0.7,0.0005,8,0.2,True,428,0.23331759281848607,0.011309072571365457
C,2.0,W08,001,15.0,0.7,0.0005,10,0.1,True,427,0.23017868772149086,0.011666866999707724
C,2.0,W08,001,15.0,0.7,0.0005,10,0.2,True,428,0.23331759281848607,0.011309072571365457
C,2.0,W08,001,15.0,0.7,0.001,6,0.1,True,427,0.23017868772149086,0.011666866999707724
C,2.0,W08,001,15.0,0.7,0.001,6,0.2,True,428,0.23331759281848607,0.011309072571365457
C,2.0,W08,001,15.0,0.7,0.001,8,0.1,True,427,0.23017868772149086,0.011666866999707724
C,2.0,W08,001,15.0,0.7,0.001,8,0.2,True,428,0.23331759281848607,0.011309072571365457
C,2.0,W08,001,15.0,0.7,0.001,10,0.1,True,427,0.23017868772149086,0.011666866999707724
C,2.0,W08,001,15.0,0.7,0.001,10,0.2,True,428,0.23331759281848607,0.011309072571365457
C,2.0,W08,001,15.0,0.75,0.0005,6,0.1,True,359,0.17639556625171712,0.016479871676940667
C,2.0,W08,001,15.0,0.75,0.0005,6,0.2,True,428,0.23331759281848607,0.011309072571365457
C,2.0,W08,001,15.0,0.75,0.0005,8,0.1,True,428,0.23331759281848607,0.011309072571365457
C,2.0,W08,001,15.0,0.75,0.0005,8,0.2,True,428,0.23331759281848607,0.011309072571365457
C,2.0,W08,001,15.0,0.75,0.0005,10,0.1,True,428,0.23331759281848607,0.011309072571365457
C,2.0,W08,001,15.0,0.75,0.0005,10,0.2,True,428,0.23331759281848607,0.011309072571365457
C,2.0,W08,001,15.0,0.75,0.001,6,0.1,True,427,0.23017868772149086,0.011666866999707724
C,2.0,W08,001,15.0,0.75,0.001,6,0.2,True,429,0.236391949418344,0.010956714616010063
C,2.0,W08,001,15.0,0.75,0.001,8,0.1,True,427,0.23017868772149086,0.011666866999707724
C,2.0,W08,001,15.0,0.75,0.001,8,0.2,True,429,0.236391949418344,0.010956714616010063
C,2.0,W08,001,15.0,0.75,0.001,10,0.1,True,427,0.23017868772149086,0.011666866999707724
C,2.0,W08,001,15.0,0.75,0.001,10,0.2,True,429,0.236391949418344,0.010956714616010063
C,2.0,W08,001,15.0,0.8,0.0005,6,0.1,True,427,0.23017868772149086,0.011666866999707724
C,2.0,W08,001,15.0,0.8,0.0005,6,0.2,True,428,0.23331759281848607,0.011309072571365457
C,2.0,W08,001,15.0,0.8,0.0005,8,0.1,True,427,0.23017868772149086,0.011666866999707724
C,2.0,W08,001,15.0,0.8,0.0005,8,0.2,True,428,0.23331759281848607,0.011309072571365457
C,2.0,W08,001,15.0,0.8,0.0005,10,0.1,True,427,0.23017868772149086,0.011666866999707724
C,2.0,W08,001,15.0,0.8,0.0005,10,0.2,True,428,0.23331759281848607,0.011309072571365457
C,2.0,W08,001,15.0,0.8,0.001,6,0.1,True,428,0.23331759281848607,0.011309072571365457
C,2.0,W08,001,15.0,0.8,0.001,6,0.2,True,429,0.236391949418344,0.010956714616010063
C,2.0,W08,001,15.0,0.8,0.001,8,0.1,True,428,0.23331759281848607,0.011309072571365457
C,2.0,W08,001,15.0,0.8,0.001,8,0.2,True,429,0.236391949418344,0.010956714616010063
C,2.0,W08,001,15.0,0.8,0.001,10,0.1,True,428,0.23331759281848607,0.011309072571365457
C,2.0,W08,001,15.0,0.8,0.001,10,0.2,True,429,0.236391949418344,0.010956714616010063
C,2.0,W08,001,20.0,0.7,0.0005,6,0.1,True,425,0.22425271158939913,0.012267495456494783
C,2.0,W08,001,20.0,0.7,0.0005,6,0.2,True,427,0.230607494515808,0.011497362467803453
C,2.0,W08,001,20.0,0.7,0.0005,8,0.1,True,425,0.22425271158939913,0.012267495456494783
C,2.0,W08,001,20.0,0.7,0.0005,8,0.2,True,427,0.230607494515808,0.011497362467803453
C,2.0,W08,001,20.0,0.7,0.0005,10,0.1,True,425,0.22425271158939913,0.012267495456494783
C,2.0,W08,001,20.0,0.7,0.0005,10,0.2,True,427,0.230607494515808,0.011497362467803453
C,2.0,W08,001,20.0,0.7,0.001,6,0.1,True,427,0.230607494515808,0.011497362467803453
C,2.0,W08,001,20.0,0.7,0.001,6,0.2,True,429,0.23658955332479978,0.010785932995771108
C,2.0,W08,001,20.0,0.7,0.001,8,0.1,True,427,0.230607494515808,0.011497362467803453
C,2.0,W08,001,20.0,0.7,0.001,8,0.2,True,429,0.23658955332479978,0.010785932995771108
C,2.0,W08,001,20.0,0.7,0.001,10,0.1,True,427,0.230607494515808,0.011497362467803453
C,2.0,W08,001,20.0,0.7,0.001,10,0.2,True,429,0.23658955332479978,0.010785932995771108
C,2.0,W08,001,20.0,0.75,0.0005,6,0.1,True,427,0.230607494515808,0.011497362467803453
C,2.0,W08,001,20.0,0.75,0.0005,6,0.2,True,427,0.230607494515808,0.011497362467803453
C,2.0,W08,001,20.0,0.75,0.0005,8,0.1,True,427,0.230607494515808,0.011497362467803453
C,2.0,W08,001,20.0,0.75,0.0005,8,0.2,True,427,0.230607494515808,0.011497362467803453
C,2.0,W08,001,20.0,0.75,0.0005,10,0.1,True,427,0.230607494515808,0.011497362467803453
C,2.0,W08,001,20.0,0.75,0.0005,10,0.2,True,427,0.230607494515808,0.011497362467803453
C,2.0,W08,001,20.0,0.75,0.001,6,0.1,True,427,0.230607494515808,0.011497362467803453
C,2.0,W08,001,20.0,0.75,0.001,6,0.2,True,429,0.23658955332479978,0.010785932995771108
C,2.0,W08,001,20.0,0.75,0.001,8,0.1,True,427,0.230607494515808,0.011497362467803453
C,2.0,W08,001,20.0,0.75,0.001,8,0.2,True,429,0.23658955332479978,0.010785932995771108
C,2.0,W08,001,20.0,0.75,0.001,10,0.1,True,427,0.230607494515808,0.011497362467803453
C,2.0,W08,001,20.0,0.75,0.001,10,0.2,True,429,0.23658955332479978,0.010785932995771108
C,2.0,W08,001,20.0,0.8,0.0005,6,0.1,True,427,0.230607494515808,0.011497362467803453
C,2.0,W08,001,20.0,0.8,0.0005,6,0.2,True,427,0.230607494515808,0.011497362467803453
C,2.0,W08,001,20.0,0.8,0.0005,8,0.1,True,427,0.230607494515808,0.011497362467803453
C,2.0,W08,001,20.0,0.8,0.0005,8,0.2,True,427,0.230607494515808,0.011497362467803453
C,2.0,W08,001,20.0,0.8,0.0005,10,0.1,True,427,0.230607494515808,0.011497362467803453
C,2.0,W08,001,20.0,0.8,0.0005,10,0.2,True,427,0.230607494515808,0.011497362467803453
C,2.0,W08,001,20.0,0.8,0.001,6,0.1,True,427,0.230607494515808,0.011497362467803453
C,2.0,W08,001,20.0,0.8,0.001,6,0.2,True,429,0.23658955332479978,0.010785932995771108
C,2.0,W08,001,20.0,0.8,0.001,8,0.1,True,427,0.230607494515808,0.011497362467803453
C,2.0,W08,001,20.0,0.8,0.001,8,0.2,True,429,0.23658955332479978,0.010785932995771108
C,2.0,W08,001,20.0,0.8,0.001,10,0.1,True,427,0.230607494515808,0.011497362467803453
C,2.0,W08,001,20.0,0.8,0.001,10,0.2,True,429,0.23658955332479978,0.010785932995771108
C,2.0,W08,001,25.0,0.7,0.0005,6,0.1,True,425,0.22425271158939913,0.012267495456494783
C,2.0,W08,001,25.0,0.7,0.0005,6,0.2,True,426,0.22744459247118548,0.011864167000902327
C,2.0,W08,001,25.0,0.7,0.0005,8,0.1,True,425,0.22425271158939913,0.012267495456494783
C,2.0,W08,001,25.0,0.7,0.0005,8,0.2,True,426,0.22744459247118548,0.011864167000902327
C,2.0,W08,001,25.0,0.7,0.0005,10,0.1,True,425,0.22425271158939913,0.012267495456494783
C,2.0,W08,001,25.0,0.7,0.0005,10,0.2,True,426,0.22744459247118548,0.011864167000902327
C,2.0,W08,001,25.0,0.7,0.001,6,0.1,True,426,0.22744459247118548,0.011864167000902327
C,2.0,W08,001,25.0,0.7,0.001,6,0.2,True,430,0.23948408447598157,0.010504064297205523
C,2.0,W08,001,25.0,0.7,0.001,8,0.1,True,426,0.22744459247118548,0.011864167000902327
C,2.0,W08,001,25.0,0.7,0.001,8,0.2,True,430,0.23948408447598157,0.010504064297205523
C,2.0,W08,001,25.0,0.7,0.001,10,0.1,True,426,0.22744459247118548,0.011864167000902327
C,2.0,W08,001,25.0,0.7,0.001,10,0.2,True,430,0.23948408447598157,0.010504064297205523
C,2.0,W08,001,25.0,0.75,0.0005,6,0.1,True,426,0.22744459247118548,0.011864167000902327
C,2.0,W08,001,25.0,0.75,0.0005,6,0.2,True,427,0.230607494515808,0.011497362467803453
C,2.0,W08,001,25.0,0.75,0.0005,8,0.1,True,426,0.22744459247118548,0.011864167000902327
C,2.0,W08,001,25.0,0.75,0.0005,8,0.2,True,427,0.230607494515808,0.011497362467803453
C,2.0,W08,001,25.0,0.75,0.0005,10,0.1,True,426,0.22744459247118548,0.011864167000902327
C,2.0,W08,001,25.0,0.75,0.0005,10,0.2,True,427,0.230607494515808,0.011497362467803453
C,2.0,W08,001,25.0,0.75,0.001,6,0.1,True,427,0.230607494515808,0.011497362467803453
C,2.0,W08,001,25.0,0.75,0.001,6,0.2,True,430,0.23948408447598157,0.010504064297205523
C,2.0,W08,001,25.0,0.75,0.001,8,0.1,True,427,0.230607494515808,0.011497362467803453
C,2.0,W08,001,25.0,0.75,0.001,8,0.2,True,430,0.23948408447598157,0.010504064297205523
C,2.0,W08,001,25.0,0.75,0.001,10,0.1,True,427,0.230607494515808,0.011497362467803453
C,2.0,W08,001,25.0,0.75,0.001,10,0.2,True,430,0.23948408447598157,0.010504064297205523
C,2.0,W08,001,25.0,0.8,0.0005,6,0.1,True,426,0.22744459247118548,0.011864167000902327
C,2.0,W08,001,25.0,0.8,0.0005,6,0.2,True,427,0.230607494515808,0.011497362467803453
C,2.0,W08,001,25.0,0.8,0.0005,8,0.1,True,426,0.22744459247118548,0.011864167000902327
C,2.0,W08,001,25.0,0.8,0.0005,8,0.2,True,427,0.230607494515808,0.011497362467803453
C,2.0,W08,001,25.0,0.8,0.0005,10,0.1,True,426,0.22744459247118548,0.011864167000902327
C,2.0,W08,001,25.0,0.8,0.0005,10,0.2,True,427,0.230607494515808,0.011497362467803453
C,2.0,W08,001,25.0,0.8,0.001,6,0.1,True,427,0.230607494515808,0.011497362467803453
C,2.0,W08,001,25.0,0.8,0.001,6,0.2,True,430,0.23948408447598157,0.010504064297205523
C,2.0,W08,001,25.0,0.8,0.001,8,0.1,True,427,0.230607494515808,0.011497362467803453
C,2.0,W08,001,25.0,0.8,0.001,8,0.2,True,430,0.23948408447598157,0.010504064297205523
C,2.0,W08,001,25.0,0.8,0.001,10,0.1,True,427,0.230607494515808,0.011497362467803453
C,2.0,W08,001,25.0,0.8,0.001,10,0.2,True,430,0.23948408447598157,0.010504064297205523
C,2.0,W08,002,15.0,0.7,0.0005,6,0.1,True,438,0.2536753263128431,0.008550479125819709
C,2.0,W08,002,15.0,0.7,0.0005,6,0.2,True,439,0.25687579222415624,0.008192496276215502
C,2.0,W08,002,15.0,0.7,0.0005,8,0.1,True,438,0.2536753263128431,0.008550479125819709
C,2.0,W08,002,15.0,0.7,0.0005,8,0.2,True,439,0.25687579222415624,0.008192496276215502
C,2.0,W08,002,15.0,0.7,0.0005,10,0.1,True,438,0.2536753263128431,0.008550479125819709
C,2.0,W08,002,15.0,0.7,0.0005,10,0.2,True,439,0.25687579222415624,0.008192496276215502
C,2.0,W08,002,15.0,0.7,0.001,6,0.1,True,437,0.2504032665961667,0.008909334673693306
C,2.0,W08,002,15.0,0.7,0.001,6,0.2,True,439,0.25687579222415624,0.008192496276215502
C,2.0,W08,002,15.0,0.7,0.001,8,0.1,True,437,0.2504032665961667,0.008909334673693306
C,2.0,W08,002,15.0,0.7,0.001,8,0.2,False,,,
C,2.0,W08,002,15.0,0.7,0.001,10,0.1,True,437,0.2504032665961667,0.008909334673693306
C,2.0,W08,002,15.0,0.7,0.001,10,0.2,False,,,
C,2.0,W08,002,15.0,0.75,0.0005,6,0.1,False,,,
C,2.0,W08,002,15.0,0.75,0.0005,6,0.2,False,,,
C,2.0,W08,002,15.0,0.75,0.0005,8,0.1,False,,,
C,2.0,W08,002,15.0,0.75,0.0005,8,0.2,False,,,
C,2.0,W08,002,15.0,0.75,0.0005,10,0.1,False,,,
C,2.0,W08,002,15.0,0.75,0.0005,10,0.2,False,,,
C,2.0,W08,002,15.0,0.75,0.001,6,0.1,True,437,0.2504032665961667,0.008909334673693306
C,2.0,W08,002,15.0,0.75,0.001,6,0.2,True,439,0.25687579222415624,0.008192496276215502
C,2.0,W08,002,15.0,0.75,0.001,8,0.1,True,437,0.2504032665961667,0.008909334673693306
C,2.0,W08,002,15.0,0.75,0.001,8,0.2,False,,,
C,2.0,W08,002,15.0,0.75,0.001,10,0.1,True,437,0.2504032665961667,0.008909334673693306
C,2.0,W08,002,15.0,0.75,0.001,10,0.2,False,,,
C,2.0,W08,002,15.0,0.8,0.0005,6,0.1,False,,,
C,2.0,W08,002,15.0,0.8,0.0005,6,0.2,False,,,
C,2.0,W08,002,15.0,0.8,0.0005,8,0.1,False,,,
C,2.0,W08,002,15.0,0.8,0.0005,8,0.2,False,,,
C,2.0,W08,002,15.0,0.8,0.0005,10,0.1,False,,,
C,2.0,W08,002,15.0,0.8,0.0005,10,0.2,False,,,
C,2.0,W08,002,15.0,0.8,0.001,6,0.1,True,438,0.2536753263128431,0.008550479125819709
C,2.0,W08,002,15.0,0.8,0.001,6,0.2,False,,,
C,2.0,W08,002,15.0,0.8,0.001,8,0.1,True,438,0.2536753263128431,0.008550479125819709
C,2.0,W08,002,15.0,0.8,0.001,8,0.2,False,,,
C,2.0,W08,002,15.0,0.8,0.001,10,0.1,True,438,0.2536753263128431,0.008550479125819709
C,2.0,W08,002,15.0,0.8,0.001,10,0.2,False,,,
C,2.0,W08,002,20.0,0.7,0.0005,6,0.1,False,,,
C,2.0,W08,002,20.0,0.7,0.0005,6,0.2,False,,,
C,2.0,W08,002,20.0,0.7,0.0005,8,0.1,False,,,
C,2.0,W08,002,20.0,0.7,0.0005,8,0.2,False,,,
C,2.0,W08,002,20.0,0.7,0.0005,10,0.1,False,,,
C,2.0,W08,002,20.0,0.7,0.0005,10,0.2,False,,,
C,2.0,W08,002,20.0,0.7,0.001,6,0.1,True,437,0.25030870245475517,0.008907004014441841
C,2.0,W08,002,20.0,0.7,0.001,6,0.2,False,,,
C,2.0,W08,002,20.0,0.7,0.001,8,0.1,True,437,0.25030870245475517,0.008907004014441841
C,2.0,W08,002,20.0,0.7,0.001,8,0.2,False,,,
C,2.0,W08,002,20.0,0.7,0.001,10,0.1,True,437,0.25030870245475517,0.008907004014441841
C,2.0,W08,002,20.0,0.7,0.001,10,0.2,False,,,
C,2.0,W08,002,20.0,0.75,0.0005,6,0.1,True,438,0.25362661284835714,0.008563048157252763
C,2.0,W08,002,20.0,0.75,0.0005,6,0.2,False,,,
C,2.0,W08,002,20.0,0.75,0.0005,8,0.1,True,438,0.25362661284835714,0.008563048157252763
C,2.0,W08,002,20.0,0.75,0.0005,8,0.2,False,,,
C,2.0,W08,002,20.0,0.75,0.0005,10,0.1,False,,,
C,2.0,W08,002,20.0,0.75,0.0005,10,0.2,False,,,
C,2.0,W08,002,20.0,0.75,0.001,6,0.1,True,437,0.25030870245475517,0.008907004014441841
C,2.0,W08,002,20.0,0.75,0.001,6,0.2,False,,,
C,2.0,W08,002,20.0,0.75,0.001,8,0.1,True,437,0.25030870245475517,0.008907004014441841
C,2.0,W08,002,20.0,0.75,0.001,8,0.2,False,,,
C,2.0,W08,002,20.0,0.75,0.001,10,0.1,True,437,0.25030870245475517,0.008907004014441841
C,2.0,W08,002,20.0,0.75,0.001,10,0.2,False,,,
C,2.0,W08,002,20.0,0.8,0.0005,6,0.1,True,439,0.2568577033908744,0.008217785997610343
C,2.0,W08,002,20.0,0.8,0.0005,6,0.2,False,,,
C,2.0,W08,002,20.0,0.8,0.0005,8,0.1,False,,,
C,2.0,W08,002,20.0,0.8,0.0005,8,0.2,False,,,
C,2.0,W08,002,20.0,0.8,0.0005,10,0.1,False,,,
C,2.0,W08,002,20.0,0.8,0.0005,10,0.2,False,,,
C,2.0,W08,002,20.0,0.8,0.001,6,0.1,True,437,0.25030870245475517,0.008907004014441841
C,2.0,W08,002,20.0,0.8,0.001,6,0.2,False,,,
C,2.0,W08,002,20.0,0.8,0.001,8,0.1,True,437,0.25030870245475517,0.008907004014441841
C,2.0,W08,002,20.0,0.8,0.001,8,0.2,False,,,
C,2.0,W08,002,20.0,0.8,0.001,10,0.1,True,437,0.25030870245475517,0.008907004014441841
C,2.0,W08,002,20.0,0.8,0.001,10,0.2,False,,,
C,2.0,W08,002,25.0,0.7,0.0005,6,0.1,True,436,0.24712656144248812,0.00929554355771918
C,2.0,W08,002,25.0,0.7,0.0005,6,0.2,True,437,0.25030870245475517,0.008907004014441841
C,2.0,W08,002,25.0,0.7,0.0005,8,0.1,True,436,0.24712656144248812,0.00929554355771918
C,2.0,W08,002,25.0,0.7,0.0005,8,0.2,True,437,0.25030870245475517,0.008907004014441841
C,2.0,W08,002,25.0,0.7,0.0005,10,0.1,True,436,0.24712656144248812,0.00929554355771918
C,2.0,W08,002,25.0,0.7,0.0005,10,0.2,True,437,0.25030870245475517,0.008907004014441841
C,2.0,W08,002,25.0,0.7,0.001,6,0.1,True,437,0.25030870245475517,0.008907004014441841
C,2.0,W08,002,25.0,0.7,0.001,6,0.2,False,,,
C,2.0,W08,002,25.0,0.7,0.001,8,0.1,True,437,0.25030870245475517,0.008907004014441841
C,2.0,W08,002,25.0,0.7,0.001,8,0.2,False,,,
C,2.0,W08,002,25.0,0.7,0.001,10,0.1,True,437,0.25030870245475517,0.008907004014441841
C,2.0,W08,002,25.0,0.7,0.001,10,0.2,False,,,
C,2.0,W08,002,25.0,0.75,0.0005,6,0.1,True,373,0.2035526327396694,0.012824731633851403
C,2.0,W08,002,25.0,0.75,0.0005,6,0.2,True,437,0.25030870245475517,0.008907004014441841
C,2.0,W08,002,25.0,0.75,0.0005,8,0.1,True,433,0.23914503619859093,0.009987391041297661
C,2.0,W08,002,25.0,0.75,0.0005,8,0.2,True,437,0.25030870245475517,0.008907004014441841
C,2.0,W08,002,25.0,0.75,0.0005,10,0.1,True,433,0.23914503619859093,0.009987391041297661
C,2.0,W08,002,25.0,0.75,0.0005,10,0.2,True,437,0.25030870245475517,0.008907004014441841
C,2.0,W08,002,25.0,0.75,0.001,6,0.1,True,437,0.25030870245475517,0.008907004014441841
C,2.0,W08,002,25.0,0.75,0.001,6,0.2,False,,,
C,2.0,W08,002,25.0,0.75,0.001,8,0.1,True,437,0.25030870245475517,0.008907004014441841
C,2.0,W08,002,25.0,0.75,0.001,8,0.2,False,,,
C,2.0,W08,002,25.0,0.75,0.001,10,0.1,True,437,0.25030870245475517,0.008907004014441841
C,2.0,W08,002,25.0,0.75,0.001,10,0.2,False,,,
C,2.0,W08,002,25.0,0.8,0.0005,6,0.1,True,437,0.25030870245475517,0.008907004014441841
C,2.0,W08,002,25.0,0.8,0.0005,6,0.2,True,438,0.25362661284835714,0.008563048157252763
C,2.0,W08,002,25.0,0.8,0.0005,8,0.1,True,437,0.25030870245475517,0.008907004014441841
C,2.0,W08,002,25.0,0.8,0.0005,8,0.2,True,438,0.25362661284835714,0.008563048157252763
C,2.0,W08,002,25.0,0.8,0.0005,10,0.1,True,437,0.25030870245475517,0.008907004014441841
C,2.0,W08,002,25.0,0.8,0.0005,10,0.2,False,,,
C,2.0,W08,002,25.0,0.8,0.001,6,0.1,True,437,0.25030870245475517,0.008907004014441841
C,2.0,W08,002,25.0,0.8,0.001,6,0.2,False,,,
C,2.0,W08,002,25.0,0.8,0.001,8,0.1,True,437,0.25030870245475517,0.008907004014441841
C,2.0,W08,002,25.0,0.8,0.001,8,0.2,False,,,
C,2.0,W08,002,25.0,0.8,0.001,10,0.1,True,437,0.25030870245475517,0.008907004014441841
C,2.0,W08,002,25.0,0.8,0.001,10,0.2,False,,,
C,2.0,W09,001,15.0,0.7,0.0005,6,0.1,True,396,0.19384515520773435,0.024936707886426074
C,2.0,W09,001,15.0,0.7,0.0005,6,0.2,True,396,0.19384515520773435,0.024936707886426074
C,2.0,W09,001,15.0,0.7,0.0005,8,0.1,True,396,0.19384515520773435,0.024936707886426074
C,2.0,W09,001,15.0,0.7,0.0005,8,0.2,True,396,0.19384515520773435,0.024936707886426074
C,2.0,W09,001,15.0,0.7,0.0005,10,0.1,False,,,
C,2.0,W09,001,15.0,0.7,0.0005,10,0.2,False,,,
C,2.0,W09,001,15.0,0.7,0.001,6,0.1,True,396,0.19384515520773435,0.024936707886426074
C,2.0,W09,001,15.0,0.7,0.001,6,0.2,True,433,0.2752064505690022,0.0202473788277099
C,2.0,W09,001,15.0,0.7,0.001,8,0.1,True,396,0.19384515520773435,0.024936707886426074
C,2.0,W09,001,15.0,0.7,0.001,8,0.2,True,433,0.2752064505690022,0.0202473788277099
C,2.0,W09,001,15.0,0.7,0.001,10,0.1,True,396,0.19384515520773435,0.024936707886426074
C,2.0,W09,001,15.0,0.7,0.001,10,0.2,True,433,0.2752064505690022,0.0202473788277099
C,2.0,W09,001,15.0,0.75,0.0005,6,0.1,True,396,0.19384515520773435,0.024936707886426074
C,2.0,W09,001,15.0,0.75,0.0005,6,0.2,True,396,0.19384515520773435,0.024936707886426074
C,2.0,W09,001,15.0,0.75,0.0005,8,0.1,True,396,0.19384515520773435,0.024936707886426074
C,2.0,W09,001,15.0,0.75,0.0005,8,0.2,True,396,0.19384515520773435,0.024936707886426074
C,2.0,W09,001,15.0,0.75,0.0005,10,0.1,True,396,0.19384515520773435,0.024936707886426074
C,2.0,W09,001,15.0,0.75,0.0005,10,0.2,True,396,0.19384515520773435,0.024936707886426074
C,2.0,W09,001,15.0,0.75,0.001,6,0.1,True,401,0.20221250543468877,0.024459112337545344
C,2.0,W09,001,15.0,0.75,0.001,6,0.2,True,434,0.2789070653287988,0.02004692556434556
C,2.0,W09,001,15.0,0.75,0.001,8,0.1,True,401,0.20221250543468877,0.024459112337545344
C,2.0,W09,001,15.0,0.75,0.001,8,0.2,True,434,0.2789070653287988,0.02004692556434556
C,2.0,W09,001,15.0,0.75,0.001,10,0.1,True,401,0.20221250543468877,0.024459112337545344
C,2.0,W09,001,15.0,0.75,0.001,10,0.2,True,434,0.2789070653287988,0.02004692556434556
C,2.0,W09,001,15.0,0.8,0.0005,6,0.1,True,396,0.19384515520773435,0.024936707886426074
C,2.0,W09,001,15.0,0.8,0.0005,6,0.2,True,396,0.19384515520773435,0.024936707886426074
C,2.0,W09,001,15.0,0.8,0.0005,8,0.1,True,396,0.19384515520773435,0.024936707886426074
C,2.0,W09,001,15.0,0.8,0.0005,8,0.2,True,396,0.19384515520773435,0.024936707886426074
C,2.0,W09,001,15.0,0.8,0.0005,10,0.1,True,396,0.19384515520773435,0.024936707886426074
C,2.0,W09,001,15.0,0.8,0.0005,10,0.2,True,396,0.19384515520773435,0.024936707886426074
C,2.0,W09,001,15.0,0.8,0.001,6,0.1,True,396,0.19384515520773435,0.024936707886426074
C,2.0,W09,001,15.0,0.8,0.001,6,0.2,True,432,0.2712632629432176,0.020415266779692548
C,2.0,W09,001,15.0,0.8,0.001,8,0.1,True,396,0.19384515520773435,0.024936707886426074
C,2.0,W09,001,15.0,0.8,0.001,8,0.2,True,432,0.2712632629432176,0.020415266779692548
C,2.0,W09,001,15.0,0.8,0.001,10,0.1,True,396,0.19384515520773435,0.024936707886426074
C,2.0,W09,001,15.0,0.8,0.001,10,0.2,True,432,0.2712632629432176,0.020415266779692548
C,2.0,W09,001,20.0,0.7,0.0005,6,0.1,True,431,0.2668405963402045,0.020676088764479284
C,2.0,W09,001,20.0,0.7,0.0005,6,0.2,True,432,0.2709367212496306,0.020437570484845263
C,2.0,W09,001,20.0,0.7,0.0005,8,0.1,True,431,0.2668405963402045,0.020676088764479284
C,2.0,W09,001,20.0,0.7,0.0005,8,0.2,True,432,0.2709367212496306,0.020437570484845263
C,2.0,W09,001,20.0,0.7,0.0005,10,0.1,True,431,0.2668405963402045,0.020676088764479284
C,2.0,W09,001,20.0,0.7,0.0005,10,0.2,True,432,0.2709367212496306,0.020437570484845263
C,2.0,W09,001,20.0,0.7,0.001,6,0.1,True,433,0.2749859525969154,0.02027314303344802
C,2.0,W09,001,20.0,0.7,0.001,6,0.2,True,438,0.29282122928845256,0.019300982552139384
C,2.0,W09,001,20.0,0.7,0.001,8,0.1,True,433,0.2749859525969154,0.02027314303344802
C,2.0,W09,001,20.0,0.7,0.001,8,0.2,True,438,0.29282122928845256,0.019300982552139384
C,2.0,W09,001,20.0,0.7,0.001,10,0.1,True,433,0.2749859525969154,0.02027314303344802
C,2.0,W09,001,20.0,0.7,0.001,10,0.2,True,438,0.29282122928845256,0.019300982552139384
C,2.0,W09,001,20.0,0.75,0.0005,6,0.1,True,431,0.2668405963402045,0.020676088764479284
C,2.0,W09,001,20.0,0.75,0.0005,6,0.2,True,432,0.2709367212496306,0.020437570484845263
C,2.0,W09,001,20.0,0.75,0.0005,8,0.1,True,431,0.2668405963402045,0.020676088764479284
C,2.0,W09,001,20.0,0.75,0.0005,8,0.2,True,432,0.2709367212496306,0.020437570484845263
C,2.0,W09,001,20.0,0.75,0.0005,10,0.1,True,431,0.2668405963402045,0.020676088764479284
C,2.0,W09,001,20.0,0.75,0.0005,10,0.2,True,432,0.2709367212496306,0.020437570484845263
C,2.0,W09,001,20.0,0.75,0.001,6,0.1,True,433,0.2749859525969154,0.02027314303344802
C,2.0,W09,001,20.0,0.75,0.001,6,0.2,True,442,0.31494653734721634,0.018450733862425153
C,2.0,W09,001,20.0,0.75,0.001,8,0.1,True,433,0.2749859525969154,0.02027314303344802
C,2.0,W09,001,20.0,0.75,0.001,8,0.2,True,442,0.31494653734721634,0.018450733862425153
C,2.0,W09,001,20.0,0.75,0.001,10,0.1,True,433,0.2749859525969154,0.02027314303344802
C,2.0,W09,001,20.0,0.75,0.001,10,0.2,True,442,0.31494653734721634,0.018450733862425153
C,2.0,W09,001,20.0,0.8,0.0005,6,0.1,True,396,0.19370055982941076,0.02497834526002407
C,2.0,W09,001,20.0,0.8,0.0005,6,0.2,True,396,0.19370055982941076,0.02497834526002407
C,2.0,W09,001,20.0,0.8,0.0005,8,0.1,True,443,0.32176371350100164,0.018310571187420896
C,2.0,W09,001,20.0,0.8,0.0005,8,0.2,False,,,
C,2.0,W09,001,20.0,0.8,0.0005,10,0.1,True,443,0.32176371350100164,0.018310571187420896
C,2.0,W09,001,20.0,0.8,0.0005,10,0.2,False,,,
C,2.0,W09,001,20.0,0.8,0.001,6,0.1,True,433,0.2749859525969154,0.02027314303344802
C,2.0,W09,001,20.0,0.8,0.001,6,0.2,True,436,0.2855545121588205,0.019735876862940035
C,2.0,W09,001,20.0,0.8,0.001,8,0.1,True,433,0.2749859525969154,0.02027314303344802
C,2.0,W09,001,20.0,0.8,0.001,8,0.2,True,436,0.2855545121588205,0.019735876862940035
C,2.0,W09,001,20.0,0.8,0.001,10,0.1,True,433,0.2749859525969154,0.02027314303344802
C,2.0,W09,001,20.0,0.8,0.001,10,0.2,True,436,0.2855545121588205,0.019735876862940035
C,2.0,W09,001,25.0,0.7,0.0005,6,0.1,True,425,0.2473019477176039,0.021620602297939752
C,2.0,W09,001,25.0,0.7,0.0005,6,0.2,True,433,0.2749859525969154,0.02027314303344802
C,2.0,W09,001,25.0,0.7,0.0005,8,0.1,True,425,0.2473019477176039,0.021620602297939752
C,2.0,W09,001,25.0,0.7,0.0005,8,0.2,True,433,0.2749859525969154,0.02027314303344802
C,2.0,W09,001,25.0,0.7,0.0005,10,0.1,True,425,0.2473019477176039,0.021620602297939752
C,2.0,W09,001,25.0,0.7,0.0005,10,0.2,True,433,0.2749859525969154,0.02027314303344802
C,2.0,W09,001,25.0,0.7,0.001,6,0.1,True,432,0.2709367212496306,0.020437570484845263
C,2.0,W09,001,25.0,0.7,0.001,6,0.2,True,448,0.3577526717593795,0.017469197903808794
C,2.0,W09,001,25.0,0.7,0.001,8,0.1,True,432,0.2709367212496306,0.020437570484845263
C,2.0,W09,001,25.0,0.7,0.001,8,0.2,False,,,
C,2.0,W09,001,25.0,0.7,0.001,10,0.1,True,432,0.2709367212496306,0.020437570484845263
C,2.0,W09,001,25.0,0.7,0.001,10,0.2,False,,,
C,2.0,W09,001,25.0,0.75,0.0005,6,0.1,True,425,0.2473019477176039,0.021620602297939752
C,2.0,W09,001,25.0,0.75,0.0005,6,0.2,True,432,0.2709367212496306,0.020437570484845263
C,2.0,W09,001,25.0,0.75,0.0005,8,0.1,True,425,0.2473019477176039,0.021620602297939752
C,2.0,W09,001,25.0,0.75,0.0005,8,0.2,True,432,0.2709367212496306,0.020437570484845263
C,2.0,W09,001,25.0,0.75,0.0005,10,0.1,True,425,0.2473019477176039,0.021620602297939752
C,2.0,W09,001,25.0,0.75,0.0005,10,0.2,True,432,0.2709367212496306,0.020437570484845263
C,2.0,W09,001,25.0,0.75,0.001,6,0.1,True,432,0.2709367212496306,0.020437570484845263
C,2.0,W09,001,25.0,0.75,0.001,6,0.2,True,448,0.3577526717593795,0.017469197903808794
C,2.0,W09,001,25.0,0.75,0.001,8,0.1,True,432,0.2709367212496306,0.020437570484845263
C,2.0,W09,001,25.0,0.75,0.001,8,0.2,False,,,
C,2.0,W09,001,25.0,0.75,0.001,10,0.1,True,432,0.2709367212496306,0.020437570484845263
C,2.0,W09,001,25.0,0.75,0.001,10,0.2,False,,,
C,2.0,W09,001,25.0,0.8,0.0005,6,0.1,True,391,0.18132908485437693,0.025639683498363746
C,2.0,W09,001,25.0,0.8,0.0005,6,0.2,True,433,0.2749859525969154,0.02027314303344802
C,2.0,W09,001,25.0,0.8,0.0005,8,0.1,True,391,0.18132908485437693,0.025639683498363746
C,2.0,W09,001,25.0,0.8,0.0005,8,0.2,True,433,0.2749859525969154,0.02027314303344802
C,2.0,W09,001,25.0,0.8,0.0005,10,0.1,True,391,0.18132908485437693,0.025639683498363746
C,2.0,W09,001,25.0,0.8,0.0005,10,0.2,True,433,0.2749859525969154,0.02027314303344802
C,2.0,W09,001,25.0,0.8,0.001,6,0.1,True,432,0.2709367212496306,0.020437570484845263
C,2.0,W09,001,25.0,0.8,0.001,6,0.2,True,445,0.3356484315897289,0.017979510912769718
C,2.0,W09,001,25.0,0.8,0.001,8,0.1,True,432,0.2709367212496306,0.020437570484845263
C,2.0,W09,001,25.0,0.8,0.001,8,0.2,True,445,0.3356484315897289,0.017979510912769718
C,2.0,W09,001,25.0,0.8,0.001,10,0.1,True,432,0.2709367212496306,0.020437570484845263
C,2.0,W09,001,25.0,0.8,0.001,10,0.2,False,,,
C,2.0,W09,002,15.0,0.7,0.0005,6,0.1,True,425,0.22890131802935348,0.02189599026582743
C,2.0,W09,002,15.0,0.7,0.0005,6,0.2,True,426,0.23198670462558144,0.021800758317112923
C,2.0,W09,002,15.0,0.7,0.0005,8,0.1,True,425,0.22890131802935348,0.02189599026582743
C,2.0,W09,002,15.0,0.7,0.0005,8,0.2,True,426,0.23198670462558144,0.021800758317112923
C,2.0,W09,002,15.0,0.7,0.0005,10,0.1,True,425,0.22890131802935348,0.02189599026582743
C,2.0,W09,002,15.0,0.7,0.0005,10,0.2,True,426,0.23198670462558144,0.021800758317112923
C,2.0,W09,002,15.0,0.7,0.001,6,0.1,True,426,0.23198670462558144,0.021800758317112923
C,2.0,W09,002,15.0,0.7,0.001,6,0.2,True,428,0.23791383677407316,0.02155591449455211
C,2.0,W09,002,15.0,0.7,0.001,8,0.1,True,426,0.23198670462558144,0.021800758317112923
C,2.0,W09,002,15.0,0.7,0.001,8,0.2,True,428,0.23791383677407316,0.02155591449455211
C,2.0,W09,002,15.0,0.7,0.001,10,0.1,True,426,0.23198670462558144,0.021800758317112923
C,2.0,W09,002,15.0,0.7,0.001,10,0.2,True,428,0.23791383677407316,0.02155591449455211
C,2.0,W09,002,15.0,0.75,0.0005,6,0.1,True,425,0.22890131802935348,0.02189599026582743
C,2.0,W09,002,15.0,0.75,0.0005,6,0.2,True,426,0.23198670462558144,0.021800758317112923
C,2.0,W09,002,15.0,0.75,0.0005,8,0.1,True,425,0.22890131802935348,0.02189599026582743
C,2.0,W09,002,15.0,0.75,0.0005,8,0.2,True,426,0.23198670462558144,0.021800758317112923
C,2.0,W09,002,15.0,0.75,0.0005,10,0.1,True,425,0.22890131802935348,0.02189599026582743
C,2.0,W09,002,15.0,0.75,0.0005,10,0.2,True,426,0.23198670462558144,0.021800758317112923
C,2.0,W09,002,15.0,0.75,0.001,6,0.1,True,426,0.23198670462558144,0.021800758317112923
C,2.0,W09,002,15.0,0.75,0.001,6,0.2,True,428,0.23791383677407316,0.02155591449455211
C,2.0,W09,002,15.0,0.75,0.001,8,0.1,True,426,0.23198670462558144,0.021800758317112923
C,2.0,W09,002,15.0,0.75,0.001,8,0.2,True,428,0.23791383677407316,0.02155591449455211
C,2.0,W09,002,15.0,0.75,0.001,10,0.1,True,426,0.23198670462558144,0.021800758317112923
C,2.0,W09,002,15.0,0.75,0.001,10,0.2,True,428,0.23791383677407316,0.02155591449455211
C,2.0,W09,002,15.0,0.8,0.0005,6,0.1,True,425,0.22890131802935348,0.02189599026582743
C,2.0,W09,002,15.0,0.8,0.0005,6,0.2,True,426,0.23198670462558144,0.021800758317112923
C,2.0,W09,002,15.0,0.8,0.0005,8,0.1,True,425,0.22890131802935348,0.02189599026582743
C,2.0,W09,002,15.0,0.8,0.0005,8,0.2,True,426,0.23198670462558144,0.021800758317112923
C,2.0,W09,002,15.0,0.8,0.0005,10,0.1,True,425,0.22890131802935348,0.02189599026582743
C,2.0,W09,002,15.0,0.8,0.0005,10,0.2,True,426,0.23198670462558144,0.021800758317112923
C,2.0,W09,002,15.0,0.8,0.001,6,0.1,True,426,0.23198670462558144,0.021800758317112923
C,2.0,W09,002,15.0,0.8,0.001,6,0.2,True,428,0.23791383677407316,0.02155591449455211
C,2.0,W09,002,15.0,0.8,0.001,8,0.1,True,426,0.23198670462558144,0.021800758317112923
C,2.0,W09,002,15.0,0.8,0.001,8,0.2,True,428,0.23791383677407316,0.02155591449455211
C,2.0,W09,002,15.0,0.8,0.001,10,0.1,True,426,0.23198670462558144,0.021800758317112923
C,2.0,W09,002,15.0,0.8,0.001,10,0.2,True,428,0.23791383677407316,0.02155591449455211
C,2.0,W09,002,20.0,0.7,0.0005,6,0.1,True,424,0.22575872940452477,0.022041777540978632
C,2.0,W09,002,20.0,0.7,0.0005,6,0.2,True,425,0.22866578439348623,0.021865075061980047
C,2.0,W09,002,20.0,0.7,0.0005,8,0.1,True,424,0.22575872940452477,0.022041777540978632
C,2.0,W09,002,20.0,0.7,0.0005,8,0.2,True,425,0.22866578439348623,0.021865075061980047
C,2.0,W09,002,20.0,0.7,0.0005,10,0.1,True,424,0.22575872940452477,0.022041777540978632
C,2.0,W09,002,20.0,0.7,0.0005,10,0.2,True,425,0.22866578439348623,0.021865075061980047
C,2.0,W09,002,20.0,0.7,0.001,6,0.1,True,426,0.23167143154301142,0.02178465761244297
C,2.0,W09,002,20.0,0.7,0.001,6,0.2,True,428,0.23752546839808164,0.021539061771411645
C,2.0,W09,002,20.0,0.7,0.001,8,0.1,True,426,0.23167143154301142,0.02178465761244297
C,2.0,W09,002,20.0,0.7,0.001,8,0.2,True,428,0.23752546839808164,0.021539061771411645
C,2.0,W09,002,20.0,0.7,0.001,10,0.1,True,426,0.23167143154301142,0.02178465761244297
C,2.0,W09,002,20.0,0.7,0.001,10,0.2,True,428,0.23752546839808164,0.021539061771411645
C,2.0,W09,002,20.0,0.75,0.0005,6,0.1,True,425,0.22866578439348623,0.021865075061980047
C,2.0,W09,002,20.0,0.75,0.0005,6,0.2,True,426,0.23167143154301142,0.02178465761244297
C,2.0,W09,002,20.0,0.75,0.0005,8,0.1,True,425,0.22866578439348623,0.021865075061980047
C,2.0,W09,002,20.0,0.75,0.0005,8,0.2,True,426,0.23167143154301142,0.02178465761244297
C,2.0,W09,002,20.0,0.75,0.0005,10,0.1,True,425,0.22866578439348623,0.021865075061980047
C,2.0,W09,002,20.0,0.75,0.0005,10,0.2,True,426,0.23167143154301142,0.02178465761244297
C,2.0,W09,002,20.0,0.75,0.001,6,0.1,True,426,0.23167143154301142,0.02178465761244297
C,2.0,W09,002,20.0,0.75,0.001,6,0.2,True,428,0.23752546839808164,0.021539061771411645
C,2.0,W09,002,20.0,0.75,0.001,8,0.1,True,426,0.23167143154301142,0.02178465761244297
C,2.0,W09,002,20.0,0.75,0.001,8,0.2,True,428,0.23752546839808164,0.021539061771411645
C,2.0,W09,002,20.0,0.75,0.001,10,0.1,True,426,0.23167143154301142,0.02178465761244297
C,2.0,W09,002,20.0,0.75,0.001,10,0.2,True,428,0.23752546839808164,0.021539061771411645
C,2.0,W09,002,20.0,0.8,0.0005,6,0.1,True,425,0.22866578439348623,0.021865075061980047
C,2.0,W09,002,20.0,0.8,0.0005,6,0.2,True,426,0.23167143154301142,0.02178465761244297
C,2.0,W09,002,20.0,0.8,0.0005,8,0.1,True,425,0.22866578439348623,0.021865075061980047
C,2.0,W09,002,20.0,0.8,0.0005,8,0.2,True,426,0.23167143154301142,0.02178465761244297
C,2.0,W09,002,20.0,0.8,0.0005,10,0.1,True,425,0.22866578439348623,0.021865075061980047
C,2.0,W09,002,20.0,0.8,0.0005,10,0.2,True,426,0.23167143154301142,0.02178465761244297
C,2.0,W09,002,20.0,0.8,0.001,6,0.1,True,426,0.23167143154301142,0.02178465761244297
C,2.0,W09,002,20.0,0.8,0.001,6,0.2,True,428,0.23752546839808164,0.021539061771411645
C,2.0,W09,002,20.0,0.8,0.001,8,0.1,True,426,0.23167143154301142,0.02178465761244297
C,2.0,W09,002,20.0,0.8,0.001,8,0.2,True,437,0.2669465569289107,0.019819848827625577
C,2.0,W09,002,20.0,0.8,0.001,10,0.1,True,426,0.23167143154301142,0.02178465761244297
C,2.0,W09,002,20.0,0.8,0.001,10,0.2,True,437,0.2669465569289107,0.019819848827625577
C,2.0,W09,002,25.0,0.7,0.0005,6,0.1,True,424,0.22575872940452477,0.022041777540978632
C,2.0,W09,002,25.0,0.7,0.0005,6,0.2,True,425,0.22866578439348623,0.021865075061980047
C,2.0,W09,002,25.0,0.7,0.0005,8,0.1,True,424,0.22575872940452477,0.022041777540978632
C,2.0,W09,002,25.0,0.7,0.0005,8,0.2,True,425,0.22866578439348623,0.021865075061980047
C,2.0,W09,002,25.0,0.7,0.0005,10,0.1,True,424,0.22575872940452477,0.022041777540978632
C,2.0,W09,002,25.0,0.7,0.0005,10,0.2,True,425,0.22866578439348623,0.021865075061980047
C,2.0,W09,002,25.0,0.7,0.001,6,0.1,True,425,0.22866578439348623,0.021865075061980047
C,2.0,W09,002,25.0,0.7,0.001,6,0.2,True,429,0.24051296789395182,0.02135460372818144
C,2.0,W09,002,25.0,0.7,0.001,8,0.1,True,425,0.22866578439348623,0.021865075061980047
C,2.0,W09,002,25.0,0.7,0.001,8,0.2,True,429,0.24051296789395182,0.02135460372818144
C,2.0,W09,002,25.0,0.7,0.001,10,0.1,True,425,0.22866578439348623,0.021865075061980047
C,2.0,W09,002,25.0,0.7,0.001,10,0.2,True,429,0.24051296789395182,0.02135460372818144
C,2.0,W09,002,25.0,0.75,0.0005,6,0.1,True,424,0.22575872940452477,0.022041777540978632
C,2.0,W09,002,25.0,0.75,0.0005,6,0.2,True,425,0.22866578439348623,0.021865075061980047
C,2.0,W09,002,25.0,0.75,0.0005,8,0.1,True,424,0.22575872940452477,0.022041777540978632
C,2.0,W09,002,25.0,0.75,0.0005,8,0.2,True,425,0.22866578439348623,0.021865075061980047
C,2.0,W09,002,25.0,0.75,0.0005,10,0.1,True,424,0.22575872940452477,0.022041777540978632
C,2.0,W09,002,25.0,0.75,0.0005,10,0.2,True,425,0.22866578439348623,0.021865075061980047
C,2.0,W09,002,25.0,0.75,0.001,6,0.1,True,425,0.22866578439348623,0.021865075061980047
C,2.0,W09,002,25.0,0.75,0.001,6,0.2,True,429,0.24051296789395182,0.02135460372818144
C,2.0,W09,002,25.0,0.75,0.001,8,0.1,True,425,0.22866578439348623,0.021865075061980047
C,2.0,W09,002,25.0,0.75,0.001,8,0.2,True,438,0.2706408202648163,0.019574621692299843
C,2.0,W09,002,25.0,0.75,0.001,10,0.1,True,425,0.22866578439348623,0.021865075061980047
C,2.0,W09,002,25.0,0.75,0.001,10,0.2,True,438,0.2706408202648163,0.019574621692299843
C,2.0,W09,002,25.0,0.8,0.0005,6,0.1,True,424,0.22575872940452477,0.022041777540978632
C,2.0,W09,002,25.0,0.8,0.0005,6,0.2,True,425,0.22866578439348623,0.021865075061980047
C,2.0,W09,002,25.0,0.8,0.0005,8,0.1,True,424,0.22575872940452477,0.022041777540978632
C,2.0,W09,002,25.0,0.8,0.0005,8,0.2,True,425,0.22866578439348623,0.021865075061980047
C,2.0,W09,002,25.0,0.8,0.0005,10,0.1,True,424,0.22575872940452477,0.022041777540978632
C,2.0,W09,002,25.0,0.8,0.0005,10,0.2,True,425,0.22866578439348623,0.021865075061980047
C,2.0,W09,002,25.0,0.8,0.001,6,0.1,True,425,0.22866578439348623,0.021865075061980047
C,2.0,W09,002,25.0,0.8,0.001,6,0.2,True,445,0.30469584151318196,0.018265868880246814
C,2.0,W09,002,25.0,0.8,0.001,8,0.1,True,425,0.22866578439348623,0.021865075061980047
C,2.0,W09,002,25.0,0.8,0.001,8,0.2,True,445,0.30469584151318196,0.018265868880246814
C,2.0,W09,002,25.0,0.8,0.001,10,0.1,True,425,0.22866578439348623,0.021865075061980047
C,2.0,W09,002,25.0,0.8,0.001,10,0.2,True,445,0.30469584151318196,0.018265868880246814
C,2.0,W10,001,15.0,0.7,0.0005,6,0.1,True,405,0.19304183203923075,0.03275980996458154
C,2.0,W10,001,15.0,0.7,0.0005,6,0.2,True,410,0.2020017734091533,0.032366656453201643
C,2.0,W10,001,15.0,0.7,0.0005,8,0.1,True,405,0.19304183203923075,0.03275980996458154
C,2.0,W10,001,15.0,0.7,0.0005,8,0.2,True,410,0.2020017734091533,0.032366656453201643
C,2.0,W10,001,15.0,0.7,0.0005,10,0.1,True,405,0.19304183203923075,0.03275980996458154
C,2.0,W10,001,15.0,0.7,0.0005,10,0.2,True,410,0.2020017734091533,0.032366656453201643
C,2.0,W10,001,15.0,0.7,0.001,6,0.1,True,415,0.21152083811007047,0.031887380308226534
C,2.0,W10,001,15.0,0.7,0.001,6,0.2,True,433,0.2608908548166877,0.02950481158730231
C,2.0,W10,001,15.0,0.7,0.001,8,0.1,True,415,0.21152083811007047,0.031887380308226534
C,2.0,W10,001,15.0,0.7,0.001,8,0.2,True,433,0.2608908548166877,0.02950481158730231
C,2.0,W10,001,15.0,0.7,0.001,10,0.1,True,429,0.24676313074795822,0.03016848764137218
C,2.0,W10,001,15.0,0.7,0.001,10,0.2,True,433,0.2608908548166877,0.02950481158730231
C,2.0,W10,001,15.0,0.75,0.0005,6,0.1,True,410,0.2020017734091533,0.032366656453201643
C,2.0,W10,001,15.0,0.75,0.0005,6,0.2,True,410,0.2020017734091533,0.032366656453201643
C,2.0,W10,001,15.0,0.75,0.0005,8,0.1,True,410,0.2020017734091533,0.032366656453201643
C,2.0,W10,001,15.0,0.75,0.0005,8,0.2,True,410,0.2020017734091533,0.032366656453201643
C,2.0,W10,001,15.0,0.75,0.0005,10,0.1,True,410,0.2020017734091533,0.032366656453201643
C,2.0,W10,001,15.0,0.75,0.0005,10,0.2,True,410,0.2020017734091533,0.032366656453201643
C,2.0,W10,001,15.0,0.75,0.001,6,0.1,True,415,0.21152083811007047,0.031887380308226534
C,2.0,W10,001,15.0,0.75,0.001,6,0.2,True,434,0.26443904285368164,0.029293228823103402
C,2.0,W10,001,15.0,0.75,0.001,8,0.1,True,430,0.2501299018530469,0.030016937146061344
C,2.0,W10,001,15.0,0.75,0.001,8,0.2,True,434,0.26443904285368164,0.029293228823103402
C,2.0,W10,001,15.0,0.75,0.001,10,0.1,True,430,0.2501299018530469,0.030016937146061344
C,2.0,W10,001,15.0,0.75,0.001,10,0.2,True,434,0.26443904285368164,0.029293228823103402
C,2.0,W10,001,15.0,0.8,0.0005,6,0.1,True,405,0.19304183203923075,0.03275980996458154
C,2.0,W10,001,15.0,0.8,0.0005,6,0.2,True,410,0.2020017734091533,0.032366656453201643
C,2.0,W10,001,15.0,0.8,0.0005,8,0.1,True,405,0.19304183203923075,0.03275980996458154
C,2.0,W10,001,15.0,0.8,0.0005,8,0.2,True,410,0.2020017734091533,0.032366656453201643
C,2.0,W10,001,15.0,0.8,0.0005,10,0.1,True,405,0.19304183203923075,0.03275980996458154
C,2.0,W10,001,15.0,0.8,0.0005,10,0.2,True,410,0.2020017734091533,0.032366656453201643
C,2.0,W10,001,15.0,0.8,0.001,6,0.1,True,415,0.21152083811007047,0.031887380308226534
C,2.0,W10,001,15.0,0.8,0.001,6,0.2,True,433,0.2608908548166877,0.02950481158730231
C,2.0,W10,001,15.0,0.8,0.001,8,0.1,True,429,0.24676313074795822,0.03016848764137218
C,2.0,W10,001,15.0,0.8,0.001,8,0.2,True,433,0.2608908548166877,0.02950481158730231
C,2.0,W10,001,15.0,0.8,0.001,10,0.1,True,429,0.24676313074795822,0.03016848764137218
C,2.0,W10,001,15.0,0.8,0.001,10,0.2,True,433,0.2608908548166877,0.02950481158730231
C,2.0,W10,001,20.0,0.7,0.0005,6,0.1,True,410,0.20160065140379102,0.032332168499890124
C,2.0,W10,001,20.0,0.7,0.0005,6,0.2,True,430,0.24971460060853706,0.03000632614681595
C,2.0,W10,001,20.0,0.7,0.0005,8,0.1,True,410,0.20160065140379102,0.032332168499890124
C,2.0,W10,001,20.0,0.7,0.0005,8,0.2,True,430,0.24971460060853706,0.03000632614681595
C,2.0,W10,001,20.0,0.7,0.0005,10,0.1,True,410,0.20160065140379102,0.032332168499890124
C,2.0,W10,001,20.0,0.7,0.0005,10,0.2,True,430,0.24971460060853706,0.03000632614681595
C,2.0,W10,001,20.0,0.7,0.001,6,0.1,True,431,0.2533383353760368,0.029852812031382008
C,2.0,W10,001,20.0,0.7,0.001,6,0.2,True,438,0.2796885943726489,0.02845240021614652
C,2.0,W10,001,20.0,0.7,0.001,8,0.1,True,431,0.2533383353760368,0.029852812031382008
C,2.0,W10,001,20.0,0.7,0.001,8,0.2,True,438,0.2796885943726489,0.02845240021614652
C,2.0,W10,001,20.0,0.7,0.001,10,0.1,True,431,0.2533383353760368,0.029852812031382008
C,2.0,W10,001,20.0,0.7,0.001,10,0.2,True,438,0.2796885943726489,0.02845240021614652
C,2.0,W10,001,20.0,0.75,0.0005,6,0.1,True,428,0.24279359335962095,0.030357144282836663
C,2.0,W10,001,20.0,0.75,0.0005,6,0.2,True,430,0.24971460060853706,0.03000632614681595
C,2.0,W10,001,20.0,0.75,0.0005,8,0.1,True,428,0.24279359335962095,0.030357144282836663
C,2.0,W10,001,20.0,0.75,0.0005,8,0.2,True,430,0.24971460060853706,0.03000632614681595
C,2.0,W10,001,20.0,0.75,0.0005,10,0.1,True,428,0.24279359335962095,0.030357144282836663
C,2.0,W10,001,20.0,0.75,0.0005,10,0.2,True,430,0.24971460060853706,0.03000632614681595
C,2.0,W10,001,20.0,0.75,0.001,6,0.1,True,431,0.2533383353760368,0.029852812031382008
C,2.0,W10,001,20.0,0.75,0.001,6,0.2,True,440,0.291309124937183,0.028053918657334226
C,2.0,W10,001,20.0,0.75,0.001,8,0.1,True,431,0.2533383353760368,0.029852812031382008
C,2.0,W10,001,20.0,0.75,0.001,8,0.2,True,440,0.291309124937183,0.028053918657334226
C,2.0,W10,001,20.0,0.75,0.001,10,0.1,True,431,0.2533383353760368,0.029852812031382008
C,2.0,W10,001,20.0,0.75,0.001,10,0.2,True,440,0.291309124937183,0.028053918657334226
C,2.0,W10,001,20.0,0.8,0.0005,6,0.1,True,410,0.20160065140379102,0.032332168499890124
C,2.0,W10,001,20.0,0.8,0.0005,6,0.2,True,430,0.24971460060853706,0.03000632614681595
C,2.0,W10,001,20.0,0.8,0.0005,8,0.1,True,410,0.20160065140379102,0.032332168499890124
C,2.0,W10,001,20.0,0.8,0.0005,8,0.2,True,430,0.24971460060853706,0.03000632614681595
C,2.0,W10,001,20.0,0.8,0.0005,10,0.1,True,410,0.20160065140379102,0.032332168499890124
C,2.0,W10,001,20.0,0.8,0.0005,10,0.2,True,430,0.24971460060853706,0.03000632614681595
C,2.0,W10,001,20.0,0.8,0.001,6,0.1,True,431,0.2533383353760368,0.029852812031382008
C,2.0,W10,001,20.0,0.8,0.001,6,0.2,True,439,0.2848601105966066,0.028251502368795246
C,2.0,W10,001,20.0,0.8,0.001,8,0.1,True,431,0.2533383353760368,0.029852812031382008
C,2.0,W10,001,20.0,0.8,0.001,8,0.2,True,439,0.2848601105966066,0.028251502368795246
C,2.0,W10,001,20.0,0.8,0.001,10,0.1,True,431,0.2533383353760368,0.029852812031382008
C,2.0,W10,001,20.0,0.8,0.001,10,0.2,True,439,0.2848601105966066,0.028251502368795246
C,2.0,W10,001,25.0,0.7,0.0005,6,0.1,True,428,0.24279359335962095,0.030357144282836663
C,2.0,W10,001,25.0,0.7,0.0005,6,0.2,True,431,0.2533383353760368,0.029852812031382008
C,2.0,W10,001,25.0,0.7,0.0005,8,0.1,True,428,0.24279359335962095,0.030357144282836663
C,2.0,W10,001,25.0,0.7,0.0005,8,0.2,True,431,0.2533383353760368,0.029852812031382008
C,2.0,W10,001,25.0,0.7,0.0005,10,0.1,True,428,0.24279359335962095,0.030357144282836663
C,2.0,W10,001,25.0,0.7,0.0005,10,0.2,True,431,0.2533383353760368,0.029852812031382008
C,2.0,W10,001,25.0,0.7,0.001,6,0.1,True,431,0.2533383353760368,0.029852812031382008
C,2.0,W10,001,25.0,0.7,0.001,6,0.2,True,444,0.3197493494341248,0.02734772488474846
C,2.0,W10,001,25.0,0.7,0.001,8,0.1,True,431,0.2533383353760368,0.029852812031382008
C,2.0,W10,001,25.0,0.7,0.001,8,0.2,True,444,0.3197493494341248,0.02734772488474846
C,2.0,W10,001,25.0,0.7,0.001,10,0.1,True,431,0.2533383353760368,0.029852812031382008
C,2.0,W10,001,25.0,0.7,0.001,10,0.2,False,,,
C,2.0,W10,001,25.0,0.75,0.0005,6,0.1,True,428,0.24279359335962095,0.030357144282836663
C,2.0,W10,001,25.0,0.75,0.0005,6,0.2,True,431,0.2533383353760368,0.029852812031382008
C,2.0,W10,001,25.0,0.75,0.0005,8,0.1,True,428,0.24279359335962095,0.030357144282836663
C,2.0,W10,001,25.0,0.75,0.0005,8,0.2,True,431,0.2533383353760368,0.029852812031382008
C,2.0,W10,001,25.0,0.75,0.0005,10,0.1,True,428,0.24279359335962095,0.030357144282836663
C,2.0,W10,001,25.0,0.75,0.0005,10,0.2,True,431,0.2533383353760368,0.029852812031382008
C,2.0,W10,001,25.0,0.75,0.001,6,0.1,True,431,0.2533383353760368,0.029852812031382008
C,2.0,W10,001,25.0,0.75,0.001,6,0.2,True,445,0.3273054212331772,0.02716194367722461
C,2.0,W10,001,25.0,0.75,0.001,8,0.1,True,431,0.2533383353760368,0.029852812031382008
C,2.0,W10,001,25.0,0.75,0.001,8,0.2,True,445,0.3273054212331772,0.02716194367722461
C,2.0,W10,001,25.0,0.75,0.001,10,0.1,True,431,0.2533383353760368,0.029852812031382008
C,2.0,W10,001,25.0,0.75,0.001,10,0.2,False,,,
C,2.0,W10,001,25.0,0.8,0.0005,6,0.1,True,428,0.24279359335962095,0.030357144282836663
C,2.0,W10,001,25.0,0.8,0.0005,6,0.2,True,431,0.2533383353760368,0.029852812031382008
C,2.0,W10,001,25.0,0.8,0.0005,8,0.1,True,428,0.24279359335962095,0.030357144282836663
C,2.0,W10,001,25.0,0.8,0.0005,8,0.2,True,431,0.2533383353760368,0.029852812031382008
C,2.0,W10,001,25.0,0.8,0.0005,10,0.1,True,428,0.24279359335962095,0.030357144282836663
C,2.0,W10,001,25.0,0.8,0.0005,10,0.2,True,431,0.2533383353760368,0.029852812031382008
C,2.0,W10,001,25.0,0.8,0.001,6,0.1,True,431,0.2533383353760368,0.029852812031382008
C,2.0,W10,001,25.0,0.8,0.001,6,0.2,True,445,0.3273054212331772,0.02716194367722461
C,2.0,W10,001,25.0,0.8,0.001,8,0.1,True,431,0.2533383353760368,0.029852812031382008
C,2.0,W10,001,25.0,0.8,0.001,8,0.2,True,445,0.3273054212331772,0.02716194367722461
C,2.0,W10,001,25.0,0.8,0.001,10,0.1,True,431,0.2533383353760368,0.029852812031382008
C,2.0,W10,001,25.0,0.8,0.001,10,0.2,False,,,
C,2.0,W10,002,15.0,0.7,0.0005,6,0.1,True,417,0.20431141398454966,0.031060320080110903
C,2.0,W10,002,15.0,0.7,0.0005,6,0.2,True,417,0.20431141398454966,0.031060320080110903
C,2.0,W10,002,15.0,0.7,0.0005,8,0.1,True,417,0.20431141398454966,0.031060320080110903
C,2.0,W10,002,15.0,0.7,0.0005,8,0.2,True,417,0.20431141398454966,0.031060320080110903
C,2.0,W10,002,15.0,0.7,0.0005,10,0.1,True,417,0.20431141398454966,0.031060320080110903
C,2.0,W10,002,15.0,0.7,0.0005,10,0.2,True,417,0.20431141398454966,0.031060320080110903
C,2.0,W10,002,15.0,0.7,0.001,6,0.1,True,424,0.21275598379342178,0.03086397365519875
C,2.0,W10,002,15.0,0.7,0.001,6,0.2,True,430,0.2229023691462843,0.030421069578120585
C,2.0,W10,002,15.0,0.7,0.001,8,0.1,True,424,0.21275598379342178,0.03086397365519875
C,2.0,W10,002,15.0,0.7,0.001,8,0.2,True,430,0.2229023691462843,0.030421069578120585
C,2.0,W10,002,15.0,0.7,0.001,10,0.1,True,424,0.21275598379342178,0.03086397365519875
C,2.0,W10,002,15.0,0.7,0.001,10,0.2,True,430,0.2229023691462843,0.030421069578120585
C,2.0,W10,002,15.0,0.75,0.0005,6,0.1,True,422,0.21011872746442495,0.030891849022162587
C,2.0,W10,002,15.0,0.75,0.0005,6,0.2,True,422,0.21011872746442495,0.030891849022162587
C,2.0,W10,002,15.0,0.75,0.0005,8,0.1,True,422,0.21011872746442495,0.030891849022162587
C,2.0,W10,002,15.0,0.75,0.0005,8,0.2,True,422,0.21011872746442495,0.030891849022162587
C,2.0,W10,002,15.0,0.75,0.0005,10,0.1,True,422,0.21011872746442495,0.030891849022162587
C,2.0,W10,002,15.0,0.75,0.0005,10,0.2,True,422,0.21011872746442495,0.030891849022162587
C,2.0,W10,002,15.0,0.75,0.001,6,0.1,True,430,0.2229023691462843,0.030421069578120585
C,2.0,W10,002,15.0,0.75,0.001,6,0.2,True,434,0.23570841197904788,0.029694684438015286
C,2.0,W10,002,15.0,0.75,0.001,8,0.1,True,430,0.2229023691462843,0.030421069578120585
C,2.0,W10,002,15.0,0.75,0.001,8,0.2,True,434,0.23570841197904788,0.029694684438015286
C,2.0,W10,002,15.0,0.75,0.001,10,0.1,True,430,0.2229023691462843,0.030421069578120585
C,2.0,W10,002,15.0,0.75,0.001,10,0.2,True,434,0.23570841197904788,0.029694684438015286
C,2.0,W10,002,15.0,0.8,0.0005,6,0.1,True,422,0.21011872746442495,0.030891849022162587
C,2.0,W10,002,15.0,0.8,0.0005,6,0.2,True,422,0.21011872746442495,0.030891849022162587
C,2.0,W10,002,15.0,0.8,0.0005,8,0.1,True,422,0.21011872746442495,0.030891849022162587
C,2.0,W10,002,15.0,0.8,0.0005,8,0.2,True,422,0.21011872746442495,0.030891849022162587
C,2.0,W10,002,15.0,0.8,0.0005,10,0.1,True,422,0.21011872746442495,0.030891849022162587
C,2.0,W10,002,15.0,0.8,0.0005,10,0.2,True,422,0.21011872746442495,0.030891849022162587
C,2.0,W10,002,15.0,0.8,0.001,6,0.1,True,431,0.22588194044012772,0.0302610290481856
C,2.0,W10,002,15.0,0.8,0.001,6,0.2,True,439,0.25313957760992806,0.028832020238041878
C,2.0,W10,002,15.0,0.8,0.001,8,0.1,True,431,0.22588194044012772,0.0302610290481856
C,2.0,W10,002,15.0,0.8,0.001,8,0.2,True,439,0.25313957760992806,0.028832020238041878
C,2.0,W10,002,15.0,0.8,0.001,10,0.1,True,431,0.22588194044012772,0.0302610290481856
C,2.0,W10,002,15.0,0.8,0.001,10,0.2,True,439,0.25313957760992806,0.028832020238041878
C,2.0,W10,002,20.0,0.7,0.0005,6,0.1,True,422,0.21020179771279035,0.03081768035496536
C,2.0,W10,002,20.0,0.7,0.0005,6,0.2,True,422,0.21020179771279035,0.03081768035496536
C,2.0,W10,002,20.0,0.7,0.0005,8,0.1,True,422,0.21020179771279035,0.03081768035496536
C,2.0,W10,002,20.0,0.7,0.0005,8,0.2,True,422,0.21020179771279035,0.03081768035496536
C,2.0,W10,002,20.0,0.7,0.0005,10,0.1,True,422,0.21020179771279035,0.03081768035496536
C,2.0,W10,002,20.0,0.7,0.0005,10,0.2,True,422,0.21020179771279035,0.03081768035496536
C,2.0,W10,002,20.0,0.7,0.001,6,0.1,True,440,0.25639170506282855,0.028640084654877062
C,2.0,W10,002,20.0,0.7,0.001,6,0.2,True,445,0.27563870345291336,0.027708182895654125
C,2.0,W10,002,20.0,0.7,0.001,8,0.1,True,440,0.25639170506282855,0.028640084654877062
C,2.0,W10,002,20.0,0.7,0.001,8,0.2,True,445,0.27563870345291336,0.027708182895654125
C,2.0,W10,002,20.0,0.7,0.001,10,0.1,True,440,0.25639170506282855,0.028640084654877062
C,2.0,W10,002,20.0,0.7,0.001,10,0.2,True,445,0.27563870345291336,0.027708182895654125
C,2.0,W10,002,20.0,0.75,0.0005,6,0.1,True,422,0.21020179771279035,0.03081768035496536
C,2.0,W10,002,20.0,0.75,0.0005,6,0.2,True,424,0.21268344572500178,0.030792335930623506
C,2.0,W10,002,20.0,0.75,0.0005,8,0.1,True,422,0.21020179771279035,0.03081768035496536
C,2.0,W10,002,20.0,0.75,0.0005,8,0.2,True,424,0.21268344572500178,0.030792335930623506
C,2.0,W10,002,20.0,0.75,0.0005,10,0.1,True,422,0.21020179771279035,0.03081768035496536
C,2.0,W10,002,20.0,0.75,0.0005,10,0.2,True,424,0.21268344572500178,0.030792335930623506
C,2.0,W10,002,20.0,0.75,0.001,6,0.1,True,442,0.2639168563642,0.02829671062921223
C,2.0,W10,002,20.0,0.75,0.001,6,0.2,True,446,0.2796310613814153,0.027478201412840894
C,2.0,W10,002,20.0,0.75,0.001,8,0.1,True,442,0.2639168563642,0.02829671062921223
C,2.0,W10,002,20.0,0.75,0.001,8,0.2,True,446,0.2796310613814153,0.027478201412840894
C,2.0,W10,002,20.0,0.75,0.001,10,0.1,True,442,0.2639168563642,0.02829671062921223
C,2.0,W10,002,20.0,0.75,0.001,10,0.2,True,446,0.2796310613814153,0.027478201412840894
C,2.0,W10,002,20.0,0.8,0.0005,6,0.1,True,426,0.21479641861821475,0.030761740611572014
C,2.0,W10,002,20.0,0.8,0.0005,6,0.2,True,428,0.21751532919312777,0.030688543166769177
C,2.0,W10,002,20.0,0.8,0.0005,8,0.1,True,426,0.21479641861821475,0.030761740611572014
C,2.0,W10,002,20.0,0.8,0.0005,8,0.2,True,428,0.21751532919312777,0.030688543166769177
C,2.0,W10,002,20.0,0.8,0.0005,10,0.1,True,426,0.21479641861821475,0.030761740611572014
C,2.0,W10,002,20.0,0.8,0.0005,10,0.2,True,428,0.21751532919312777,0.030688543166769177
C,2.0,W10,002,20.0,0.8,0.001,6,0.1,True,442,0.2639168563642,0.02829671062921223
C,2.0,W10,002,20.0,0.8,0.001,6,0.2,True,446,0.2796310613814153,0.027478201412840894
C,2.0,W10,002,20.0,0.8,0.001,8,0.1,True,442,0.2639168563642,0.02829671062921223
C,2.0,W10,002,20.0,0.8,0.001,8,0.2,True,446,0.2796310613814153,0.027478201412840894
C,2.0,W10,002,20.0,0.8,0.001,10,0.1,True,442,0.2639168563642,0.02829671062921223
C,2.0,W10,002,20.0,0.8,0.001,10,0.2,True,446,0.2796310613814153,0.027478201412840894
C,2.0,W10,002,25.0,0.7,0.0005,6,0.1,True,426,0.21479641861821475,0.030761740611572014
C,2.0,W10,002,25.0,0.7,0.0005,6,0.2,True,427,0.2159412940473933,0.030692945479562406
C,2.0,W10,002,25.0,0.7,0.0005,8,0.1,True,426,0.21479641861821475,0.030761740611572014
C,2.0,W10,002,25.0,0.7,0.0005,8,0.2,True,427,0.2159412940473933,0.030692945479562406
C,2.0,W10,002,25.0,0.7,0.0005,10,0.1,True,426,0.21479641861821475,0.030761740611572014
C,2.0,W10,002,25.0,0.7,0.0005,10,0.2,True,427,0.2159412940473933,0.030692945479562406
C,2.0,W10,002,25.0,0.7,0.001,6,0.1,True,447,0.28380410647705984,0.027278755644434376
C,2.0,W10,002,25.0,0.7,0.001,6,0.2,True,450,0.3017043553684887,0.026656289045747957
C,2.0,W10,002,25.0,0.7,0.001,8,0.1,True,447,0.28380410647705984,0.027278755644434376
C,2.0,W10,002,25.0,0.7,0.001,8,0.2,True,450,0.3017043553684887,0.026656289045747957
C,2.0,W10,002,25.0,0.7,0.001,10,0.1,True,447,0.28380410647705984,0.027278755644434376
C,2.0,W10,002,25.0,0.7,0.001,10,0.2,True,450,0.3017043553684887,0.026656289045747957
C,2.0,W10,002,25.0,0.75,0.0005,6,0.1,True,430,0.2224749314941858,0.030348233094340878
C,2.0,W10,002,25.0,0.75,0.0005,6,0.2,True,431,0.22550883340208153,0.030194895832162155
C,2.0,W10,002,25.0,0.75,0.0005,8,0.1,True,430,0.2224749314941858,0.030348233094340878
C,2.0,W10,002,25.0,0.75,0.0005,8,0.2,True,431,0.22550883340208153,0.030194895832162155
C,2.0,W10,002,25.0,0.75,0.0005,10,0.1,True,430,0.2224749314941858,0.030348233094340878
C,2.0,W10,002,25.0,0.75,0.0005,10,0.2,True,431,0.22550883340208153,0.030194895832162155
C,2.0,W10,002,25.0,0.75,0.001,6,0.1,True,447,0.28380410647705984,0.027278755644434376
C,2.0,W10,002,25.0,0.75,0.001,6,0.2,True,450,0.3017043553684887,0.026656289045747957
C,2.0,W10,002,25.0,0.75,0.001,8,0.1,True,447,0.28380410647705984,0.027278755644434376
C,2.0,W10,002,25.0,0.75,0.001,8,0.2,True,450,0.3017043553684887,0.026656289045747957
C,2.0,W10,002,25.0,0.75,0.001,10,0.1,True,447,0.28380410647705984,0.027278755644434376
C,2.0,W10,002,25.0,0.75,0.001,10,0.2,True,450,0.3017043553684887,0.026656289045747957
C,2.0,W10,002,25.0,0.8,0.0005,6,0.1,True,431,0.22550883340208153,0.030194895832162155
C,2.0,W10,002,25.0,0.8,0.0005,6,0.2,True,432,0.2288306761336954,0.029990862466787036
C,2.0,W10,002,25.0,0.8,0.0005,8,0.1,True,431,0.22550883340208153,0.030194895832162155
C,2.0,W10,002,25.0,0.8,0.0005,8,0.2,True,432,0.2288306761336954,0.029990862466787036
C,2.0,W10,002,25.0,0.8,0.0005,10,0.1,True,431,0.22550883340208153,0.030194895832162155
C,2.0,W10,002,25.0,0.8,0.0005,10,0.2,True,432,0.2288306761336954,0.029990862466787036
C,2.0,W10,002,25.0,0.8,0.001,6,0.1,True,447,0.28380410647705984,0.027278755644434376
C,2.0,W10,002,25.0,0.8,0.001,6,0.2,True,451,0.308760735157289,0.026493539347460394
C,2.0,W10,002,25.0,0.8,0.001,8,0.1,True,447,0.28380410647705984,0.027278755644434376
C,2.0,W10,002,25.0,0.8,0.001,8,0.2,True,451,0.308760735157289,0.026493539347460394
C,2.0,W10,002,25.0,0.8,0.001,10,0.1,True,447,0.28380410647705984,0.027278755644434376
C,2.0,W10,002,25.0,0.8,0.001,10,0.2,True,451,0.308760735157289,0.026493539347460394
C,2.0,W12,001,15.0,0.7,0.0005,6,0.1,True,433,0.19112451805880196,0.05289093277564174
C,2.0,W12,001,15.0,0.7,0.0005,6,0.2,False,,,
C,2.0,W12,001,15.0,0.7,0.0005,8,0.1,True,433,0.19112451805880196,0.05289093277564174
C,2.0,W12,001,15.0,0.7,0.0005,8,0.2,False,,,
C,2.0,W12,001,15.0,0.7,0.0005,10,0.1,False,,,
C,2.0,W12,001,15.0,0.7,0.0005,10,0.2,False,,,
C,2.0,W12,001,15.0,0.7,0.001,6,0.1,True,451,0.23598452657461166,0.051146644902856725
C,2.0,W12,001,15.0,0.7,0.001,6,0.2,True,451,0.23598452657461166,0.051146644902856725
C,2.0,W12,001,15.0,0.7,0.001,8,0.1,True,451,0.23598452657461166,0.051146644902856725
C,2.0,W12,001,15.0,0.7,0.001,8,0.2,True,451,0.23598452657461166,0.051146644902856725
C,2.0,W12,001,15.0,0.7,0.001,10,0.1,True,451,0.23598452657461166,0.051146644902856725
C,2.0,W12,001,15.0,0.7,0.001,10,0.2,True,461,0.28947901412060384,0.04929042960468091
C,2.0,W12,001,15.0,0.75,0.0005,6,0.1,True,437,0.19733513264279617,0.05267111623757764
C,2.0,W12,001,15.0,0.75,0.0005,6,0.2,True,438,0.19936401455810196,0.05261824878030702
C,2.0,W12,001,15.0,0.75,0.0005,8,0.1,True,437,0.19733513264279617,0.05267111623757764
C,2.0,W12,001,15.0,0.75,0.0005,8,0.2,True,438,0.19936401455810196,0.05261824878030702
C,2.0,W12,001,15.0,0.75,0.0005,10,0.1,True,437,0.19733513264279617,0.05267111623757764
C,2.0,W12,001,15.0,0.75,0.0005,10,0.2,True,438,0.19936401455810196,0.05261824878030702
C,2.0,W12,001,15.0,0.75,0.001,6,0.1,True,451,0.23598452657461166,0.051146644902856725
C,2.0,W12,001,15.0,0.75,0.001,6,0.2,True,452,0.23975923284888268,0.05101607641891429
C,2.0,W12,001,15.0,0.75,0.001,8,0.1,True,451,0.23598452657461166,0.051146644902856725
C,2.0,W12,001,15.0,0.75,0.001,8,0.2,True,452,0.23975923284888268,0.05101607641891429
C,2.0,W12,001,15.0,0.75,0.001,10,0.1,True,451,0.23598452657461166,0.051146644902856725
C,2.0,W12,001,15.0,0.75,0.001,10,0.2,True,452,0.23975923284888268,0.05101607641891429
C,2.0,W12,001,15.0,0.8,0.0005,6,0.1,True,440,0.20314483422982066,0.05254621343000939
C,2.0,W12,001,15.0,0.8,0.0005,6,0.2,True,442,0.2071492885680575,0.0524259950769575
C,2.0,W12,001,15.0,0.8,0.0005,8,0.1,True,440,0.20314483422982066,0.05254621343000939
C,2.0,W12,001,15.0,0.8,0.0005,8,0.2,True,442,0.2071492885680575,0.0524259950769575
C,2.0,W12,001,15.0,0.8,0.0005,10,0.1,True,440,0.20314483422982066,0.05254621343000939
C,2.0,W12,001,15.0,0.8,0.0005,10,0.2,True,442,0.2071492885680575,0.0524259950769575
C,2.0,W12,001,15.0,0.8,0.001,6,0.1,True,453,0.24359375905049474,0.05079897081381396
C,2.0,W12,001,15.0,0.8,0.001,6,0.2,True,454,0.24765668142783015,0.05061126823880171
C,2.0,W12,001,15.0,0.8,0.001,8,0.1,True,453,0.24359375905049474,0.05079897081381396
C,2.0,W12,001,15.0,0.8,0.001,8,0.2,True,454,0.24765668142783015,0.05061126823880171
C,2.0,W12,001,15.0,0.8,0.001,10,0.1,True,453,0.24359375905049474,0.05079897081381396
C,2.0,W12,001,15.0,0.8,0.001,10,0.2,True,454,0.24765668142783015,0.05061126823880171
C,2.0,W12,001,20.0,0.7,0.0005,6,0.1,True,446,0.21823399710027794,0.051898702292850145
C,2.0,W12,001,20.0,0.7,0.0005,6,0.2,True,450,0.23206004186680443,0.05127813343546892
C,2.0,W12,001,20.0,0.7,0.0005,8,0.1,True,446,0.21823399710027794,0.051898702292850145
C,2.0,W12,001,20.0,0.7,0.0005,8,0.2,True,459,0.274382921033784,0.04960948591561694
C,2.0,W12,001,20.0,0.7,0.0005,10,0.1,True,446,0.21823399710027794,0.051898702292850145
C,2.0,W12,001,20.0,0.7,0.0005,10,0.2,True,459,0.274382921033784,0.04960948591561694
C,2.0,W12,001,20.0,0.7,0.001,6,0.1,True,459,0.274382921033784,0.04960948591561694
C,2.0,W12,001,20.0,0.7,0.001,6,0.2,True,460,0.2816701939231471,0.04953982396737525
C,2.0,W12,001,20.0,0.7,0.001,8,0.1,True,459,0.274382921033784,0.04960948591561694
C,2.0,W12,001,20.0,0.7,0.001,8,0.2,True,460,0.2816701939231471,0.04953982396737525
C,2.0,W12,001,20.0,0.7,0.001,10,0.1,True,459,0.274382921033784,0.04960948591561694
C,2.0,W12,001,20.0,0.7,0.001,10,0.2,True,460,0.2816701939231471,0.04953982396737525
C,2.0,W12,001,20.0,0.75,0.0005,6,0.1,True,448,0.22499904095342285,0.05157610470134961
C,2.0,W12,001,20.0,0.75,0.0005,6,0.2,True,450,0.23206004186680443,0.05127813343546892
C,2.0,W12,001,20.0,0.75,0.0005,8,0.1,True,448,0.22499904095342285,0.05157610470134961
C,2.0,W12,001,20.0,0.75,0.0005,8,0.2,True,459,0.274382921033784,0.04960948591561694
C,2.0,W12,001,20.0,0.75,0.0005,10,0.1,True,459,0.274382921033784,0.04960948591561694
C,2.0,W12,001,20.0,0.75,0.0005,10,0.2,True,459,0.274382921033784,0.04960948591561694
C,2.0,W12,001,20.0,0.75,0.001,6,0.1,True,459,0.274382921033784,0.04960948591561694
C,2.0,W12,001,20.0,0.75,0.001,6,0.2,True,460,0.2816701939231471,0.04953982396737525
C,2.0,W12,001,20.0,0.75,0.001,8,0.1,True,459,0.274382921033784,0.04960948591561694
C,2.0,W12,001,20.0,0.75,0.001,8,0.2,True,460,0.2816701939231471,0.04953982396737525
C,2.0,W12,001,20.0,0.75,0.001,10,0.1,True,459,0.274382921033784,0.04960948591561694
C,2.0,W12,001,20.0,0.75,0.001,10,0.2,True,460,0.2816701939231471,0.04953982396737525
C,2.0,W12,001,20.0,0.8,0.0005,6,0.1,True,451,0.23588737100362778,0.0511469166529806
C,2.0,W12,001,20.0,0.8,0.0005,6,0.2,True,452,0.23973146610354124,0.05103057230773725
C,2.0,W12,001,20.0,0.8,0.0005,8,0.1,True,451,0.23588737100362778,0.0511469166529806
C,2.0,W12,001,20.0,0.8,0.0005,8,0.2,True,452,0.23973146610354124,0.05103057230773725
C,2.0,W12,001,20.0,0.8,0.0005,10,0.1,True,451,0.23588737100362778,0.0511469166529806
C,2.0,W12,001,20.0,0.8,0.0005,10,0.2,True,452,0.23973146610354124,0.05103057230773725
C,2.0,W12,001,20.0,0.8,0.001,6,0.1,True,460,0.2816701939231471,0.04953982396737525
C,2.0,W12,001,20.0,0.8,0.001,6,0.2,True,461,0.28923701651786504,0.049312233336661994
C,2.0,W12,001,20.0,0.8,0.001,8,0.1,True,460,0.2816701939231471,0.04953982396737525
C,2.0,W12,001,20.0,0.8,0.001,8,0.2,True,461,0.28923701651786504,0.049312233336661994
C,2.0,W12,001,20.0,0.8,0.001,10,0.1,True,460,0.2816701939231471,0.04953982396737525
C,2.0,W12,001,20.0,0.8,0.001,10,0.2,True,461,0.28923701651786504,0.049312233336661994
C,2.0,W12,001,25.0,0.7,0.0005,6,0.1,True,454,0.24771531788926376,0.05062085762619972
C,2.0,W12,001,25.0,0.7,0.0005,6,0.2,True,456,0.25667580413190944,0.05022788449729744
C,2.0,W12,001,25.0,0.7,0.0005,8,0.1,True,454,0.24771531788926376,0.05062085762619972
C,2.0,W12,001,25.0,0.7,0.0005,8,0.2,True,456,0.25667580413190944,0.05022788449729744
C,2.0,W12,001,25.0,0.7,0.0005,10,0.1,True,454,0.24771531788926376,0.05062085762619972
C,2.0,W12,001,25.0,0.7,0.0005,10,0.2,True,456,0.25667580413190944,0.05022788449729744
C,2.0,W12,001,25.0,0.7,0.001,6,0.1,True,463,0.3052523810612528,0.048940246434588185
C,2.0,W12,001,25.0,0.7,0.001,6,0.2,False,,,
C,2.0,W12,001,25.0,0.7,0.001,8,0.1,True,463,0.3052523810612528,0.048940246434588185
C,2.0,W12,001,25.0,0.7,0.001,8,0.2,False,,,
C,2.0,W12,001,25.0,0.7,0.001,10,0.1,False,,,
C,2.0,W12,001,25.0,0.7,0.001,10,0.2,False,,,
C,2.0,W12,001,25.0,0.75,0.0005,6,0.1,True,454,0.24771531788926376,0.05062085762619972
C,2.0,W12,001,25.0,0.75,0.0005,6,0.2,True,456,0.25667580413190944,0.05022788449729744
C,2.0,W12,001,25.0,0.75,0.0005,8,0.1,True,454,0.24771531788926376,0.05062085762619972
C,2.0,W12,001,25.0,0.75,0.0005,8,0.2,True,456,0.25667580413190944,0.05022788449729744
C,2.0,W12,001,25.0,0.75,0.0005,10,0.1,True,454,0.24771531788926376,0.05062085762619972
C,2.0,W12,001,25.0,0.75,0.0005,10,0.2,True,456,0.25667580413190944,0.05022788449729744
C,2.0,W12,001,25.0,0.75,0.001,6,0.1,True,463,0.3052523810612528,0.048940246434588185
C,2.0,W12,001,25.0,0.75,0.001,6,0.2,False,,,
C,2.0,W12,001,25.0,0.75,0.001,8,0.1,True,463,0.3052523810612528,0.048940246434588185
C,2.0,W12,001,25.0,0.75,0.001,8,0.2,False,,,
C,2.0,W12,001,25.0,0.75,0.001,10,0.1,False,,,
C,2.0,W12,001,25.0,0.75,0.001,10,0.2,False,,,
C,2.0,W12,001,25.0,0.8,0.0005,6,0.1,True,455,0.2520760046808343,0.05039452859445622
C,2.0,W12,001,25.0,0.8,0.0005,6,0.2,True,457,0.26161649313412216,0.05005122966280109
C,2.0,W12,001,25.0,0.8,0.0005,8,0.1,True,455,0.2520760046808343,0.05039452859445622
C,2.0,W12,001,25.0,0.8,0.0005,8,0.2,True,457,0.26161649313412216,0.05005122966280109
C,2.0,W12,001,25.0,0.8,0.0005,10,0.1,True,455,0.2520760046808343,0.05039452859445622
C,2.0,W12,001,25.0,0.8,0.0005,10,0.2,True,457,0.26161649313412216,0.05005122966280109
C,2.0,W12,001,25.0,0.8,0.001,6,0.1,True,463,0.3052523810612528,0.048940246434588185
C,2.0,W12,001,25.0,0.8,0.001,6,0.2,False,,,
C,2.0,W12,001,25.0,0.8,0.001,8,0.1,True,463,0.3052523810612528,0.048940246434588185
C,2.0,W12,001,25.0,0.8,0.001,8,0.2,False,,,
C,2.0,W12,001,25.0,0.8,0.001,10,0.1,False,,,
C,2.0,W12,001,25.0,0.8,0.001,10,0.2,False,,,
C,2.0,W12,002,15.0,0.7,0.0005,6,0.1,True,436,0.19539979119834147,0.054988962647161986
C,2.0,W12,002,15.0,0.7,0.0005,6,0.2,True,442,0.208548235657968,0.05452376378602103
C,2.0,W12,002,15.0,0.7,0.0005,8,0.1,True,436,0.19539979119834147,0.054988962647161986
C,2.0,W12,002,15.0,0.7,0.0005,8,0.2,True,442,0.208548235657968,0.05452376378602103
C,2.0,W12,002,15.0,0.7,0.0005,10,0.1,True,436,0.19539979119834147,0.054988962647161986
C,2.0,W12,002,15.0,0.7,0.0005,10,0.2,True,442,0.208548235657968,0.05452376378602103
C,2.0,W12,002,15.0,0.7,0.001,6,0.1,True,447,0.22389840079765572,0.05386404791160634
C,2.0,W12,002,15.0,0.7,0.001,6,0.2,True,450,0.2351287360254087,0.05327522401746951
C,2.0,W12,002,15.0,0.7,0.001,8,0.1,True,447,0.22389840079765572,0.05386404791160634
C,2.0,W12,002,15.0,0.7,0.001,8,0.2,True,450,0.2351287360254087,0.05327522401746951
C,2.0,W12,002,15.0,0.7,0.001,10,0.1,True,447,0.22389840079765572,0.05386404791160634
C,2.0,W12,002,15.0,0.7,0.001,10,0.2,True,450,0.2351287360254087,0.05327522401746951
C,2.0,W12,002,15.0,0.75,0.0005,6,0.1,True,440,0.20412674507028178,0.05470922716746205
C,2.0,W12,002,15.0,0.75,0.0005,6,0.2,True,443,0.21123039447947553,0.05442019414744879
C,2.0,W12,002,15.0,0.75,0.0005,8,0.1,True,440,0.20412674507028178,0.05470922716746205
C,2.0,W12,002,15.0,0.75,0.0005,8,0.2,True,443,0.21123039447947553,0.05442019414744879
C,2.0,W12,002,15.0,0.75,0.0005,10,0.1,True,440,0.20412674507028178,0.05470922716746205
C,2.0,W12,002,15.0,0.75,0.0005,10,0.2,True,443,0.21123039447947553,0.05442019414744879
C,2.0,W12,002,15.0,0.75,0.001,6,0.1,True,447,0.22389840079765572,0.05386404791160634
C,2.0,W12,002,15.0,0.75,0.001,6,0.2,True,450,0.2351287360254087,0.05327522401746951
C,2.0,W12,002,15.0,0.75,0.001,8,0.1,True,447,0.22389840079765572,0.05386404791160634
C,2.0,W12,002,15.0,0.75,0.001,8,0.2,True,450,0.2351287360254087,0.05327522401746951
C,2.0,W12,002,15.0,0.75,0.001,10,0.1,True,447,0.22389840079765572,0.05386404791160634
C,2.0,W12,002,15.0,0.75,0.001,10,0.2,True,450,0.2351287360254087,0.05327522401746951
C,2.0,W12,002,15.0,0.8,0.0005,6,0.1,True,442,0.208548235657968,0.05452376378602103
C,2.0,W12,002,15.0,0.8,0.0005,6,0.2,True,443,0.21123039447947553,0.05442019414744879
C,2.0,W12,002,15.0,0.8,0.0005,8,0.1,True,442,0.208548235657968,0.05452376378602103
C,2.0,W12,002,15.0,0.8,0.0005,8,0.2,True,443,0.21123039447947553,0.05442019414744879
C,2.0,W12,002,15.0,0.8,0.0005,10,0.1,True,442,0.208548235657968,0.05452376378602103
C,2.0,W12,002,15.0,0.8,0.0005,10,0.2,True,443,0.21123039447947553,0.05442019414744879
C,2.0,W12,002,15.0,0.8,0.001,6,0.1,True,448,0.2275549104731334,0.053666592820694574
C,2.0,W12,002,15.0,0.8,0.001,6,0.2,True,451,0.23908241093158722,0.05311484585859274
C,2.0,W12,002,15.0,0.8,0.001,8,0.1,True,448,0.2275549104731334,0.053666592820694574
C,2.0,W12,002,15.0,0.8,0.001,8,0.2,True,451,0.23908241093158722,0.05311484585859274
C,2.0,W12,002,15.0,0.8,0.001,10,0.1,True,448,0.2275549104731334,0.053666592820694574
C,2.0,W12,002,15.0,0.8,0.001,10,0.2,True,451,0.23908241093158722,0.05311484585859274
C,2.0,W12,002,20.0,0.7,0.0005,6,0.1,True,443,0.2109698553226496,0.05435262885140745
C,2.0,W12,002,20.0,0.7,0.0005,6,0.2,True,447,0.22364117165929392,0.05379948186639108
C,2.0,W12,002,20.0,0.7,0.0005,8,0.1,True,443,0.2109698553226496,0.05435262885140745
C,2.0,W12,002,20.0,0.7,0.0005,8,0.2,True,447,0.22364117165929392,0.05379948186639108
C,2.0,W12,002,20.0,0.7,0.0005,10,0.1,True,443,0.2109698553226496,0.05435262885140745
C,2.0,W12,002,20.0,0.7,0.0005,10,0.2,True,447,0.22364117165929392,0.05379948186639108
C,2.0,W12,002,20.0,0.7,0.001,6,0.1,True,450,0.2346736139764911,0.05321672872493142
C,2.0,W12,002,20.0,0.7,0.001,6,0.2,True,455,0.2549767574589503,0.05236100621129337
C,2.0,W12,002,20.0,0.7,0.001,8,0.1,True,450,0.2346736139764911,0.05321672872493142
C,2.0,W12,002,20.0,0.7,0.001,8,0.2,True,455,0.2549767574589503,0.05236100621129337
C,2.0,W12,002,20.0,0.7,0.001,10,0.1,True,450,0.2346736139764911,0.05321672872493142
C,2.0,W12,002,20.0,0.7,0.001,10,0.2,True,455,0.2549767574589503,0.05236100621129337
C,2.0,W12,002,20.0,0.75,0.0005,6,0.1,True,446,0.22024001612475044,0.05393660127332336
C,2.0,W12,002,20.0,0.75,0.0005,6,0.2,True,448,0.2272251471877098,0.053602899571782665
C,2.0,W12,002,20.0,0.75,0.0005,8,0.1,True,446,0.22024001612475044,0.05393660127332336
C,2.0,W12,002,20.0,0.75,0.0005,8,0.2,True,448,0.2272251471877098,0.053602899571782665
C,2.0,W12,002,20.0,0.75,0.0005,10,0.1,True,446,0.22024001612475044,0.05393660127332336
C,2.0,W12,002,20.0,0.75,0.0005,10,0.2,True,448,0.2272251471877098,0.053602899571782665
C,2.0,W12,002,20.0,0.75,0.001,6,0.1,True,450,0.2346736139764911,0.05321672872493142
C,2.0,W12,002,20.0,0.75,0.001,6,0.2,True,460,0.28681332500357376,0.05146313017528308
C,2.0,W12,002,20.0,0.75,0.001,8,0.1,True,450,0.2346736139764911,0.05321672872493142
C,2.0,W12,002,20.0,0.75,0.001,8,0.2,True,460,0.28681332500357376,0.05146313017528308
C,2.0,W12,002,20.0,0.75,0.001,10,0.1,True,450,0.2346736139764911,0.05321672872493142
C,2.0,W12,002,20.0,0.75,0.001,10,0.2,True,460,0.28681332500357376,0.05146313017528308
C,2.0,W12,002,20.0,0.8,0.0005,6,0.1,True,447,0.22364117165929392,0.05379948186639108
C,2.0,W12,002,20.0,0.8,0.0005,6,0.2,True,449,0.2309149529196714,0.05341391618314542
C,2.0,W12,002,20.0,0.8,0.0005,8,0.1,True,447,0.22364117165929392,0.05379948186639108
C,2.0,W12,002,20.0,0.8,0.0005,8,0.2,True,449,0.2309149529196714,0.05341391618314542
C,2.0,W12,002,20.0,0.8,0.0005,10,0.1,True,447,0.22364117165929392,0.05379948186639108
C,2.0,W12,002,20.0,0.8,0.0005,10,0.2,True,449,0.2309149529196714,0.05341391618314542
C,2.0,W12,002,20.0,0.8,0.001,6,0.1,True,450,0.2346736139764911,0.05321672872493142
C,2.0,W12,002,20.0,0.8,0.001,6,0.2,True,461,0.29449641508491414,0.05131216925617896
C,2.0,W12,002,20.0,0.8,0.001,8,0.1,True,450,0.2346736139764911,0.05321672872493142
C,2.0,W12,002,20.0,0.8,0.001,8,0.2,True,461,0.29449641508491414,0.05131216925617896
C,2.0,W12,002,20.0,0.8,0.001,10,0.1,True,450,0.2346736139764911,0.05321672872493142
C,2.0,W12,002,20.0,0.8,0.001,10,0.2,False,,,
C,2.0,W12,002,25.0,0.7,0.0005,6,0.1,True,447,0.22364117165929392,0.05379948186639108
C,2.0,W12,002,25.0,0.7,0.0005,6,0.2,True,450,0.2346736139764911,0.05321672872493142
C,2.0,W12,002,25.0,0.7,0.0005,8,0.1,True,447,0.22364117165929392,0.05379948186639108
C,2.0,W12,002,25.0,0.7,0.0005,8,0.2,True,450,0.2346736139764911,0.05321672872493142
C,2.0,W12,002,25.0,0.7,0.0005,10,0.1,True,447,0.22364117165929392,0.05379948186639108
C,2.0,W12,002,25.0,0.7,0.0005,10,0.2,True,450,0.2346736139764911,0.05321672872493142
C,2.0,W12,002,25.0,0.7,0.001,6,0.1,True,450,0.2346736139764911,0.05321672872493142
C,2.0,W12,002,25.0,0.7,0.001,6,0.2,True,464,0.3191241778825459,0.0508534631838924
C,2.0,W12,002,25.0,0.7,0.001,8,0.1,True,450,0.2346736139764911,0.05321672872493142
C,2.0,W12,002,25.0,0.7,0.001,8,0.2,False,,,
C,2.0,W12,002,25.0,0.7,0.001,10,0.1,True,450,0.2346736139764911,0.05321672872493142
C,2.0,W12,002,25.0,0.7,0.001,10,0.2,False,,,
C,2.0,W12,002,25.0,0.75,0.0005,6,0.1,True,447,0.22364117165929392,0.05379948186639108
C,2.0,W12,002,25.0,0.75,0.0005,6,0.2,True,450,0.2346736139764911,0.05321672872493142
C,2.0,W12,002,25.0,0.75,0.0005,8,0.1,True,447,0.22364117165929392,0.05379948186639108
C,2.0,W12,002,25.0,0.75,0.0005,8,0.2,True,450,0.2346736139764911,0.05321672872493142
C,2.0,W12,002,25.0,0.75,0.0005,10,0.1,True,447,0.22364117165929392,0.05379948186639108
C,2.0,W12,002,25.0,0.75,0.0005,10,0.2,True,450,0.2346736139764911,0.05321672872493142
C,2.0,W12,002,25.0,0.75,0.001,6,0.1,True,451,0.23857013312609573,0.05306212574635681
C,2.0,W12,002,25.0,0.75,0.001,6,0.2,True,464,0.3191241778825459,0.0508534631838924
C,2.0,W12,002,25.0,0.75,0.001,8,0.1,True,451,0.23857013312609573,0.05306212574635681
C,2.0,W12,002,25.0,0.75,0.001,8,0.2,False,,,
C,2.0,W12,002,25.0,0.75,0.001,10,0.1,True,451,0.23857013312609573,0.05306212574635681
C,2.0,W12,002,25.0,0.75,0.001,10,0.2,False,,,
C,2.0,W12,002,25.0,0.8,0.0005,6,0.1,True,447,0.22364117165929392,0.05379948186639108
C,2.0,W12,002,25.0,0.8,0.0005,6,0.2,True,450,0.2346736139764911,0.05321672872493142
C,2.0,W12,002,25.0,0.8,0.0005,8,0.1,True,447,0.22364117165929392,0.05379948186639108
C,2.0,W12,002,25.0,0.8,0.0005,8,0.2,True,450,0.2346736139764911,0.05321672872493142
C,2.0,W12,002,25.0,0.8,0.0005,10,0.1,True,447,0.22364117165929392,0.05379948186639108
C,2.0,W12,002,25.0,0.8,0.0005,10,0.2,True,450,0.2346736139764911,0.05321672872493142
C,2.0,W12,002,25.0,0.8,0.001,6,0.1,True,451,0.23857013312609573,0.05306212574635681
C,2.0,W12,002,25.0,0.8,0.001,6,0.2,False,,,
C,2.0,W12,002,25.0,0.8,0.001,8,0.1,True,451,0.23857013312609573,0.05306212574635681
C,2.0,W12,002,25.0,0.8,0.001,8,0.2,False,,,
C,2.0,W12,002,25.0,0.8,0.001,10,0.1,True,451,0.23857013312609573,0.05306212574635681
C,2.0,W12,002,25.0,0.8,0.001,10,0.2,False,,,
C,2.0,W20,001,15.0,0.7,0.0005,6,0.1,True,552,0.40511872236793106,0.3397236079783053
C,2.0,W20,001,15.0,0.7,0.0005,6,0.2,True,552,0.40511872236793106,0.3397236079783053
C,2.0,W20,001,15.0,0.7,0.0005,8,0.1,True,552,0.40511872236793106,0.3397236079783053
C,2.0,W20,001,15.0,0.7,0.0005,8,0.2,True,552,0.40511872236793106,0.3397236079783053
C,2.0,W20,001,15.0,0.7,0.0005,10,0.1,True,552,0.40511872236793106,0.3397236079783053
C,2.0,W20,001,15.0,0.7,0.0005,10,0.2,True,552,0.40511872236793106,0.3397236079783053
C,2.0,W20,001,15.0,0.7,0.001,6,0.1,True,467,0.26746224229400223,0.24647204698743047
C,2.0,W20,001,15.0,0.7,0.001,6,0.2,True,482,0.30006387427046494,0.27308869845158346
C,2.0,W20,001,15.0,0.7,0.001,8,0.1,True,467,0.26746224229400223,0.24647204698743047
C,2.0,W20,001,15.0,0.7,0.001,8,0.2,True,482,0.30006387427046494,0.27308869845158346
C,2.0,W20,001,15.0,0.7,0.001,10,0.1,True,467,0.26746224229400223,0.24647204698743047
C,2.0,W20,001,15.0,0.7,0.001,10,0.2,True,482,0.30006387427046494,0.27308869845158346
C,2.0,W20,001,15.0,0.75,0.0005,6,0.1,True,462,0.2575056371656624,0.23796283856437012
C,2.0,W20,001,15.0,0.75,0.0005,6,0.2,True,462,0.2575056371656624,0.23796283856437012
C,2.0,W20,001,15.0,0.75,0.0005,8,0.1,True,567,0.4227878419128624,0.34689037058804484
C,2.0,W20,001,15.0,0.75,0.0005,8,0.2,True,567,0.4227878419128624,0.34689037058804484
C,2.0,W20,001,15.0,0.75,0.0005,10,0.1,True,567,0.4227878419128624,0.34689037058804484
C,2.0,W20,001,15.0,0.75,0.0005,10,0.2,True,567,0.4227878419128624,0.34689037058804484
C,2.0,W20,001,15.0,0.75,0.001,6,0.1,True,487,0.3119674474000931,0.2821823451164606
C,2.0,W20,001,15.0,0.75,0.001,6,0.2,True,497,0.33830334205885193,0.3014246048154058
C,2.0,W20,001,15.0,0.75,0.001,8,0.1,True,487,0.3119674474000931,0.2821823451164606
C,2.0,W20,001,15.0,0.75,0.001,8,0.2,False,,,
C,2.0,W20,001,15.0,0.75,0.001,10,0.1,True,487,0.3119674474000931,0.2821823451164606
C,2.0,W20,001,15.0,0.75,0.001,10,0.2,False,,,
C,2.0,W20,001,15.0,0.8,0.0005,6,0.1,False,,,
C,2.0,W20,001,15.0,0.8,0.0005,6,0.2,False,,,
C,2.0,W20,001,15.0,0.8,0.0005,8,0.1,False,,,
C,2.0,W20,001,15.0,0.8,0.0005,8,0.2,False,,,
C,2.0,W20,001,15.0,0.8,0.0005,10,0.1,False,,,
C,2.0,W20,001,15.0,0.8,0.0005,10,0.2,False,,,
C,2.0,W20,001,15.0,0.8,0.001,6,0.1,True,502,0.352952843582308,0.31122467807821325
C,2.0,W20,001,15.0,0.8,0.001,6,0.2,True,590,0.45855140766581975,0.35691050903217214
C,2.0,W20,001,15.0,0.8,0.001,8,0.1,True,502,0.352952843582308,0.31122467807821325
C,2.0,W20,001,15.0,0.8,0.001,8,0.2,False,,,
C,2.0,W20,001,15.0,0.8,0.001,10,0.1,True,502,0.352952843582308,0.31122467807821325
C,2.0,W20,001,15.0,0.8,0.001,10,0.2,False,,,
C,2.0,W20,001,20.0,0.7,0.0005,6,0.1,True,562,0.41643901130086497,0.344554734465323
C,2.0,W20,001,20.0,0.7,0.0005,6,0.2,True,564,0.41883438904034465,0.34548982350449814
C,2.0,W20,001,20.0,0.7,0.0005,8,0.1,True,562,0.41643901130086497,0.344554734465323
C,2.0,W20,001,20.0,0.7,0.0005,8,0.2,True,564,0.41883438904034465,0.34548982350449814
C,2.0,W20,001,20.0,0.7,0.0005,10,0.1,True,562,0.41643901130086497,0.344554734465323
C,2.0,W20,001,20.0,0.7,0.0005,10,0.2,True,564,0.41883438904034465,0.34548982350449814
C,2.0,W20,001,20.0,0.7,0.001,6,0.1,True,492,0.3246942182120524,0.2917723000833863
C,2.0,W20,001,20.0,0.7,0.001,6,0.2,True,497,0.3382774281658624,0.3014190726374325
C,2.0,W20,001,20.0,0.7,0.001,8,0.1,True,492,0.3246942182120524,0.2917723000833863
C,2.0,W20,001,20.0,0.7,0.001,8,0.2,True,497,0.3382774281658624,0.3014190726374325
C,2.0,W20,001,20.0,0.7,0.001,10,0.1,True,492,0.3246942182120524,0.2917723000833863
C,2.0,W20,001,20.0,0.7,0.001,10,0.2,True,497,0.3382774281658624,0.3014190726374325
C,2.0,W20,001,20.0,0.75,0.0005,6,0.1,True,462,0.25753387377450343,0.23794986915431524
C,2.0,W20,001,20.0,0.75,0.0005,6,0.2,True,462,0.25753387377450343,0.23794986915431524
C,2.0,W20,001,20.0,0.75,0.0005,8,0.1,True,557,0.4105210476800015,0.3422032445669174
C,2.0,W20,001,20.0,0.75,0.0005,8,0.2,True,559,0.4128203474377331,0.3431224615166062
C,2.0,W20,001,20.0,0.75,0.0005,10,0.1,True,557,0.4105210476800015,0.3422032445669174
C,2.0,W20,001,20.0,0.75,0.0005,10,0.2,True,559,0.4128203474377331,0.3431224615166062
C,2.0,W20,001,20.0,0.75,0.001,6,0.1,True,502,0.35289856948350606,0.31122191015042755
C,2.0,W20,001,20.0,0.75,0.001,6,0.2,True,590,0.45808786585142736,0.35695190453215647
C,2.0,W20,001,20.0,0.75,0.001,8,0.1,True,502,0.35289856948350606,0.31122191015042755
C,2.0,W20,001,20.0,0.75,0.001,8,0.2,False,,,
C,2.0,W20,001,20.0,0.75,0.001,10,0.1,True,502,0.35289856948350606,0.31122191015042755
C,2.0,W20,001,20.0,0.75,0.001,10,0.2,False,,,
C,2.0,W20,001,20.0,0.8,0.0005,6,0.1,True,590,0.45808786585142736,0.35695190453215647
C,2.0,W20,001,20.0,0.8,0.0005,6,0.2,True,590,0.45808786585142736,0.35695190453215647
C,2.0,W20,001,20.0,0.8,0.0005,8,0.1,False,,,
C,2.0,W20,001,20.0,0.8,0.0005,8,0.2,False,,,
C,2.0,W20,001,20.0,0.8,0.0005,10,0.1,False,,,
C,2.0,W20,001,20.0,0.8,0.0005,10,0.2,False,,,
C,2.0,W20,001,20.0,0.8,0.001,6,0.1,True,552,0.404971024707744,0.3397344837063237
C,2.0,W20,001,20.0,0.8,0.001,6,0.2,True,591,0.4601553717726155,0.35732298069878626
C,2.0,W20,001,20.0,0.8,0.001,8,0.1,True,567,0.4225625242841871,0.3469074403769092
C,2.0,W20,001,20.0,0.8,0.001,8,0.2,False,,,
C,2.0,W20,001,20.0,0.8,0.001,10,0.1,True,567,0.4225625242841871,0.3469074403769092
C,2.0,W20,001,20.0,0.8,0.001,10,0.2,False,,,
C,2.0,W20,001,25.0,0.7,0.0005,6,0.1,True,572,0.4291392843189992,0.3492377749399135
C,2.0,W20,001,25.0,0.7,0.0005,6,0.2,True,584,0.447175153776219,0.3545612983013454
C,2.0,W20,001,25.0,0.7,0.0005,8,0.1,True,572,0.4291392843189992,0.3492377749399135
C,2.0,W20,001,25.0,0.7,0.0005,8,0.2,True,584,0.447175153776219,0.3545612983013454
C,2.0,W20,001,25.0,0.7,0.0005,10,0.1,True,572,0.4291392843189992,0.3492377749399135
C,2.0,W20,001,25.0,0.7,0.0005,10,0.2,True,584,0.447175153776219,0.3545612983013454
C,2.0,W20,001,25.0,0.7,0.001,6,0.1,True,497,0.3382774281658624,0.3014190726374325
C,2.0,W20,001,25.0,0.7,0.001,6,0.2,True,507,0.36309135587591873,0.3176274809398149
C,2.0,W20,001,25.0,0.7,0.001,8,0.1,True,497,0.3382774281658624,0.3014190726374325
C,2.0,W20,001,25.0,0.7,0.001,8,0.2,False,,,
C,2.0,W20,001,25.0,0.7,0.001,10,0.1,False,,,
C,2.0,W20,001,25.0,0.7,0.001,10,0.2,False,,,
C,2.0,W20,001,25.0,0.75,0.0005,6,0.1,True,462,0.25753387377450343,0.23794986915431524
C,2.0,W20,001,25.0,0.75,0.0005,6,0.2,True,583,0.44546407147457723,0.35414501475660426
C,2.0,W20,001,25.0,0.75,0.0005,8,0.1,True,580,0.4407353534510261,0.3528165527080235
C,2.0,W20,001,25.0,0.75,0.0005,8,0.2,True,583,0.44546407147457723,0.35414501475660426
C,2.0,W20,001,25.0,0.75,0.0005,10,0.1,True,580,0.4407353534510261,0.3528165527080235
C,2.0,W20,001,25.0,0.75,0.0005,10,0.2,True,583,0.44546407147457723,0.35414501475660426
C,2.0,W20,001,25.0,0.75,0.001,6,0.1,True,532,0.38492529800063685,0.33009117449584763
C,2.0,W20,001,25.0,0.75,0.001,6,0.2,True,552,0.404971024707744,0.3397344837063237
C,2.0,W20,001,25.0,0.75,0.001,8,0.1,True,532,0.38492529800063685,0.33009117449584763
C,2.0,W20,001,25.0,0.75,0.001,8,0.2,True,552,0.404971024707744,0.3397344837063237
C,2.0,W20,001,25.0,0.75,0.001,10,0.1,True,532,0.38492529800063685,0.33009117449584763
C,2.0,W20,001,25.0,0.75,0.001,10,0.2,True,552,0.404971024707744,0.3397344837063237
C,2.0,W20,001,25.0,0.8,0.0005,6,0.1,True,567,0.4225625242841871,0.3469074403769092
C,2.0,W20,001,25.0,0.8,0.0005,6,0.2,True,569,0.42516053742484045,0.3478322727115531
C,2.0,W20,001,25.0,0.8,0.0005,8,0.1,True,567,0.4225625242841871,0.3469074403769092
C,2.0,W20,001,25.0,0.8,0.0005,8,0.2,True,569,0.42516053742484045,0.3478322727115531
C,2.0,W20,001,25.0,0.8,0.0005,10,0.1,True,567,0.4225625242841871,0.3469074403769092
C,2.0,W20,001,25.0,0.8,0.0005,10,0.2,True,569,0.42516053742484045,0.3478322727115531
C,2.0,W20,001,25.0,0.8,0.001,6,0.1,True,573,0.4304694768629576,0.34971590261710317
C,2.0,W20,001,25.0,0.8,0.001,6,0.2,False,,,
C,2.0,W20,001,25.0,0.8,0.001,8,0.1,True,573,0.4304694768629576,0.34971590261710317
C,2.0,W20,001,25.0,0.8,0.001,8,0.2,False,,,
C,2.0,W20,001,25.0,0.8,0.001,10,0.1,True,573,0.4304694768629576,0.34971590261710317
C,2.0,W20,001,25.0,0.8,0.001,10,0.2,False,,,
C,2.0,W20,002,15.0,0.7,0.0005,6,0.1,True,441,0.21253770676212033,0.19986432790756226
C,2.0,W20,002,15.0,0.7,0.0005,6,0.2,True,511,0.5000567842220914,0.4049068996007892
C,2.0,W20,002,15.0,0.7,0.0005,8,0.1,True,441,0.21253770676212033,0.19986432790756226
C,2.0,W20,002,15.0,0.7,0.0005,8,0.2,True,511,0.5000567842220914,0.4049068996007892
C,2.0,W20,002,15.0,0.7,0.0005,10,0.1,True,441,0.21253770676212033,0.19986432790756226
C,2.0,W20,002,15.0,0.7,0.0005,10,0.2,True,511,0.5000567842220914,0.4049068996007892
C,2.0,W20,002,15.0,0.7,0.001,6,0.1,True,481,0.2784917220689248,0.2687048510364864
C,2.0,W20,002,15.0,0.7,0.001,6,0.2,True,491,0.298149550738542,0.2884666759898697
C,2.0,W20,002,15.0,0.7,0.001,8,0.1,True,481,0.2784917220689248,0.2687048510364864
C,2.0,W20,002,15.0,0.7,0.001,8,0.2,True,491,0.298149550738542,0.2884666759898697
C,2.0,W20,002,15.0,0.7,0.001,10,0.1,True,481,0.2784917220689248,0.2687048510364864
C,2.0,W20,002,15.0,0.7,0.001,10,0.2,True,491,0.298149550738542,0.2884666759898697
C,2.0,W20,002,15.0,0.75,0.0005,6,0.1,True,471,0.2604004602501358,0.24977419752141702
C,2.0,W20,002,15.0,0.75,0.0005,6,0.2,True,471,0.2604004602501358,0.24977419752141702
C,2.0,W20,002,15.0,0.75,0.0005,8,0.1,True,511,0.5000567842220914,0.4049068996007892
C,2.0,W20,002,15.0,0.75,0.0005,8,0.2,True,511,0.5000567842220914,0.4049068996007892
C,2.0,W20,002,15.0,0.75,0.0005,10,0.1,True,511,0.5000567842220914,0.4049068996007892
C,2.0,W20,002,15.0,0.75,0.0005,10,0.2,True,511,0.5000567842220914,0.4049068996007892
C,2.0,W20,002,15.0,0.75,0.001,6,0.1,True,491,0.298149550738542,0.2884666759898697
C,2.0,W20,002,15.0,0.75,0.001,6,0.2,True,501,0.32012072335118835,0.3087450188139211
C,2.0,W20,002,15.0,0.75,0.001,8,0.1,True,491,0.298149550738542,0.2884666759898697
C,2.0,W20,002,15.0,0.75,0.001,8,0.2,True,501,0.32012072335118835,0.3087450188139211
C,2.0,W20,002,15.0,0.75,0.001,10,0.1,True,491,0.298149550738542,0.2884666759898697
C,2.0,W20,002,15.0,0.75,0.001,10,0.2,True,501,0.32012072335118835,0.3087450188139211
C,2.0,W20,002,15.0,0.8,0.0005,6,0.1,True,486,0.288071401309276,0.27848717483921326
C,2.0,W20,002,15.0,0.8,0.0005,6,0.2,True,486,0.288071401309276,0.27848717483921326
C,2.0,W20,002,15.0,0.8,0.0005,8,0.1,True,486,0.288071401309276,0.27848717483921326
C,2.0,W20,002,15.0,0.8,0.0005,8,0.2,True,486,0.288071401309276,0.27848717483921326
C,2.0,W20,002,15.0,0.8,0.0005,10,0.1,True,486,0.288071401309276,0.27848717483921326
C,2.0,W20,002,15.0,0.8,0.0005,10,0.2,True,486,0.288071401309276,0.27848717483921326
C,2.0,W20,002,15.0,0.8,0.001,6,0.1,True,506,0.33238435741783917,0.31884384587191156
C,2.0,W20,002,15.0,0.8,0.001,6,0.2,True,511,0.5000567842220914,0.4049068996007892
C,2.0,W20,002,15.0,0.8,0.001,8,0.1,True,506,0.33238435741783917,0.31884384587191156
C,2.0,W20,002,15.0,0.8,0.001,8,0.2,True,511,0.5000567842220914,0.4049068996007892
C,2.0,W20,002,15.0,0.8,0.001,10,0.1,True,506,0.33238435741783917,0.31884384587191156
C,2.0,W20,002,15.0,0.8,0.001,10,0.2,True,511,0.5000567842220914,0.4049068996007892
C,2.0,W20,002,20.0,0.7,0.0005,6,0.1,True,511,0.49364146296407135,0.3984431863670618
C,2.0,W20,002,20.0,0.7,0.0005,6,0.2,True,511,0.49364146296407135,0.3984431863670618
C,2.0,W20,002,20.0,0.7,0.0005,8,0.1,True,511,0.49364146296407135,0.3984431863670618
C,2.0,W20,002,20.0,0.7,0.0005,8,0.2,True,511,0.49364146296407135,0.3984431863670618
C,2.0,W20,002,20.0,0.7,0.0005,10,0.1,True,511,0.49364146296407135,0.3984431863670618
C,2.0,W20,002,20.0,0.7,0.0005,10,0.2,True,511,0.49364146296407135,0.3984431863670618
C,2.0,W20,002,20.0,0.7,0.001,6,0.1,True,491,0.2986205207629943,0.28863631965408865
C,2.0,W20,002,20.0,0.7,0.001,6,0.2,True,496,0.30935773085540447,0.29880542864262216
C,2.0,W20,002,20.0,0.7,0.001,8,0.1,True,491,0.2986205207629943,0.28863631965408865
C,2.0,W20,002,20.0,0.7,0.001,8,0.2,True,496,0.30935773085540447,0.29880542864262216
C,2.0,W20,002,20.0,0.7,0.001,10,0.1,True,491,0.2986205207629943,0.28863631965408865
C,2.0,W20,002,20.0,0.7,0.001,10,0.2,True,496,0.30935773085540447,0.29880542864262216
C,2.0,W20,002,20.0,0.75,0.0005,6,0.1,True,466,0.25214598338368915,0.24093831173131164
C,2.0,W20,002,20.0,0.75,0.0005,6,0.2,True,511,0.49364146296407135,0.3984431863670618
C,2.0,W20,002,20.0,0.75,0.0005,8,0.1,True,511,0.49364146296407135,0.3984431863670618
C,2.0,W20,002,20.0,0.75,0.0005,8,0.2,True,511,0.49364146296407135,0.3984431863670618
C,2.0,W20,002,20.0,0.75,0.0005,10,0.1,True,511,0.49364146296407135,0.3984431863670618
C,2.0,W20,002,20.0,0.75,0.0005,10,0.2,True,511,0.49364146296407135,0.3984431863670618
C,2.0,W20,002,20.0,0.75,0.001,6,0.1,True,501,0.32069925607090266,0.30903798257800896
C,2.0,W20,002,20.0,0.75,0.001,6,0.2,True,506,0.3329750723402265,0.3192289173603058
C,2.0,W20,002,20.0,0.75,0.001,8,0.1,True,501,0.32069925607090266,0.30903798257800896
C,2.0,W20,002,20.0,0.75,0.001,8,0.2,True,506,0.3329750723402265,0.3192289173603058
C,2.0,W20,002,20.0,0.75,0.001,10,0.1,True,501,0.32069925607090266,0.30903798257800896
C,2.0,W20,002,20.0,0.75,0.001,10,0.2,True,506,0.3329750723402265,0.3192289173603058
C,2.0,W20,002,20.0,0.8,0.0005,6,0.1,True,486,0.28848422287215647,0.2786347492479942
C,2.0,W20,002,20.0,0.8,0.0005,6,0.2,True,486,0.28848422287215647,0.2786347492479942
C,2.0,W20,002,20.0,0.8,0.0005,8,0.1,True,486,0.28848422287215647,0.2786347492479942
C,2.0,W20,002,20.0,0.8,0.0005,8,0.2,True,486,0.28848422287215647,0.2786347492479942
C,2.0,W20,002,20.0,0.8,0.0005,10,0.1,True,486,0.28848422287215647,0.2786347492479942
C,2.0,W20,002,20.0,0.8,0.0005,10,0.2,True,486,0.28848422287215647,0.2786347492479942
C,2.0,W20,002,20.0,0.8,0.001,6,0.1,True,511,0.49364146296407135,0.3984431863670618
C,2.0,W20,002,20.0,0.8,0.001,6,0.2,True,511,0.49364146296407135,0.3984431863670618
C,2.0,W20,002,20.0,0.8,0.001,8,0.1,True,511,0.49364146296407135,0.3984431863670618
C,2.0,W20,002,20.0,0.8,0.001,8,0.2,True,511,0.49364146296407135,0.3984431863670618
C,2.0,W20,002,20.0,0.8,0.001,10,0.1,True,511,0.49364146296407135,0.3984431863670618
C,2.0,W20,002,20.0,0.8,0.001,10,0.2,True,511,0.49364146296407135,0.3984431863670618
C,2.0,W20,002,25.0,0.7,0.0005,6,0.1,True,511,0.49364146296407135,0.3984431863670618
C,2.0,W20,002,25.0,0.7,0.0005,6,0.2,True,511,0.49364146296407135,0.3984431863670618
C,2.0,W20,002,25.0,0.7,0.0005,8,0.1,True,511,0.49364146296407135,0.3984431863670618
C,2.0,W20,002,25.0,0.7,0.0005,8,0.2,True,511,0.49364146296407135,0.3984431863670618
C,2.0,W20,002,25.0,0.7,0.0005,10,0.1,True,511,0.49364146296407135,0.3984431863670618
C,2.0,W20,002,25.0,0.7,0.0005,10,0.2,True,511,0.49364146296407135,0.3984431863670618
C,2.0,W20,002,25.0,0.7,0.001,6,0.1,True,506,0.3329750723402265,0.3192289173603058
C,2.0,W20,002,25.0,0.7,0.001,6,0.2,True,511,0.49364146296407135,0.3984431863670618
C,2.0,W20,002,25.0,0.7,0.001,8,0.1,True,506,0.3329750723402265,0.3192289173603058
C,2.0,W20,002,25.0,0.7,0.001,8,0.2,True,511,0.49364146296407135,0.3984431863670618
C,2.0,W20,002,25.0,0.7,0.001,10,0.1,True,506,0.3329750723402265,0.3192289173603058
C,2.0,W20,002,25.0,0.7,0.001,10,0.2,True,511,0.49364146296407135,0.3984431863670618
C,2.0,W20,002,25.0,0.75,0.0005,6,0.1,True,476,0.2696424349093101,0.2592654593393836
C,2.0,W20,002,25.0,0.75,0.0005,6,0.2,True,511,0.49364146296407135,0.3984431863670618
C,2.0,W20,002,25.0,0.75,0.0005,8,0.1,True,511,0.49364146296407135,0.3984431863670618
C,2.0,W20,002,25.0,0.75,0.0005,8,0.2,True,511,0.49364146296407135,0.3984431863670618
C,2.0,W20,002,25.0,0.75,0.0005,10,0.1,True,511,0.49364146296407135,0.3984431863670618
C,2.0,W20,002,25.0,0.75,0.0005,10,0.2,True,511,0.49364146296407135,0.3984431863670618
C,2.0,W20,002,25.0,0.75,0.001,6,0.1,True,511,0.49364146296407135,0.3984431863670618
C,2.0,W20,002,25.0,0.75,0.001,6,0.2,True,511,0.49364146296407135,0.3984431863670618
C,2.0,W20,002,25.0,0.75,0.001,8,0.1,True,511,0.49364146296407135,0.3984431863670618
C,2.0,W20,002,25.0,0.75,0.001,8,0.2,True,511,0.49364146296407135,0.3984431863670618
C,2.0,W20,002,25.0,0.75,0.001,10,0.1,True,511,0.49364146296407135,0.3984431863670618
C,2.0,W20,002,25.0,0.75,0.001,10,0.2,True,511,0.49364146296407135,0.3984431863670618
C,2.0,W20,002,25.0,0.8,0.0005,6,0.1,True,491,0.2986205207629943,0.28863631965408865
C,2.0,W20,002,25.0,0.8,0.0005,6,0.2,True,501,0.32069925607090266,0.30903798257800896
C,2.0,W20,002,25.0,0.8,0.0005,8,0.1,True,491,0.2986205207629943,0.28863631965408865
C,2.0,W20,002,25.0,0.8,0.0005,8,0.2,True,501,0.32069925607090266,0.30903798257800896
C,2.0,W20,002,25.0,0.8,0.0005,10,0.1,True,491,0.2986205207629943,0.28863631965408865
C,2.0,W20,002,25.0,0.8,0.0005,10,0.2,True,501,0.32069925607090266,0.30903798257800896
C,2.0,W20,002,25.0,0.8,0.001,6,0.1,True,511,0.49364146296407135,0.3984431863670618
C,2.0,W20,002,25.0,0.8,0.001,6,0.2,True,511,0.49364146296407135,0.3984431863670618
C,2.0,W20,002,25.0,0.8,0.001,8,0.1,True,511,0.49364146296407135,0.3984431863670618
C,2.0,W20,002,25.0,0.8,0.001,8,0.2,True,511,0.49364146296407135,0.3984431863670618
C,2.0,W20,002,25.0,0.8,0.001,10,0.1,True,511,0.49364146296407135,0.3984431863670618
C,2.0,W20,002,25.0,0.8,0.001,10,0.2,True,511,0.49364146296407135,0.3984431863670618
D,3.0,W02,001,15.0,0.7,0.0005,6,0.1,True,365,0.27318075444640183,-0.06027567541090453
D,3.0,W02,001,15.0,0.7,0.0005,6,0.2,True,365,0.27318075444640183,-0.06027567541090453
D,3.0,W02,001,15.0,0.7,0.0005,8,0.1,True,365,0.27318075444640183,-0.06027567541090453
D,3.0,W02,001,15.0,0.7,0.0005,8,0.2,True,365,0.27318075444640183,-0.06027567541090453
D,3.0,W02,001,15.0,0.7,0.0005,10,0.1,True,365,0.27318075444640183,-0.06027567541090453
D,3.0,W02,001,15.0,0.7,0.0005,10,0.2,True,365,0.27318075444640183,-0.06027567541090453
D,3.0,W02,001,15.0,0.7,0.001,6,0.1,True,345,0.24459768522803377,-0.051059570981235036
D,3.0,W02,001,15.0,0.7,0.001,6,0.2,True,370,0.28347211421989815,-0.06397925835193657
D,3.0,W02,001,15.0,0.7,0.001,8,0.1,True,345,0.24459768522803377,-0.051059570981235036
D,3.0,W02,001,15.0,0.7,0.001,8,0.2,True,370,0.28347211421989815,-0.06397925835193657
D,3.0,W02,001,15.0,0.7,0.001,10,0.1,True,345,0.24459768522803377,-0.051059570981235036
D,3.0,W02,001,15.0,0.7,0.001,10,0.2,True,370,0.28347211421989815,-0.06397925835193657
D,3.0,W02,001,15.0,0.75,0.0005,6,0.1,True,345,0.24459768522803377,-0.051059570981235036
D,3.0,W02,001,15.0,0.75,0.0005,6,0.2,True,370,0.28347211421989815,-0.06397925835193657
D,3.0,W02,001,15.0,0.75,0.0005,8,0.1,True,345,0.24459768522803377,-0.051059570981235036
D,3.0,W02,001,15.0,0.75,0.0005,8,0.2,True,370,0.28347211421989815,-0.06397925835193657
D,3.0,W02,001,15.0,0.75,0.0005,10,0.1,True,345,0.24459768522803377,-0.051059570981235036
D,3.0,W02,001,15.0,0.75,0.0005,10,0.2,True,370,0.28347211421989815,-0.06397925835193657
D,3.0,W02,001,15.0,0.75,0.001,6,0.1,True,370,0.28347211421989815,-0.06397925835193657
D,3.0,W02,001,15.0,0.75,0.001,6,0.2,True,370,0.28347211421989815,-0.06397925835193657
D,3.0,W02,001,15.0,0.75,0.001,8,0.1,True,370,0.28347211421989815,-0.06397925835193657
D,3.0,W02,001,15.0,0.75,0.001,8,0.2,True,370,0.28347211421989815,-0.06397925835193657
D,3.0,W02,001,15.0,0.75,0.001,10,0.1,True,370,0.28347211421989815,-0.06397925835193657
D,3.0,W02,001,15.0,0.75,0.001,10,0.2,True,370,0.28347211421989815,-0.06397925835193657
D,3.0,W02,001,15.0,0.8,0.0005,6,0.1,True,370,0.28347211421989815,-0.06397925835193657
D,3.0,W02,001,15.0,0.8,0.0005,6,0.2,True,370,0.28347211421989815,-0.06397925835193657
D,3.0,W02,001,15.0,0.8,0.0005,8,0.1,True,370,0.28347211421989815,-0.06397925835193657
D,3.0,W02,001,15.0,0.8,0.0005,8,0.2,True,370,0.28347211421989815,-0.06397925835193657
D,3.0,W02,001,15.0,0.8,0.0005,10,0.1,True,370,0.28347211421989815,-0.06397925835193657
D,3.0,W02,001,15.0,0.8,0.0005,10,0.2,True,370,0.28347211421989815,-0.06397925835193657
D,3.0,W02,001,15.0,0.8,0.001,6,0.1,True,370,0.28347211421989815,-0.06397925835193657
D,3.0,W02,001,15.0,0.8,0.001,6,0.2,True,375,0.29612110882270626,-0.06874573503325625
D,3.0,W02,001,15.0,0.8,0.001,8,0.1,True,370,0.28347211421989815,-0.06397925835193657
D,3.0,W02,001,15.0,0.8,0.001,8,0.2,True,375,0.29612110882270626,-0.06874573503325625
D,3.0,W02,001,15.0,0.8,0.001,10,0.1,True,370,0.28347211421989815,-0.06397925835193657
D,3.0,W02,001,15.0,0.8,0.001,10,0.2,True,375,0.29612110882270626,-0.06874573503325625
D,3.0,W02,001,20.0,0.7,0.0005,6,0.1,True,414,0.42327689234312477,-0.10252323050003548
D,3.0,W02,001,20.0,0.7,0.0005,6,0.2,True,422,0.46898415336361177,-0.10703656193497893
D,3.0,W02,001,20.0,0.7,0.0005,8,0.1,False,,,
D,3.0,W02,001,20.0,0.7,0.0005,8,0.2,False,,,
D,3.0,W02,001,20.0,0.7,0.0005,10,0.1,False,,,
D,3.0,W02,001,20.0,0.7,0.0005,10,0.2,False,,,
D,3.0,W02,001,20.0,0.7,0.001,6,0.1,True,394,0.3459855081973138,-0.08536197283825317
D,3.0,W02,001,20.0,0.7,0.001,6,0.2,True,396,0.3519082677054715,-0.08723201225330303
D,3.0,W02,001,20.0,0.7,0.001,8,0.1,True,394,0.3459855081973138,-0.08536197283825317
D,3.0,W02,001,20.0,0.7,0.001,8,0.2,True,396,0.3519082677054715,-0.08723201225330303
D,3.0,W02,001,20.0,0.7,0.001,10,0.1,True,394,0.3459855081973138,-0.08536197283825317
D,3.0,W02,001,20.0,0.7,0.001,10,0.2,True,396,0.3519082677054715,-0.08723201225330303
D,3.0,W02,001,20.0,0.75,0.0005,6,0.1,True,365,0.27318624629602806,-0.060254640006399775
D,3.0,W02,001,20.0,0.75,0.0005,6,0.2,True,365,0.27318624629602806,-0.060254640006399775
D,3.0,W02,001,20.0,0.75,0.0005,8,0.1,True,365,0.27318624629602806,-0.060254640006399775
D,3.0,W02,001,20.0,0.75,0.0005,8,0.2,True,365,0.27318624629602806,-0.060254640006399775
D,3.0,W02,001,20.0,0.75,0.0005,10,0.1,True,365,0.27318624629602806,-0.060254640006399775
D,3.0,W02,001,20.0,0.75,0.0005,10,0.2,True,365,0.27318624629602806,-0.060254640006399775
D,3.0,W02,001,20.0,0.75,0.001,6,0.1,True,340,0.23350142271487745,-0.04640280697252843
D,3.0,W02,001,20.0,0.75,0.001,6,0.2,True,370,0.28349543701518665,-0.06397000690559287
D,3.0,W02,001,20.0,0.75,0.001,8,0.1,True,340,0.23350142271487745,-0.04640280697252843
D,3.0,W02,001,20.0,0.75,0.001,8,0.2,True,370,0.28349543701518665,-0.06397000690559287
D,3.0,W02,001,20.0,0.75,0.001,10,0.1,True,340,0.23350142271487745,-0.04640280697252843
D,3.0,W02,001,20.0,0.75,0.001,10,0.2,True,370,0.28349543701518665,-0.06397000690559287
D,3.0,W02,001,20.0,0.8,0.0005,6,0.1,True,345,0.24460407491628225,-0.05104777613630543
D,3.0,W02,001,20.0,0.8,0.0005,6,0.2,True,370,0.28349543701518665,-0.06397000690559287
D,3.0,W02,001,20.0,0.8,0.0005,8,0.1,True,345,0.24460407491628225,-0.05104777613630543
D,3.0,W02,001,20.0,0.8,0.0005,8,0.2,True,370,0.28349543701518665,-0.06397000690559287
D,3.0,W02,001,20.0,0.8,0.0005,10,0.1,True,345,0.24460407491628225,-0.05104777613630543
D,3.0,W02,001,20.0,0.8,0.0005,10,0.2,True,370,0.28349543701518665,-0.06397000690559287
D,3.0,W02,001,20.0,0.8,0.001,6,0.1,True,370,0.28349543701518665,-0.06397000690559287
D,3.0,W02,001,20.0,0.8,0.001,6,0.2,True,375,0.296173556284471,-0.06874573163010857
D,3.0,W02,001,20.0,0.8,0.001,8,0.1,True,370,0.28349543701518665,-0.06397000690559287
D,3.0,W02,001,20.0,0.8,0.001,8,0.2,True,375,0.296173556284471,-0.06874573163010857
D,3.0,W02,001,20.0,0.8,0.001,10,0.1,True,370,0.28349543701518665,-0.06397000690559287
D,3.0,W02,001,20.0,0.8,0.001,10,0.2,True,375,0.296173556284471,-0.06874573163010857
D,3.0,W02,001,25.0,0.7,0.0005,6,0.1,True,414,0.42327689234312477,-0.10252323050003548
D,3.0,W02,001,25.0,0.7,0.0005,6,0.2,True,422,0.46898415336361177,-0.10703656193497893
D,3.0,W02,001,25.0,0.7,0.0005,8,0.1,False,,,
D,3.0,W02,001,25.0,0.7,0.0005,8,0.2,False,,,
D,3.0,W02,001,25.0,0.7,0.0005,10,0.1,False,,,
D,3.0,W02,001,25.0,0.7,0.0005,10,0.2,False,,,
D,3.0,W02,001,25.0,0.7,0.001,6,0.1,True,394,0.3459855081973138,-0.08536197283825317
D,3.0,W02,001,25.0,0.7,0.001,6,0.2,True,396,0.3519082677054715,-0.08723201225330303
D,3.0,W02,001,25.0,0.7,0.001,8,0.1,True,394,0.3459855081973138,-0.08536197283825317
D,3.0,W02,001,25.0,0.7,0.001,8,0.2,True,396,0.3519082677054715,-0.08723201225330303
D,3.0,W02,001,25.0,0.7,0.001,10,0.1,True,394,0.3459855081973138,-0.08536197283825317
D,3.0,W02,001,25.0,0.7,0.001,10,0.2,True,396,0.3519082677054715,-0.08723201225330303
D,3.0,W02,001,25.0,0.75,0.0005,6,0.1,True,365,0.27318624629602806,-0.060254640006399775
D,3.0,W02,001,25.0,0.75,0.0005,6,0.2,True,365,0.27318624629602806,-0.060254640006399775
D,3.0,W02,001,25.0,0.75,0.0005,8,0.1,True,365,0.27318624629602806,-0.060254640006399775
D,3.0,W02,001,25.0,0.75,0.0005,8,0.2,True,365,0.27318624629602806,-0.060254640006399775
D,3.0,W02,001,25.0,0.75,0.0005,10,0.1,True,365,0.27318624629602806,-0.060254640006399775
D,3.0,W02,001,25.0,0.75,0.0005,10,0.2,True,365,0.27318624629602806,-0.060254640006399775
D,3.0,W02,001,25.0,0.75,0.001,6,0.1,True,340,0.23350142271487745,-0.04640280697252843
D,3.0,W02,001,25.0,0.75,0.001,6,0.2,True,370,0.28349543701518665,-0.06397000690559287
D,3.0,W02,001,25.0,0.75,0.001,8,0.1,True,340,0.23350142271487745,-0.04640280697252843
D,3.0,W02,001,25.0,0.75,0.001,8,0.2,True,370,0.28349543701518665,-0.06397000690559287
D,3.0,W02,001,25.0,0.75,0.001,10,0.1,True,340,0.23350142271487745,-0.04640280697252843
D,3.0,W02,001,25.0,0.75,0.001,10,0.2,True,370,0.28349543701518665,-0.06397000690559287
D,3.0,W02,001,25.0,0.8,0.0005,6,0.1,True,345,0.24460407491628225,-0.05104777613630543
D,3.0,W02,001,25.0,0.8,0.0005,6,0.2,True,370,0.28349543701518665,-0.06397000690559287
D,3.0,W02,001,25.0,0.8,0.0005,8,0.1,True,345,0.24460407491628225,-0.05104777613630543
D,3.0,W02,001,25.0,0.8,0.0005,8,0.2,True,370,0.28349543701518665,-0.06397000690559287
D,3.0,W02,001,25.0,0.8,0.0005,10,0.1,True,345,0.24460407491628225,-0.05104777613630543
D,3.0,W02,001,25.0,0.8,0.0005,10,0.2,True,370,0.28349543701518665,-0.06397000690559287
D,3.0,W02,001,25.0,0.8,0.001,6,0.1,True,370,0.28349543701518665,-0.06397000690559287
D,3.0,W02,001,25.0,0.8,0.001,6,0.2,True,375,0.296173556284471,-0.06874573163010857
D,3.0,W02,001,25.0,0.8,0.001,8,0.1,True,370,0.28349543701518665,-0.06397000690559287
D,3.0,W02,001,25.0,0.8,0.001,8,0.2,True,375,0.296173556284471,-0.06874573163010857
D,3.0,W02,001,25.0,0.8,0.001,10,0.1,True,370,0.28349543701518665,-0.06397000690559287
D,3.0,W02,001,25.0,0.8,0.001,10,0.2,True,375,0.296173556284471,-0.06874573163010857
D,3.0,W02,002,15.0,0.7,0.0005,6,0.1,True,402,0.3654048065823245,-0.08929227238678071
D,3.0,W02,002,15.0,0.7,0.0005,6,0.2,True,403,0.36885293097381133,-0.0902209784611162
D,3.0,W02,002,15.0,0.7,0.0005,8,0.1,True,402,0.3654048065823245,-0.08929227238678071
D,3.0,W02,002,15.0,0.7,0.0005,8,0.2,True,403,0.36885293097381133,-0.0902209784611162
D,3.0,W02,002,15.0,0.7,0.0005,10,0.1,True,402,0.3654048065823245,-0.08929227238678071
D,3.0,W02,002,15.0,0.7,0.0005,10,0.2,True,403,0.36885293097381133,-0.0902209784611162
D,3.0,W02,002,15.0,0.7,0.001,6,0.1,True,404,0.3723802562937679,-0.09105573145740004
D,3.0,W02,002,15.0,0.7,0.001,6,0.2,True,406,0.38012676246194954,-0.09276737703616361
D,3.0,W02,002,15.0,0.7,0.001,8,0.1,True,404,0.3723802562937679,-0.09105573145740004
D,3.0,W02,002,15.0,0.7,0.001,8,0.2,True,406,0.38012676246194954,-0.09276737703616361
D,3.0,W02,002,15.0,0.7,0.001,10,0.1,True,404,0.3723802562937679,-0.09105573145740004
D,3.0,W02,002,15.0,0.7,0.001,10,0.2,True,406,0.38012676246194954,-0.09276737703616361
D,3.0,W02,002,15.0,0.75,0.0005,6,0.1,True,378,0.29950805600867214,-0.06901185151683278
D,3.0,W02,002,15.0,0.75,0.0005,6,0.2,True,383,0.31158846149961633,-0.07262674656259008
D,3.0,W02,002,15.0,0.75,0.0005,8,0.1,True,378,0.29950805600867214,-0.06901185151683278
D,3.0,W02,002,15.0,0.75,0.0005,8,0.2,True,383,0.31158846149961633,-0.07262674656259008
D,3.0,W02,002,15.0,0.75,0.0005,10,0.1,True,378,0.29950805600867214,-0.06901185151683278
D,3.0,W02,002,15.0,0.75,0.0005,10,0.2,True,383,0.31158846149961633,-0.07262674656259008
D,3.0,W02,002,15.0,0.75,0.001,6,0.1,True,343,0.23518226968954845,-0.046466047684830356
D,3.0,W02,002,15.0,0.75,0.001,6,0.2,True,353,0.2511276137757014,-0.05193973431386143
D,3.0,W02,002,15.0,0.75,0.001,8,0.1,True,343,0.23518226968954845,-0.046466047684830356
D,3.0,W02,002,15.0,0.75,0.001,8,0.2,True,353,0.2511276137757014,-0.05193973431386143
D,3.0,W02,002,15.0,0.75,0.001,10,0.1,True,343,0.23518226968954845,-0.046466047684830356
D,3.0,W02,002,15.0,0.75,0.001,10,0.2,True,353,0.2511276137757014,-0.05193973431386143
D,3.0,W02,002,15.0,0.8,0.0005,6,0.1,True,373,0.2872217240103756,-0.06436706415141921
D,3.0,W02,002,15.0,0.8,0.0005,6,0.2,True,378,0.29950805600867214,-0.06901185151683278
D,3.0,W02,002,15.0,0.8,0.0005,8,0.1,True,373,0.2872217240103756,-0.06436706415141921
D,3.0,W02,002,15.0,0.8,0.0005,8,0.2,True,378,0.29950805600867214,-0.06901185151683278
D,3.0,W02,002,15.0,0.8,0.0005,10,0.1,True,373,0.2872217240103756,-0.06436706415141921
D,3.0,W02,002,15.0,0.8,0.0005,10,0.2,True,378,0.29950805600867214,-0.06901185151683278
D,3.0,W02,002,15.0,0.8,0.001,6,0.1,True,343,0.23518226968954845,-0.046466047684830356
D,3.0,W02,002,15.0,0.8,0.001,6,0.2,True,343,0.23518226968954845,-0.046466047684830356
D,3.0,W02,002,15.0,0.8,0.001,8,0.1,True,343,0.23518226968954845,-0.046466047684830356
D,3.0,W02,002,15.0,0.8,0.001,8,0.2,True,343,0.23518226968954845,-0.046466047684830356
D,3.0,W02,002,15.0,0.8,0.001,10,0.1,True,343,0.23518226968954845,-0.046466047684830356
D,3.0,W02,002,15.0,0.8,0.001,10,0.2,True,343,0.23518226968954845,-0.046466047684830356
D,3.0,W02,002,20.0,0.7,0.0005,6,0.1,True,338,0.23033451785643896,-0.04530299779696342
D,3.0,W02,002,20.0,0.7,0.0005,6,0.2,True,338,0.23033451785643896,-0.04530299779696342
D,3.0,W02,002,20.0,0.7,0.0005,8,0.1,True,414,0.4172049065430959,-0.09899611255297294
D,3.0,W02,002,20.0,0.7,0.0005,8,0.2,True,418,0.43845396278760373,-0.10148785186883731
D,3.0,W02,002,20.0,0.7,0.0005,10,0.1,True,414,0.4172049065430959,-0.09899611255297294
D,3.0,W02,002,20.0,0.7,0.0005,10,0.2,False,,,
D,3.0,W02,002,20.0,0.7,0.001,6,0.1,False,,,
D,3.0,W02,002,20.0,0.7,0.001,6,0.2,False,,,
D,3.0,W02,002,20.0,0.7,0.001,8,0.1,False,,,
D,3.0,W02,002,20.0,0.7,0.001,8,0.2,False,,,
D,3.0,W02,002,20.0,0.7,0.001,10,0.1,False,,,
D,3.0,W02,002,20.0,0.7,0.001,10,0.2,False,,,
D,3.0,W02,002,20.0,0.75,0.0005,6,0.1,True,409,0.39295264505423033,-0.09532950703914349
D,3.0,W02,002,20.0,0.75,0.0005,6,0.2,True,410,0.3975659769314986,-0.09606415530045827
D,3.0,W02,002,20.0,0.75,0.0005,8,0.1,True,409,0.39295264505423033,-0.09532950703914349
D,3.0,W02,002,20.0,0.75,0.0005,8,0.2,True,410,0.3975659769314986,-0.09606415530045827
D,3.0,W02,002,20.0,0.75,0.0005,10,0.1,True,409,0.39295264505423033,-0.09532950703914349
D,3.0,W02,002,20.0,0.75,0.0005,10,0.2,True,410,0.3975659769314986,-0.09606415530045827
D,3.0,W02,002,20.0,0.75,0.001,6,0.1,True,388,0.32451091362879825,-0.0769413669521992
D,3.0,W02,002,20.0,0.75,0.001,6,0.2,True,391,0.33266289646808916,-0.07962930555909108
D,3.0,W02,002,20.0,0.75,0.001,8,0.1,True,388,0.32451091362879825,-0.0769413669521992
D,3.0,W02,002,20.0,0.75,0.001,8,0.2,True,391,0.33266289646808916,-0.07962930555909108
D,3.0,W02,002,20.0,0.75,0.001,10,0.1,True,388,0.32451091362879825,-0.0769413669521992
D,3.0,W02,002,20.0,0.75,0.001,10,0.2,True,391,0.33266289646808916,-0.07962930555909108
D,3.0,W02,002,20.0,0.8,0.0005,6,0.1,True,383,0.3117082222149922,-0.072727588029244
D,3.0,W02,002,20.0,0.8,0.0005,6,0.2,True,383,0.3117082222149922,-0.072727588029244
D,3.0,W02,002,20.0,0.8,0.0005,8,0.1,True,383,0.3117082222149922,-0.072727588029244
D,3.0,W02,002,20.0,0.8,0.0005,8,0.2,True,383,0.3117082222149922,-0.072727588029244
D,3.0,W02,002,20.0,0.8,0.0005,10,0.1,True,383,0.3117082222149922,-0.072727588029244
D,3.0,W02,002,20.0,0.8,0.0005,10,0.2,True,383,0.3117082222149922,-0.072727588029244
D,3.0,W02,002,20.0,0.8,0.001,6,0.1,True,343,0.2351966775380648,-0.04651546239470824
D,3.0,W02,002,20.0,0.8,0.001,6,0.2,True,353,0.2511846027695216,-0.05202943077072119
D,3.0,W02,002,20.0,0.8,0.001,8,0.1,True,343,0.2351966775380648,-0.04651546239470824
D,3.0,W02,002,20.0,0.8,0.001,8,0.2,True,353,0.2511846027695216,-0.05202943077072119
D,3.0,W02,002,20.0,0.8,0.001,10,0.1,True,343,0.2351966775380648,-0.04651546239470824
D,3.0,W02,002,20.0,0.8,0.001,10,0.2,True,353,0.2511846027695216,-0.05202943077072119
D,3.0,W02,002,25.0,0.7,0.0005,6,0.1,True,338,0.23033451785643896,-0.04530299779696342
D,3.0,W02,002,25.0,0.7,0.0005,6,0.2,True,338,0.23033451785643896,-0.04530299779696342
D,3.0,W02,002,25.0,0.7,0.0005,8,0.1,True,414,0.4172049065430959,-0.09899611255297294
D,3.0,W02,002,25.0,0.7,0.0005,8,0.2,True,418,0.43845396278760373,-0.10148785186883731
D,3.0,W02,002,25.0,0.7,0.0005,10,0.1,True,414,0.4172049065430959,-0.09899611255297294
D,3.0,W02,002,25.0,0.7,0.0005,10,0.2,False,,,
D,3.0,W02,002,25.0,0.7,0.001,6,0.1,False,,,
D,3.0,W02,002,25.0,0.7,0.001,6,0.2,False,,,
D,3.0,W02,002,25.0,0.7,0.001,8,0.1,False,,,
D,3.0,W02,002,25.0,0.7,0.001,8,0.2,False,,,
D,3.0,W02,002,25.0,0.7,0.001,10,0.1,False,,,
D,3.0,W02,002,25.0,0.7,0.001,10,0.2,False,,,
D,3.0,W02,002,25.0,0.75,0.0005,6,0.1,True,409,0.39295264505423033,-0.09532950703914349
D,3.0,W02,002,25.0,0.75,0.0005,6,0.2,True,410,0.3975659769314986,-0.09606415530045827
D,3.0,W02,002,25.0,0.75,0.0005,8,0.1,True,409,0.39295264505423033,-0.09532950703914349
D,3.0,W02,002,25.0,0.75,0.0005,8,0.2,True,410,0.3975659769314986,-0.09606415530045827
D,3.0,W02,002,25.0,0.75,0.0005,10,0.1,True,409,0.39295264505423033,-0.09532950703914349
D,3.0,W02,002,25.0,0.75,0.0005,10,0.2,True,410,0.3975659769314986,-0.09606415530045827
D,3.0,W02,002,25.0,0.75,0.001,6,0.1,True,388,0.32451091362879825,-0.0769413669521992
D,3.0,W02,002,25.0,0.75,0.001,6,0.2,True,391,0.33266289646808916,-0.07962930555909108
D,3.0,W02,002,25.0,0.75,0.001,8,0.1,True,388,0.32451091362879825,-0.0769413669521992
D,3.0,W02,002,25.0,0.75,0.001,8,0.2,True,391,0.33266289646808916,-0.07962930555909108
D,3.0,W02,002,25.0,0.75,0.001,10,0.1,True,388,0.32451091362879825,-0.0769413669521992
D,3.0,W02,002,25.0,0.75,0.001,10,0.2,True,391,0.33266289646808916,-0.07962930555909108
D,3.0,W02,002,25.0,0.8,0.0005,6,0.1,True,383,0.3117082222149922,-0.072727588029244
D,3.0,W02,002,25.0,0.8,0.0005,6,0.2,True,383,0.3117082222149922,-0.072727588029244
D,3.0,W02,002,25.0,0.8,0.0005,8,0.1,True,383,0.3117082222149922,-0.072727588029244
D,3.0,W02,002,25.0,0.8,0.0005,8,0.2,True,383,0.3117082222149922,-0.072727588029244
D,3.0,W02,002,25.0,0.8,0.0005,10,0.1,True,383,0.3117082222149922,-0.072727588029244
D,3.0,W02,002,25.0,0.8,0.0005,10,0.2,True,383,0.3117082222149922,-0.072727588029244
D,3.0,W02,002,25.0,0.8,0.001,6,0.1,True,343,0.2351966775380648,-0.04651546239470824
D,3.0,W02,002,25.0,0.8,0.001,6,0.2,True,353,0.2511846027695216,-0.05202943077072119
D,3.0,W02,002,25.0,0.8,0.001,8,0.1,True,343,0.2351966775380648,-0.04651546239470824
D,3.0,W02,002,25.0,0.8,0.001,8,0.2,True,353,0.2511846027695216,-0.05202943077072119
D,3.0,W02,002,25.0,0.8,0.001,10,0.1,True,343,0.2351966775380648,-0.04651546239470824
D,3.0,W02,002,25.0,0.8,0.001,10,0.2,True,353,0.2511846027695216,-0.05202943077072119
D,3.0,W05,001,15.0,0.7,0.0005,6,0.1,True,405,0.2603219029934783,-0.01573769865851653
D,3.0,W05,001,15.0,0.7,0.0005,6,0.2,True,405,0.2603219029934783,-0.01573769865851653
D,3.0,W05,001,15.0,0.7,0.0005,8,0.1,True,405,0.2603219029934783,-0.01573769865851653
D,3.0,W05,001,15.0,0.7,0.0005,8,0.2,True,405,0.2603219029934783,-0.01573769865851653
D,3.0,W05,001,15.0,0.7,0.0005,10,0.1,True,405,0.2603219029934783,-0.01573769865851653
D,3.0,W05,001,15.0,0.7,0.0005,10,0.2,True,405,0.2603219029934783,-0.01573769865851653
D,3.0,W05,001,15.0,0.7,0.001,6,0.1,True,410,0.27216625488118124,-0.018538806293355792
D,3.0,W05,001,15.0,0.7,0.001,6,0.2,True,424,0.293606840858334,-0.022031954636699276
D,3.0,W05,001,15.0,0.7,0.001,8,0.1,True,410,0.27216625488118124,-0.018538806293355792
D,3.0,W05,001,15.0,0.7,0.001,8,0.2,True,424,0.293606840858334,-0.022031954636699276
D,3.0,W05,001,15.0,0.7,0.001,10,0.1,True,410,0.27216625488118124,-0.018538806293355792
D,3.0,W05,001,15.0,0.7,0.001,10,0.2,True,424,0.293606840858334,-0.022031954636699276
D,3.0,W05,001,15.0,0.75,0.0005,6,0.1,True,426,0.29821888827963877,-0.023016578468837236
D,3.0,W05,001,15.0,0.75,0.0005,6,0.2,True,426,0.29821888827963877,-0.023016578468837236
D,3.0,W05,001,15.0,0.75,0.0005,8,0.1,True,426,0.29821888827963877,-0.023016578468837236
D,3.0,W05,001,15.0,0.75,0.0005,8,0.2,True,426,0.29821888827963877,-0.023016578468837236
D,3.0,W05,001,15.0,0.75,0.0005,10,0.1,True,426,0.29821888827963877,-0.023016578468837236
D,3.0,W05,001,15.0,0.75,0.0005,10,0.2,True,426,0.29821888827963877,-0.023016578468837236
D,3.0,W05,001,15.0,0.75,0.001,6,0.1,True,410,0.27216625488118124,-0.018538806293355792
D,3.0,W05,001,15.0,0.75,0.001,6,0.2,True,424,0.293606840858334,-0.022031954636699276
D,3.0,W05,001,15.0,0.75,0.001,8,0.1,True,410,0.27216625488118124,-0.018538806293355792
D,3.0,W05,001,15.0,0.75,0.001,8,0.2,True,424,0.293606840858334,-0.022031954636699276
D,3.0,W05,001,15.0,0.75,0.001,10,0.1,True,410,0.27216625488118124,-0.018538806293355792
D,3.0,W05,001,15.0,0.75,0.001,10,0.2,True,424,0.293606840858334,-0.022031954636699276
D,3.0,W05,001,15.0,0.8,0.0005,6,0.1,True,410,0.27216625488118124,-0.018538806293355792
D,3.0,W05,001,15.0,0.8,0.0005,6,0.2,True,410,0.27216625488118124,-0.018538806293355792
D,3.0,W05,001,15.0,0.8,0.0005,8,0.1,True,410,0.27216625488118124,-0.018538806293355792
D,3.0,W05,001,15.0,0.8,0.0005,8,0.2,True,410,0.27216625488118124,-0.018538806293355792
D,3.0,W05,001,15.0,0.8,0.0005,10,0.1,True,410,0.27216625488118124,-0.018538806293355792
D,3.0,W05,001,15.0,0.8,0.0005,10,0.2,True,410,0.27216625488118124,-0.018538806293355792
D,3.0,W05,001,15.0,0.8,0.001,6,0.1,True,410,0.27216625488118124,-0.018538806293355792
D,3.0,W05,001,15.0,0.8,0.001,6,0.2,True,425,0.2958267570326203,-0.022524702901902952
D,3.0,W05,001,15.0,0.8,0.001,8,0.1,True,410,0.27216625488118124,-0.018538806293355792
D,3.0,W05,001,15.0,0.8,0.001,8,0.2,True,425,0.2958267570326203,-0.022524702901902952
D,3.0,W05,001,15.0,0.8,0.001,10,0.1,True,410,0.27216625488118124,-0.018538806293355792
D,3.0,W05,001,15.0,0.8,0.001,10,0.2,True,425,0.2958267570326203,-0.022524702901902952
D,3.0,W05,001,20.0,0.7,0.0005,6,0.1,True,405,0.2600772259266753,-0.015757807873581584
D,3.0,W05,001,20.0,0.7,0.0005,6,0.2,True,415,0.2812975292143069,-0.020299321334612996
D,3.0,W05,001,20.0,0.7,0.0005,8,0.1,True,405,0.2600772259266753,-0.015757807873581584
D,3.0,W05,001,20.0,0.7,0.0005,8,0.2,True,415,0.2812975292143069,-0.020299321334612996
D,3.0,W05,001,20.0,0.7,0.0005,10,0.1,True,405,0.2600772259266753,-0.015757807873581584
D,3.0,W05,001,20.0,0.7,0.0005,10,0.2,True,415,0.2812975292143069,-0.020299321334612996
D,3.0,W05,001,20.0,0.7,0.001,6,0.1,True,410,0.2718786899196474,-0.018530140974019702
D,3.0,W05,001,20.0,0.7,0.001,6,0.2,True,424,0.2936489421286081,-0.022157935719741017
D,3.0,W05,001,20.0,0.7,0.001,8,0.1,True,410,0.2718786899196474,-0.018530140974019702
D,3.0,W05,001,20.0,0.7,0.001,8,0.2,True,424,0.2936489421286081,-0.022157935719741017
D,3.0,W05,001,20.0,0.7,0.001,10,0.1,True,410,0.2718786899196474,-0.018530140974019702
D,3.0,W05,001,20.0,0.7,0.001,10,0.2,True,424,0.2936489421286081,-0.022157935719741017
D,3.0,W05,001,20.0,0.75,0.0005,6,0.1,True,410,0.2718786899196474,-0.018530140974019702
D,3.0,W05,001,20.0,0.75,0.0005,6,0.2,True,415,0.2812975292143069,-0.020299321334612996
D,3.0,W05,001,20.0,0.75,0.0005,8,0.1,True,410,0.2718786899196474,-0.018530140974019702
D,3.0,W05,001,20.0,0.75,0.0005,8,0.2,True,415,0.2812975292143069,-0.020299321334612996
D,3.0,W05,001,20.0,0.75,0.0005,10,0.1,True,410,0.2718786899196474,-0.018530140974019702
D,3.0,W05,001,20.0,0.75,0.0005,10,0.2,True,415,0.2812975292143069,-0.020299321334612996
D,3.0,W05,001,20.0,0.75,0.001,6,0.1,True,415,0.2812975292143069,-0.020299321334612996
D,3.0,W05,001,20.0,0.75,0.001,6,0.2,True,425,0.2958752387448361,-0.022655073161187925
D,3.0,W05,001,20.0,0.75,0.001,8,0.1,True,415,0.2812975292143069,-0.020299321334612996
D,3.0,W05,001,20.0,0.75,0.001,8,0.2,True,425,0.2958752387448361,-0.022655073161187925
D,3.0,W05,001,20.0,0.75,0.001,10,0.1,True,415,0.2812975292143069,-0.020299321334612996
D,3.0,W05,001,20.0,0.75,0.001,10,0.2,True,425,0.2958752387448361,-0.022655073161187925
D,3.0,W05,001,20.0,0.8,0.0005,6,0.1,True,410,0.2718786899196474,-0.018530140974019702
D,3.0,W05,001,20.0,0.8,0.0005,6,0.2,True,415,0.2812975292143069,-0.020299321334612996
D,3.0,W05,001,20.0,0.8,0.0005,8,0.1,True,410,0.2718786899196474,-0.018530140974019702
D,3.0,W05,001,20.0,0.8,0.0005,8,0.2,True,415,0.2812975292143069,-0.020299321334612996
D,3.0,W05,001,20.0,0.8,0.0005,10,0.1,True,410,0.2718786899196474,-0.018530140974019702
D,3.0,W05,001,20.0,0.8,0.0005,10,0.2,True,415,0.2812975292143069,-0.020299321334612996
D,3.0,W05,001,20.0,0.8,0.001,6,0.1,True,415,0.2812975292143069,-0.020299321334612996
D,3.0,W05,001,20.0,0.8,0.001,6,0.2,True,425,0.2958752387448361,-0.022655073161187925
D,3.0,W05,001,20.0,0.8,0.001,8,0.1,True,415,0.2812975292143069,-0.020299321334612996
D,3.0,W05,001,20.0,0.8,0.001,8,0.2,True,425,0.2958752387448361,-0.022655073161187925
D,3.0,W05,001,20.0,0.8,0.001,10,0.1,True,415,0.2812975292143069,-0.020299321334612996
D,3.0,W05,001,20.0,0.8,0.001,10,0.2,True,425,0.2958752387448361,-0.022655073161187925
D,3.0,W05,001,25.0,0.7,0.0005,6,0.1,True,410,0.2718786899196474,-0.018530140974019702
D,3.0,W05,001,25.0,0.7,0.0005,6,0.2,True,415,0.2812975292143069,-0.020299321334612996
D,3.0,W05,001,25.0,0.7,0.0005,8,0.1,True,410,0.2718786899196474,-0.018530140974019702
D,3.0,W05,001,25.0,0.7,0.0005,8,0.2,True,415,0.2812975292143069,-0.020299321334612996
D,3.0,W05,001,25.0,0.7,0.0005,10,0.1,True,410,0.2718786899196474,-0.018530140974019702
D,3.0,W05,001,25.0,0.7,0.0005,10,0.2,True,415,0.2812975292143069,-0.020299321334612996
D,3.0,W05,001,25.0,0.7,0.001,6,0.1,True,415,0.2812975292143069,-0.020299321334612996
D,3.0,W05,001,25.0,0.7,0.001,6,0.2,True,424,0.2936489421286081,-0.022157935719741017
D,3.0,W05,001,25.0,0.7,0.001,8,0.1,True,415,0.2812975292143069,-0.020299321334612996
D,3.0,W05,001,25.0,0.7,0.001,8,0.2,True,424,0.2936489421286081,-0.022157935719741017
D,3.0,W05,001,25.0,0.7,0.001,10,0.1,True,415,0.2812975292143069,-0.020299321334612996
D,3.0,W05,001,25.0,0.7,0.001,10,0.2,True,424,0.2936489421286081,-0.022157935719741017
D,3.0,W05,001,25.0,0.75,0.0005,6,0.1,True,415,0.2812975292143069,-0.020299321334612996
D,3.0,W05,001,25.0,0.75,0.0005,6,0.2,True,415,0.2812975292143069,-0.020299321334612996
D,3.0,W05,001,25.0,0.75,0.0005,8,0.1,True,415,0.2812975292143069,-0.020299321334612996
D,3.0,W05,001,25.0,0.75,0.0005,8,0.2,True,415,0.2812975292143069,-0.020299321334612996
D,3.0,W05,001,25.0,0.75,0.0005,10,0.1,True,415,0.2812975292143069,-0.020299321334612996
D,3.0,W05,001,25.0,0.75,0.0005,10,0.2,True,415,0.2812975292143069,-0.020299321334612996
D,3.0,W05,001,25.0,0.75,0.001,6,0.1,True,415,0.2812975292143069,-0.020299321334612996
D,3.0,W05,001,25.0,0.75,0.001,6,0.2,True,425,0.2958752387448361,-0.022655073161187925
D,3.0,W05,001,25.0,0.75,0.001,8,0.1,True,415,0.2812975292143069,-0.020299321334612996
D,3.0,W05,001,25.0,0.75,0.001,8,0.2,True,425,0.2958752387448361,-0.022655073161187925
D,3.0,W05,001,25.0,0.75,0.001,10,0.1,True,415,0.2812975292143069,-0.020299321334612996
D,3.0,W05,001,25.0,0.75,0.001,10,0.2,True,425,0.2958752387448361,-0.022655073161187925
D,3.0,W05,001,25.0,0.8,0.0005,6,0.1,True,410,0.2718786899196474,-0.018530140974019702
D,3.0,W05,001,25.0,0.8,0.0005,6,0.2,True,415,0.2812975292143069,-0.020299321334612996
D,3.0,W05,001,25.0,0.8,0.0005,8,0.1,True,410,0.2718786899196474,-0.018530140974019702
D,3.0,W05,001,25.0,0.8,0.0005,8,0.2,True,415,0.2812975292143069,-0.020299321334612996
D,3.0,W05,001,25.0,0.8,0.0005,10,0.1,True,410,0.2718786899196474,-0.018530140974019702
D,3.0,W05,001,25.0,0.8,0.0005,10,0.2,True,415,0.2812975292143069,-0.020299321334612996
D,3.0,W05,001,25.0,0.8,0.001,6,0.1,True,415,0.2812975292143069,-0.020299321334612996
D,3.0,W05,001,25.0,0.8,0.001,6,0.2,True,425,0.2958752387448361,-0.022655073161187925
D,3.0,W05,001,25.0,0.8,0.001,8,0.1,True,415,0.2812975292143069,-0.020299321334612996
D,3.0,W05,001,25.0,0.8,0.001,8,0.2,True,425,0.2958752387448361,-0.022655073161187925
D,3.0,W05,001,25.0,0.8,0.001,10,0.1,True,415,0.2812975292143069,-0.020299321334612996
D,3.0,W05,001,25.0,0.8,0.001,10,0.2,True,425,0.2958752387448361,-0.022655073161187925
D,3.0,W05,002,15.0,0.7,0.0005,6,0.1,True,351,0.19474075342479505,-0.0009011983087188319
D,3.0,W05,002,15.0,0.7,0.0005,6,0.2,True,361,0.21624713763594627,-0.006077703578691734
D,3.0,W05,002,15.0,0.7,0.0005,8,0.1,True,351,0.19474075342479505,-0.0009011983087188319
D,3.0,W05,002,15.0,0.7,0.0005,8,0.2,True,361,0.21624713763594627,-0.006077703578691734
D,3.0,W05,002,15.0,0.7,0.0005,10,0.1,True,351,0.19474075342479505,-0.0009011983087188319
D,3.0,W05,002,15.0,0.7,0.0005,10,0.2,True,361,0.21624713763594627,-0.006077703578691734
D,3.0,W05,002,15.0,0.7,0.001,6,0.1,True,396,0.24788529641534152,-0.012663444896277628
D,3.0,W05,002,15.0,0.7,0.001,6,0.2,True,416,0.28191021751416356,-0.02004394209698627
D,3.0,W05,002,15.0,0.7,0.001,8,0.1,True,396,0.24788529641534152,-0.012663444896277628
D,3.0,W05,002,15.0,0.7,0.001,8,0.2,True,416,0.28191021751416356,-0.02004394209698627
D,3.0,W05,002,15.0,0.7,0.001,10,0.1,True,396,0.24788529641534152,-0.012663444896277628
D,3.0,W05,002,15.0,0.7,0.001,10,0.2,True,416,0.28191021751416356,-0.02004394209698627
D,3.0,W05,002,15.0,0.75,0.0005,6,0.1,True,361,0.21624713763594627,-0.006077703578691734
D,3.0,W05,002,15.0,0.75,0.0005,6,0.2,True,430,0.31150087831836,-0.026432264792291743
D,3.0,W05,002,15.0,0.75,0.0005,8,0.1,True,361,0.21624713763594627,-0.006077703578691734
D,3.0,W05,002,15.0,0.75,0.0005,8,0.2,True,430,0.31150087831836,-0.026432264792291743
D,3.0,W05,002,15.0,0.75,0.0005,10,0.1,True,406,0.26533516065070506,-0.016138837427685137
D,3.0,W05,002,15.0,0.75,0.0005,10,0.2,True,430,0.31150087831836,-0.026432264792291743
D,3.0,W05,002,15.0,0.75,0.001,6,0.1,True,396,0.24788529641534152,-0.012663444896277628
D,3.0,W05,002,15.0,0.75,0.001,6,0.2,True,416,0.28191021751416356,-0.02004394209698627
D,3.0,W05,002,15.0,0.75,0.001,8,0.1,True,396,0.24788529641534152,-0.012663444896277628
D,3.0,W05,002,15.0,0.75,0.001,8,0.2,True,416,0.28191021751416356,-0.02004394209698627
D,3.0,W05,002,15.0,0.75,0.001,10,0.1,True,396,0.24788529641534152,-0.012663444896277628
D,3.0,W05,002,15.0,0.75,0.001,10,0.2,True,416,0.28191021751416356,-0.02004394209698627
D,3.0,W05,002,15.0,0.8,0.0005,6,0.1,True,371,0.23574566919552653,-0.010348739886754438
D,3.0,W05,002,15.0,0.8,0.0005,6,0.2,True,416,0.28191021751416356,-0.02004394209698627
D,3.0,W05,002,15.0,0.8,0.0005,8,0.1,True,416,0.28191021751416356,-0.02004394209698627
D,3.0,W05,002,15.0,0.8,0.0005,8,0.2,True,416,0.28191021751416356,-0.02004394209698627
D,3.0,W05,002,15.0,0.8,0.0005,10,0.1,True,416,0.28191021751416356,-0.02004394209698627
D,3.0,W05,002,15.0,0.8,0.0005,10,0.2,True,416,0.28191021751416356,-0.02004394209698627
D,3.0,W05,002,15.0,0.8,0.001,6,0.1,True,416,0.28191021751416356,-0.02004394209698627
D,3.0,W05,002,15.0,0.8,0.001,6,0.2,True,416,0.28191021751416356,-0.02004394209698627
D,3.0,W05,002,15.0,0.8,0.001,8,0.1,True,416,0.28191021751416356,-0.02004394209698627
D,3.0,W05,002,15.0,0.8,0.001,8,0.2,True,416,0.28191021751416356,-0.02004394209698627
D,3.0,W05,002,15.0,0.8,0.001,10,0.1,True,416,0.28191021751416356,-0.02004394209698627
D,3.0,W05,002,15.0,0.8,0.001,10,0.2,True,416,0.28191021751416356,-0.02004394209698627
D,3.0,W05,002,20.0,0.7,0.0005,6,0.1,True,346,0.18028038387235842,0.002699962572047585
D,3.0,W05,002,20.0,0.7,0.0005,6,0.2,True,381,0.23688966231910805,-0.010295073158646884
D,3.0,W05,002,20.0,0.7,0.0005,8,0.1,True,346,0.18028038387235842,0.002699962572047585
D,3.0,W05,002,20.0,0.7,0.0005,8,0.2,True,381,0.23688966231910805,-0.010295073158646884
D,3.0,W05,002,20.0,0.7,0.0005,10,0.1,True,346,0.18028038387235842,0.002699962572047585
D,3.0,W05,002,20.0,0.7,0.0005,10,0.2,True,381,0.23688966231910805,-0.010295073158646884
D,3.0,W05,002,20.0,0.7,0.001,6,0.1,True,401,0.2589617987212382,-0.014961081900094686
D,3.0,W05,002,20.0,0.7,0.001,6,0.2,True,416,0.28188183589985494,-0.01989901105039998
D,3.0,W05,002,20.0,0.7,0.001,8,0.1,True,401,0.2589617987212382,-0.014961081900094686
D,3.0,W05,002,20.0,0.7,0.001,8,0.2,True,416,0.28188183589985494,-0.01989901105039998
D,3.0,W05,002,20.0,0.7,0.001,10,0.1,True,401,0.2589617987212382,-0.014961081900094686
D,3.0,W05,002,20.0,0.7,0.001,10,0.2,True,416,0.28188183589985494,-0.01989901105039998
D,3.0,W05,002,20.0,0.75,0.0005,6,0.1,True,427,0.30358190050250605,-0.024503100663423538
D,3.0,W05,002,20.0,0.75,0.0005,6,0.2,True,430,0.31130772044784144,-0.026239480431142607
D,3.0,W05,002,20.0,0.75,0.0005,8,0.1,True,427,0.30358190050250605,-0.024503100663423538
D,3.0,W05,002,20.0,0.75,0.0005,8,0.2,True,430,0.31130772044784144,-0.026239480431142607
D,3.0,W05,002,20.0,0.75,0.0005,10,0.1,True,427,0.30358190050250605,-0.024503100663423538
D,3.0,W05,002,20.0,0.75,0.0005,10,0.2,True,430,0.31130772044784144,-0.026239480431142607
D,3.0,W05,002,20.0,0.75,0.001,6,0.1,True,401,0.2589617987212382,-0.014961081900094686
D,3.0,W05,002,20.0,0.75,0.001,6,0.2,True,416,0.28188183589985494,-0.01989901105039998
D,3.0,W05,002,20.0,0.75,0.001,8,0.1,True,401,0.2589617987212382,-0.014961081900094686
D,3.0,W05,002,20.0,0.75,0.001,8,0.2,True,416,0.28188183589985494,-0.01989901105039998
D,3.0,W05,002,20.0,0.75,0.001,10,0.1,True,401,0.2589617987212382,-0.014961081900094686
D,3.0,W05,002,20.0,0.75,0.001,10,0.2,True,416,0.28188183589985494,-0.01989901105039998
D,3.0,W05,002,20.0,0.8,0.0005,6,0.1,True,411,0.2704483247116992,-0.017281761687052876
D,3.0,W05,002,20.0,0.8,0.0005,6,0.2,True,416,0.28188183589985494,-0.01989901105039998
D,3.0,W05,002,20.0,0.8,0.0005,8,0.1,True,411,0.2704483247116992,-0.017281761687052876
D,3.0,W05,002,20.0,0.8,0.0005,8,0.2,True,416,0.28188183589985494,-0.01989901105039998
D,3.0,W05,002,20.0,0.8,0.0005,10,0.1,True,411,0.2704483247116992,-0.017281761687052876
D,3.0,W05,002,20.0,0.8,0.0005,10,0.2,True,416,0.28188183589985494,-0.01989901105039998
D,3.0,W05,002,20.0,0.8,0.001,6,0.1,True,416,0.28188183589985494,-0.01989901105039998
D,3.0,W05,002,20.0,0.8,0.001,6,0.2,True,416,0.28188183589985494,-0.01989901105039998
D,3.0,W05,002,20.0,0.8,0.001,8,0.1,True,416,0.28188183589985494,-0.01989901105039998
D,3.0,W05,002,20.0,0.8,0.001,8,0.2,True,416,0.28188183589985494,-0.01989901105039998
D,3.0,W05,002,20.0,0.8,0.001,10,0.1,True,416,0.28188183589985494,-0.01989901105039998
D,3.0,W05,002,20.0,0.8,0.001,10,0.2,True,416,0.28188183589985494,-0.01989901105039998
D,3.0,W05,002,25.0,0.7,0.0005,6,0.1,True,401,0.2589617987212382,-0.014961081900094686
D,3.0,W05,002,25.0,0.7,0.0005,6,0.2,True,416,0.28188183589985494,-0.01989901105039998
D,3.0,W05,002,25.0,0.7,0.0005,8,0.1,True,401,0.2589617987212382,-0.014961081900094686
D,3.0,W05,002,25.0,0.7,0.0005,8,0.2,True,416,0.28188183589985494,-0.01989901105039998
D,3.0,W05,002,25.0,0.7,0.0005,10,0.1,True,401,0.2589617987212382,-0.014961081900094686
D,3.0,W05,002,25.0,0.7,0.0005,10,0.2,True,416,0.28188183589985494,-0.01989901105039998
D,3.0,W05,002,25.0,0.7,0.001,6,0.1,True,416,0.28188183589985494,-0.01989901105039998
D,3.0,W05,002,25.0,0.7,0.001,6,0.2,True,416,0.28188183589985494,-0.01989901105039998
D,3.0,W05,002,25.0,0.7,0.001,8,0.1,True,416,0.28188183589985494,-0.01989901105039998
D,3.0,W05,002,25.0,0.7,0.001,8,0.2,True,416,0.28188183589985494,-0.01989901105039998
D,3.0,W05,002,25.0,0.7,0.001,10,0.1,True,416,0.28188183589985494,-0.01989901105039998
D,3.0,W05,002,25.0,0.7,0.001,10,0.2,True,416,0.28188183589985494,-0.01989901105039998
D,3.0,W05,002,25.0,0.75,0.0005,6,0.1,True,401,0.2589617987212382,-0.014961081900094686
D,3.0,W05,002,25.0,0.75,0.0005,6,0.2,True,416,0.28188183589985494,-0.01989901105039998
D,3.0,W05,002,25.0,0.75,0.0005,8,0.1,True,401,0.2589617987212382,-0.014961081900094686
D,3.0,W05,002,25.0,0.75,0.0005,8,0.2,True,416,0.28188183589985494,-0.01989901105039998
D,3.0,W05,002,25.0,0.75,0.0005,10,0.1,True,401,0.2589617987212382,-0.014961081900094686
D,3.0,W05,002,25.0,0.75,0.0005,10,0.2,True,416,0.28188183589985494,-0.01989901105039998
D,3.0,W05,002,25.0,0.75,0.001,6,0.1,True,416,0.28188183589985494,-0.01989901105039998
D,3.0,W05,002,25.0,0.75,0.001,6,0.2,True,416,0.28188183589985494,-0.01989901105039998
D,3.0,W05,002,25.0,0.75,0.001,8,0.1,True,416,0.28188183589985494,-0.01989901105039998
D,3.0,W05,002,25.0,0.75,0.001,8,0.2,True,416,0.28188183589985494,-0.01989901105039998
D,3.0,W05,002,25.0,0.75,0.001,10,0.1,True,416,0.28188183589985494,-0.01989901105039998
D,3.0,W05,002,25.0,0.75,0.001,10,0.2,True,416,0.28188183589985494,-0.01989901105039998
D,3.0,W05,002,25.0,0.8,0.0005,6,0.1,True,411,0.2704483247116992,-0.017281761687052876
D,3.0,W05,002,25.0,0.8,0.0005,6,0.2,True,416,0.28188183589985494,-0.01989901105039998
D,3.0,W05,002,25.0,0.8,0.0005,8,0.1,True,411,0.2704483247116992,-0.017281761687052876
D,3.0,W05,002,25.0,0.8,0.0005,8,0.2,True,416,0.28188183589985494,-0.01989901105039998
D,3.0,W05,002,25.0,0.8,0.0005,10,0.1,True,411,0.2704483247116992,-0.017281761687052876
D,3.0,W05,002,25.0,0.8,0.0005,10,0.2,True,416,0.28188183589985494,-0.01989901105039998
D,3.0,W05,002,25.0,0.8,0.001,6,0.1,True,416,0.28188183589985494,-0.01989901105039998
D,3.0,W05,002,25.0,0.8,0.001,6,0.2,True,416,0.28188183589985494,-0.01989901105039998
D,3.0,W05,002,25.0,0.8,0.001,8,0.1,True,416,0.28188183589985494,-0.01989901105039998
D,3.0,W05,002,25.0,0.8,0.001,8,0.2,True,416,0.28188183589985494,-0.01989901105039998
D,3.0,W05,002,25.0,0.8,0.001,10,0.1,True,416,0.28188183589985494,-0.01989901105039998
D,3.0,W05,002,25.0,0.8,0.001,10,0.2,True,416,0.28188183589985494,-0.01989901105039998
D,3.0,W08,001,15.0,0.7,0.0005,6,0.1,True,423,0.2631386989041379,0.01825369502368726
D,3.0,W08,001,15.0,0.7,0.0005,6,0.2,True,423,0.2631386989041379,0.01825369502368726
D,3.0,W08,001,15.0,0.7,0.0005,8,0.1,True,423,0.2631386989041379,0.01825369502368726
D,3.0,W08,001,15.0,0.7,0.0005,8,0.2,True,423,0.2631386989041379,0.01825369502368726
D,3.0,W08,001,15.0,0.7,0.0005,10,0.1,False,,,
D,3.0,W08,001,15.0,0.7,0.0005,10,0.2,False,,,
D,3.0,W08,001,15.0,0.7,0.001,6,0.1,True,423,0.2631386989041379,0.01825369502368726
D,3.0,W08,001,15.0,0.7,0.001,6,0.2,True,423,0.2631386989041379,0.01825369502368726
D,3.0,W08,001,15.0,0.7,0.001,8,0.1,True,423,0.2631386989041379,0.01825369502368726
D,3.0,W08,001,15.0,0.7,0.001,8,0.2,True,423,0.2631386989041379,0.01825369502368726
D,3.0,W08,001,15.0,0.7,0.001,10,0.1,True,423,0.2631386989041379,0.01825369502368726
D,3.0,W08,001,15.0,0.7,0.001,10,0.2,True,423,0.2631386989041379,0.01825369502368726
D,3.0,W08,001,15.0,0.75,0.0005,6,0.1,True,430,0.2796137842692827,0.016996981674119047
D,3.0,W08,001,15.0,0.75,0.0005,6,0.2,True,430,0.2796137842692827,0.016996981674119047
D,3.0,W08,001,15.0,0.75,0.0005,8,0.1,True,443,0.3113030779518579,0.013715134639489023
D,3.0,W08,001,15.0,0.75,0.0005,8,0.2,True,443,0.3113030779518579,0.013715134639489023
D,3.0,W08,001,15.0,0.75,0.0005,10,0.1,True,443,0.3113030779518579,0.013715134639489023
D,3.0,W08,001,15.0,0.75,0.0005,10,0.2,True,443,0.3113030779518579,0.013715134639489023
D,3.0,W08,001,15.0,0.75,0.001,6,0.1,True,423,0.2631386989041379,0.01825369502368726
D,3.0,W08,001,15.0,0.75,0.001,6,0.2,True,423,0.2631386989041379,0.01825369502368726
D,3.0,W08,001,15.0,0.75,0.001,8,0.1,True,423,0.2631386989041379,0.01825369502368726
D,3.0,W08,001,15.0,0.75,0.001,8,0.2,True,423,0.2631386989041379,0.01825369502368726
D,3.0,W08,001,15.0,0.75,0.001,10,0.1,True,423,0.2631386989041379,0.01825369502368726
D,3.0,W08,001,15.0,0.75,0.001,10,0.2,True,423,0.2631386989041379,0.01825369502368726
D,3.0,W08,001,15.0,0.8,0.0005,6,0.1,True,428,0.2762049781648736,0.01720273906463071
D,3.0,W08,001,15.0,0.8,0.0005,6,0.2,True,428,0.2762049781648736,0.01720273906463071
D,3.0,W08,001,15.0,0.8,0.0005,8,0.1,True,428,0.2762049781648736,0.01720273906463071
D,3.0,W08,001,15.0,0.8,0.0005,8,0.2,True,428,0.2762049781648736,0.01720273906463071
D,3.0,W08,001,15.0,0.8,0.0005,10,0.1,True,428,0.2762049781648736,0.01720273906463071
D,3.0,W08,001,15.0,0.8,0.0005,10,0.2,True,428,0.2762049781648736,0.01720273906463071
D,3.0,W08,001,15.0,0.8,0.001,6,0.1,True,423,0.2631386989041379,0.01825369502368726
D,3.0,W08,001,15.0,0.8,0.001,6,0.2,True,423,0.2631386989041379,0.01825369502368726
D,3.0,W08,001,15.0,0.8,0.001,8,0.1,True,423,0.2631386989041379,0.01825369502368726
D,3.0,W08,001,15.0,0.8,0.001,8,0.2,True,423,0.2631386989041379,0.01825369502368726
D,3.0,W08,001,15.0,0.8,0.001,10,0.1,True,423,0.2631386989041379,0.01825369502368726
D,3.0,W08,001,15.0,0.8,0.001,10,0.2,True,423,0.2631386989041379,0.01825369502368726
D,3.0,W08,001,20.0,0.7,0.0005,6,0.1,True,423,0.26310596967998306,0.018124070018529892
D,3.0,W08,001,20.0,0.7,0.0005,6,0.2,True,423,0.26310596967998306,0.018124070018529892
D,3.0,W08,001,20.0,0.7,0.0005,8,0.1,True,423,0.26310596967998306,0.018124070018529892
D,3.0,W08,001,20.0,0.7,0.0005,8,0.2,True,423,0.26310596967998306,0.018124070018529892
D,3.0,W08,001,20.0,0.7,0.0005,10,0.1,True,423,0.26310596967998306,0.018124070018529892
D,3.0,W08,001,20.0,0.7,0.0005,10,0.2,True,423,0.26310596967998306,0.018124070018529892
D,3.0,W08,001,20.0,0.7,0.001,6,0.1,True,423,0.26310596967998306,0.018124070018529892
D,3.0,W08,001,20.0,0.7,0.001,6,0.2,True,423,0.26310596967998306,0.018124070018529892
D,3.0,W08,001,20.0,0.7,0.001,8,0.1,True,423,0.26310596967998306,0.018124070018529892
D,3.0,W08,001,20.0,0.7,0.001,8,0.2,True,423,0.26310596967998306,0.018124070018529892
D,3.0,W08,001,20.0,0.7,0.001,10,0.1,True,423,0.26310596967998306,0.018124070018529892
D,3.0,W08,001,20.0,0.7,0.001,10,0.2,True,423,0.26310596967998306,0.018124070018529892
D,3.0,W08,001,20.0,0.75,0.0005,6,0.1,True,423,0.26310596967998306,0.018124070018529892
D,3.0,W08,001,20.0,0.75,0.0005,6,0.2,True,423,0.26310596967998306,0.018124070018529892
D,3.0,W08,001,20.0,0.75,0.0005,8,0.1,True,423,0.26310596967998306,0.018124070018529892
D,3.0,W08,001,20.0,0.75,0.0005,8,0.2,True,423,0.26310596967998306,0.018124070018529892
D,3.0,W08,001,20.0,0.75,0.0005,10,0.1,True,423,0.26310596967998306,0.018124070018529892
D,3.0,W08,001,20.0,0.75,0.0005,10,0.2,True,423,0.26310596967998306,0.018124070018529892
D,3.0,W08,001,20.0,0.75,0.001,6,0.1,True,423,0.26310596967998306,0.018124070018529892
D,3.0,W08,001,20.0,0.75,0.001,6,0.2,True,423,0.26310596967998306,0.018124070018529892
D,3.0,W08,001,20.0,0.75,0.001,8,0.1,True,423,0.26310596967998306,0.018124070018529892
D,3.0,W08,001,20.0,0.75,0.001,8,0.2,True,423,0.26310596967998306,0.018124070018529892
D,3.0,W08,001,20.0,0.75,0.001,10,0.1,True,423,0.26310596967998306,0.018124070018529892
D,3.0,W08,001,20.0,0.75,0.001,10,0.2,True,423,0.26310596967998306,0.018124070018529892
D,3.0,W08,001,20.0,0.8,0.0005,6,0.1,True,423,0.26310596967998306,0.018124070018529892
D,3.0,W08,001,20.0,0.8,0.0005,6,0.2,True,423,0.26310596967998306,0.018124070018529892
D,3.0,W08,001,20.0,0.8,0.0005,8,0.1,True,423,0.26310596967998306,0.018124070018529892
D,3.0,W08,001,20.0,0.8,0.0005,8,0.2,True,423,0.26310596967998306,0.018124070018529892
D,3.0,W08,001,20.0,0.8,0.0005,10,0.1,True,423,0.26310596967998306,0.018124070018529892
D,3.0,W08,001,20.0,0.8,0.0005,10,0.2,True,423,0.26310596967998306,0.018124070018529892
D,3.0,W08,001,20.0,0.8,0.001,6,0.1,True,423,0.26310596967998306,0.018124070018529892
D,3.0,W08,001,20.0,0.8,0.001,6,0.2,True,423,0.26310596967998306,0.018124070018529892
D,3.0,W08,001,20.0,0.8,0.001,8,0.1,True,423,0.26310596967998306,0.018124070018529892
D,3.0,W08,001,20.0,0.8,0.001,8,0.2,True,423,0.26310596967998306,0.018124070018529892
D,3.0,W08,001,20.0,0.8,0.001,10,0.1,True,423,0.26310596967998306,0.018124070018529892
D,3.0,W08,001,20.0,0.8,0.001,10,0.2,True,423,0.26310596967998306,0.018124070018529892
D,3.0,W08,001,25.0,0.7,0.0005,6,0.1,True,423,0.26310596967998306,0.018124070018529892
D,3.0,W08,001,25.0,0.7,0.0005,6,0.2,True,423,0.26310596967998306,0.018124070018529892
D,3.0,W08,001,25.0,0.7,0.0005,8,0.1,True,423,0.26310596967998306,0.018124070018529892
D,3.0,W08,001,25.0,0.7,0.0005,8,0.2,True,423,0.26310596967998306,0.018124070018529892
D,3.0,W08,001,25.0,0.7,0.0005,10,0.1,True,423,0.26310596967998306,0.018124070018529892
D,3.0,W08,001,25.0,0.7,0.0005,10,0.2,True,423,0.26310596967998306,0.018124070018529892
D,3.0,W08,001,25.0,0.7,0.001,6,0.1,True,423,0.26310596967998306,0.018124070018529892
D,3.0,W08,001,25.0,0.7,0.001,6,0.2,True,428,0.27598964187659714,0.017072697219095732
D,3.0,W08,001,25.0,0.7,0.001,8,0.1,True,423,0.26310596967998306,0.018124070018529892
D,3.0,W08,001,25.0,0.7,0.001,8,0.2,True,428,0.27598964187659714,0.017072697219095732
D,3.0,W08,001,25.0,0.7,0.001,10,0.1,True,423,0.26310596967998306,0.018124070018529892
D,3.0,W08,001,25.0,0.7,0.001,10,0.2,True,428,0.27598964187659714,0.017072697219095732
D,3.0,W08,001,25.0,0.75,0.0005,6,0.1,True,423,0.26310596967998306,0.018124070018529892
D,3.0,W08,001,25.0,0.75,0.0005,6,0.2,True,423,0.26310596967998306,0.018124070018529892
D,3.0,W08,001,25.0,0.75,0.0005,8,0.1,True,423,0.26310596967998306,0.018124070018529892
D,3.0,W08,001,25.0,0.75,0.0005,8,0.2,True,423,0.26310596967998306,0.018124070018529892
D,3.0,W08,001,25.0,0.75,0.0005,10,0.1,True,423,0.26310596967998306,0.018124070018529892
D,3.0,W08,001,25.0,0.75,0.0005,10,0.2,True,423,0.26310596967998306,0.018124070018529892
D,3.0,W08,001,25.0,0.75,0.001,6,0.1,True,423,0.26310596967998306,0.018124070018529892
D,3.0,W08,001,25.0,0.75,0.001,6,0.2,True,433,0.28460055785743815,0.01623925154930667
D,3.0,W08,001,25.0,0.75,0.001,8,0.1,True,423,0.26310596967998306,0.018124070018529892
D,3.0,W08,001,25.0,0.75,0.001,8,0.2,True,433,0.28460055785743815,0.01623925154930667
D,3.0,W08,001,25.0,0.75,0.001,10,0.1,True,423,0.26310596967998306,0.018124070018529892
D,3.0,W08,001,25.0,0.75,0.001,10,0.2,True,433,0.28460055785743815,0.01623925154930667
D,3.0,W08,001,25.0,0.8,0.0005,6,0.1,True,423,0.26310596967998306,0.018124070018529892
D,3.0,W08,001,25.0,0.8,0.0005,6,0.2,True,423,0.26310596967998306,0.018124070018529892
D,3.0,W08,001,25.0,0.8,0.0005,8,0.1,True,423,0.26310596967998306,0.018124070018529892
D,3.0,W08,001,25.0,0.8,0.0005,8,0.2,True,423,0.26310596967998306,0.018124070018529892
D,3.0,W08,001,25.0,0.8,0.0005,10,0.1,True,423,0.26310596967998306,0.018124070018529892
D,3.0,W08,001,25.0,0.8,0.0005,10,0.2,True,423,0.26310596967998306,0.018124070018529892
D,3.0,W08,001,25.0,0.8,0.001,6,0.1,True,423,0.26310596967998306,0.018124070018529892
D,3.0,W08,001,25.0,0.8,0.001,6,0.2,True,433,0.28460055785743815,0.01623925154930667
D,3.0,W08,001,25.0,0.8,0.001,8,0.1,True,423,0.26310596967998306,0.018124070018529892
D,3.0,W08,001,25.0,0.8,0.001,8,0.2,True,433,0.28460055785743815,0.01623925154930667
D,3.0,W08,001,25.0,0.8,0.001,10,0.1,True,423,0.26310596967998306,0.018124070018529892
D,3.0,W08,001,25.0,0.8,0.001,10,0.2,True,433,0.28460055785743815,0.01623925154930667
D,3.0,W08,002,15.0,0.7,0.0005,6,0.1,True,413,0.23898002936651833,0.021292407947935556
D,3.0,W08,002,15.0,0.7,0.0005,6,0.2,True,413,0.23898002936651833,0.021292407947935556
D,3.0,W08,002,15.0,0.7,0.0005,8,0.1,True,413,0.23898002936651833,0.021292407947935556
D,3.0,W08,002,15.0,0.7,0.0005,8,0.2,True,413,0.23898002936651833,0.021292407947935556
D,3.0,W08,002,15.0,0.7,0.0005,10,0.1,True,435,0.28895047307014465,0.01642458983942082
D,3.0,W08,002,15.0,0.7,0.0005,10,0.2,True,442,0.3072180822491646,0.014623575696819708
D,3.0,W08,002,15.0,0.7,0.001,6,0.1,True,435,0.28895047307014465,0.01642458983942082
D,3.0,W08,002,15.0,0.7,0.001,6,0.2,True,438,0.29636628337596593,0.01552803245814223
D,3.0,W08,002,15.0,0.7,0.001,8,0.1,True,435,0.28895047307014465,0.01642458983942082
D,3.0,W08,002,15.0,0.7,0.001,8,0.2,True,438,0.29636628337596593,0.01552803245814223
D,3.0,W08,002,15.0,0.7,0.001,10,0.1,True,435,0.28895047307014465,0.01642458983942082
D,3.0,W08,002,15.0,0.7,0.001,10,0.2,True,438,0.29636628337596593,0.01552803245814223
D,3.0,W08,002,15.0,0.75,0.0005,6,0.1,True,413,0.23898002936651833,0.021292407947935556
D,3.0,W08,002,15.0,0.75,0.0005,6,0.2,True,442,0.3072180822491646,0.014623575696819708
D,3.0,W08,002,15.0,0.75,0.0005,8,0.1,True,438,0.29636628337596593,0.01552803245814223
D,3.0,W08,002,15.0,0.75,0.0005,8,0.2,True,442,0.3072180822491646,0.014623575696819708
D,3.0,W08,002,15.0,0.75,0.0005,10,0.1,True,438,0.29636628337596593,0.01552803245814223
D,3.0,W08,002,15.0,0.75,0.0005,10,0.2,True,442,0.3072180822491646,0.014623575696819708
D,3.0,W08,002,15.0,0.75,0.001,6,0.1,True,435,0.28895047307014465,0.01642458983942082
D,3.0,W08,002,15.0,0.75,0.001,6,0.2,True,438,0.29636628337596593,0.01552803245814223
D,3.0,W08,002,15.0,0.75,0.001,8,0.1,True,435,0.28895047307014465,0.01642458983942082
D,3.0,W08,002,15.0,0.75,0.001,8,0.2,True,438,0.29636628337596593,0.01552803245814223
D,3.0,W08,002,15.0,0.75,0.001,10,0.1,True,435,0.28895047307014465,0.01642458983942082
D,3.0,W08,002,15.0,0.75,0.001,10,0.2,True,438,0.29636628337596593,0.01552803245814223
D,3.0,W08,002,15.0,0.8,0.0005,6,0.1,True,434,0.28699674182816554,0.016738485152784147
D,3.0,W08,002,15.0,0.8,0.0005,6,0.2,True,436,0.2911527470538491,0.016100022549691954
D,3.0,W08,002,15.0,0.8,0.0005,8,0.1,True,434,0.28699674182816554,0.016738485152784147
D,3.0,W08,002,15.0,0.8,0.0005,8,0.2,True,436,0.2911527470538491,0.016100022549691954
D,3.0,W08,002,15.0,0.8,0.0005,10,0.1,True,434,0.28699674182816554,0.016738485152784147
D,3.0,W08,002,15.0,0.8,0.0005,10,0.2,True,436,0.2911527470538491,0.016100022549691954
D,3.0,W08,002,15.0,0.8,0.001,6,0.1,True,436,0.2911527470538491,0.016100022549691954
D,3.0,W08,002,15.0,0.8,0.001,6,0.2,True,442,0.3072180822491646,0.014623575696819708
D,3.0,W08,002,15.0,0.8,0.001,8,0.1,True,436,0.2911527470538491,0.016100022549691954
D,3.0,W08,002,15.0,0.8,0.001,8,0.2,True,442,0.3072180822491646,0.014623575696819708
D,3.0,W08,002,15.0,0.8,0.001,10,0.1,True,436,0.2911527470538491,0.016100022549691954
D,3.0,W08,002,15.0,0.8,0.001,10,0.2,True,442,0.3072180822491646,0.014623575696819708
D,3.0,W08,002,20.0,0.7,0.0005,6,0.1,True,435,0.2887792940202512,0.016417818830201502
D,3.0,W08,002,20.0,0.7,0.0005,6,0.2,True,436,0.29102818903170136,0.01608557685425407
D,3.0,W08,002,20.0,0.7,0.0005,8,0.1,True,435,0.2887792940202512,0.016417818830201502
D,3.0,W08,002,20.0,0.7,0.0005,8,0.2,True,436,0.29102818903170136,0.01608557685425407
D,3.0,W08,002,20.0,0.7,0.0005,10,0.1,True,435,0.2887792940202512,0.016417818830201502
D,3.0,W08,002,20.0,0.7,0.0005,10,0.2,True,436,0.29102818903170136,0.01608557685425407
D,3.0,W08,002,20.0,0.7,0.001,6,0.1,True,436,0.29102818903170136,0.01608557685425407
D,3.0,W08,002,20.0,0.7,0.001,6,0.2,True,446,0.31863859923262344,0.013522239499970487
D,3.0,W08,002,20.0,0.7,0.001,8,0.1,True,436,0.29102818903170136,0.01608557685425407
D,3.0,W08,002,20.0,0.7,0.001,8,0.2,True,446,0.31863859923262344,0.013522239499970487
D,3.0,W08,002,20.0,0.7,0.001,10,0.1,True,436,0.29102818903170136,0.01608557685425407
D,3.0,W08,002,20.0,0.7,0.001,10,0.2,True,446,0.31863859923262344,0.013522239499970487
D,3.0,W08,002,20.0,0.75,0.0005,6,0.1,True,435,0.2887792940202512,0.016417818830201502
D,3.0,W08,002,20.0,0.75,0.0005,6,0.2,True,436,0.29102818903170136,0.01608557685425407
D,3.0,W08,002,20.0,0.75,0.0005,8,0.1,True,435,0.2887792940202512,0.016417818830201502
D,3.0,W08,002,20.0,0.75,0.0005,8,0.2,True,436,0.29102818903170136,0.01608557685425407
D,3.0,W08,002,20.0,0.75,0.0005,10,0.1,True,435,0.2887792940202512,0.016417818830201502
D,3.0,W08,002,20.0,0.75,0.0005,10,0.2,True,436,0.29102818903170136,0.01608557685425407
D,3.0,W08,002,20.0,0.75,0.001,6,0.1,True,436,0.29102818903170136,0.01608557685425407
D,3.0,W08,002,20.0,0.75,0.001,6,0.2,True,446,0.31863859923262344,0.013522239499970487
D,3.0,W08,002,20.0,0.75,0.001,8,0.1,True,436,0.29102818903170136,0.01608557685425407
D,3.0,W08,002,20.0,0.75,0.001,8,0.2,True,446,0.31863859923262344,0.013522239499970487
D,3.0,W08,002,20.0,0.75,0.001,10,0.1,True,436,0.29102818903170136,0.01608557685425407
D,3.0,W08,002,20.0,0.75,0.001,10,0.2,True,446,0.31863859923262344,0.013522239499970487
D,3.0,W08,002,20.0,0.8,0.0005,6,0.1,True,435,0.2887792940202512,0.016417818830201502
D,3.0,W08,002,20.0,0.8,0.0005,6,0.2,True,436,0.29102818903170136,0.01608557685425407
D,3.0,W08,002,20.0,0.8,0.0005,8,0.1,True,435,0.2887792940202512,0.016417818830201502
D,3.0,W08,002,20.0,0.8,0.0005,8,0.2,True,436,0.29102818903170136,0.01608557685425407
D,3.0,W08,002,20.0,0.8,0.0005,10,0.1,True,435,0.2887792940202512,0.016417818830201502
D,3.0,W08,002,20.0,0.8,0.0005,10,0.2,True,436,0.29102818903170136,0.01608557685425407
D,3.0,W08,002,20.0,0.8,0.001,6,0.1,True,436,0.29102818903170136,0.01608557685425407
D,3.0,W08,002,20.0,0.8,0.001,6,0.2,True,446,0.31863859923262344,0.013522239499970487
D,3.0,W08,002,20.0,0.8,0.001,8,0.1,True,436,0.29102818903170136,0.01608557685425407
D,3.0,W08,002,20.0,0.8,0.001,8,0.2,True,446,0.31863859923262344,0.013522239499970487
D,3.0,W08,002,20.0,0.8,0.001,10,0.1,True,436,0.29102818903170136,0.01608557685425407
D,3.0,W08,002,20.0,0.8,0.001,10,0.2,True,446,0.31863859923262344,0.013522239499970487
D,3.0,W08,002,25.0,0.7,0.0005,6,0.1,True,435,0.2887792940202512,0.016417818830201502
D,3.0,W08,002,25.0,0.7,0.0005,6,0.2,True,436,0.29102818903170136,0.01608557685425407
D,3.0,W08,002,25.0,0.7,0.0005,8,0.1,True,435,0.2887792940202512,0.016417818830201502
D,3.0,W08,002,25.0,0.7,0.0005,8,0.2,True,436,0.29102818903170136,0.01608557685425407
D,3.0,W08,002,25.0,0.7,0.0005,10,0.1,True,435,0.2887792940202512,0.016417818830201502
D,3.0,W08,002,25.0,0.7,0.0005,10,0.2,True,436,0.29102818903170136,0.01608557685425407
D,3.0,W08,002,25.0,0.7,0.001,6,0.1,True,436,0.29102818903170136,0.01608557685425407
D,3.0,W08,002,25.0,0.7,0.001,6,0.2,True,447,0.32166776413980286,0.013336983754446632
D,3.0,W08,002,25.0,0.7,0.001,8,0.1,True,436,0.29102818903170136,0.01608557685425407
D,3.0,W08,002,25.0,0.7,0.001,8,0.2,True,447,0.32166776413980286,0.013336983754446632
D,3.0,W08,002,25.0,0.7,0.001,10,0.1,True,436,0.29102818903170136,0.01608557685425407
D,3.0,W08,002,25.0,0.7,0.001,10,0.2,True,447,0.32166776413980286,0.013336983754446632
D,3.0,W08,002,25.0,0.75,0.0005,6,0.1,True,435,0.2887792940202512,0.016417818830201502
D,3.0,W08,002,25.0,0.75,0.0005,6,0.2,True,436,0.29102818903170136,0.01608557685425407
D,3.0,W08,002,25.0,0.75,0.0005,8,0.1,True,435,0.2887792940202512,0.016417818830201502
D,3.0,W08,002,25.0,0.75,0.0005,8,0.2,True,436,0.29102818903170136,0.01608557685425407
D,3.0,W08,002,25.0,0.75,0.0005,10,0.1,True,435,0.2887792940202512,0.016417818830201502
D,3.0,W08,002,25.0,0.75,0.0005,10,0.2,True,445,0.31559428611868307,0.013782911786907598
D,3.0,W08,002,25.0,0.75,0.001,6,0.1,True,436,0.29102818903170136,0.01608557685425407
D,3.0,W08,002,25.0,0.75,0.001,6,0.2,True,447,0.32166776413980286,0.013336983754446632
D,3.0,W08,002,25.0,0.75,0.001,8,0.1,True,436,0.29102818903170136,0.01608557685425407
D,3.0,W08,002,25.0,0.75,0.001,8,0.2,True,447,0.32166776413980286,0.013336983754446632
D,3.0,W08,002,25.0,0.75,0.001,10,0.1,True,445,0.31559428611868307,0.013782911786907598
D,3.0,W08,002,25.0,0.75,0.001,10,0.2,True,447,0.32166776413980286,0.013336983754446632
D,3.0,W08,002,25.0,0.8,0.0005,6,0.1,True,435,0.2887792940202512,0.016417818830201502
D,3.0,W08,002,25.0,0.8,0.0005,6,0.2,True,436,0.29102818903170136,0.01608557685425407
D,3.0,W08,002,25.0,0.8,0.0005,8,0.1,True,435,0.2887792940202512,0.016417818830201502
D,3.0,W08,002,25.0,0.8,0.0005,8,0.2,True,436,0.29102818903170136,0.01608557685425407
D,3.0,W08,002,25.0,0.8,0.0005,10,0.1,True,435,0.2887792940202512,0.016417818830201502
D,3.0,W08,002,25.0,0.8,0.0005,10,0.2,True,445,0.31559428611868307,0.013782911786907598
D,3.0,W08,002,25.0,0.8,0.001,6,0.1,True,436,0.29102818903170136,0.01608557685425407
D,3.0,W08,002,25.0,0.8,0.001,6,0.2,True,447,0.32166776413980286,0.013336983754446632
D,3.0,W08,002,25.0,0.8,0.001,8,0.1,True,436,0.29102818903170136,0.01608557685425407
D,3.0,W08,002,25.0,0.8,0.001,8,0.2,True,447,0.32166776413980286,0.013336983754446632
D,3.0,W08,002,25.0,0.8,0.001,10,0.1,True,446,0.31863859923262344,0.013522239499970487
D,3.0,W08,002,25.0,0.8,0.001,10,0.2,True,447,0.32166776413980286,0.013336983754446632
D,3.0,W09,001,15.0,0.7,0.0005,6,0.1,True,412,0.24990669844380345,0.029748883053480862
D,3.0,W09,001,15.0,0.7,0.0005,6,0.2,True,412,0.24990669844380345,0.029748883053480862
D,3.0,W09,001,15.0,0.7,0.0005,8,0.1,True,412,0.24990669844380345,0.029748883053480862
D,3.0,W09,001,15.0,0.7,0.0005,8,0.2,True,412,0.24990669844380345,0.029748883053480862
D,3.0,W09,001,15.0,0.7,0.0005,10,0.1,True,412,0.24990669844380345,0.029748883053480862
D,3.0,W09,001,15.0,0.7,0.0005,10,0.2,True,412,0.24990669844380345,0.029748883053480862
D,3.0,W09,001,15.0,0.7,0.001,6,0.1,True,412,0.24990669844380345,0.029748883053480862
D,3.0,W09,001,15.0,0.7,0.001,6,0.2,True,427,0.2845467795808631,0.026792887104562967
D,3.0,W09,001,15.0,0.7,0.001,8,0.1,True,412,0.24990669844380345,0.029748883053480862
D,3.0,W09,001,15.0,0.7,0.001,8,0.2,True,427,0.2845467795808631,0.026792887104562967
D,3.0,W09,001,15.0,0.7,0.001,10,0.1,True,412,0.24990669844380345,0.029748883053480862
D,3.0,W09,001,15.0,0.7,0.001,10,0.2,True,427,0.2845467795808631,0.026792887104562967
D,3.0,W09,001,15.0,0.75,0.0005,6,0.1,True,412,0.24990669844380345,0.029748883053480862
D,3.0,W09,001,15.0,0.75,0.0005,6,0.2,True,412,0.24990669844380345,0.029748883053480862
D,3.0,W09,001,15.0,0.75,0.0005,8,0.1,True,412,0.24990669844380345,0.029748883053480862
D,3.0,W09,001,15.0,0.75,0.0005,8,0.2,True,412,0.24990669844380345,0.029748883053480862
D,3.0,W09,001,15.0,0.75,0.0005,10,0.1,True,412,0.24990669844380345,0.029748883053480862
D,3.0,W09,001,15.0,0.75,0.0005,10,0.2,True,412,0.24990669844380345,0.029748883053480862
D,3.0,W09,001,15.0,0.75,0.001,6,0.1,True,412,0.24990669844380345,0.029748883053480862
D,3.0,W09,001,15.0,0.75,0.001,6,0.2,True,433,0.30058460170964163,0.025618115641984594
D,3.0,W09,001,15.0,0.75,0.001,8,0.1,True,412,0.24990669844380345,0.029748883053480862
D,3.0,W09,001,15.0,0.75,0.001,8,0.2,True,433,0.30058460170964163,0.025618115641984594
D,3.0,W09,001,15.0,0.75,0.001,10,0.1,True,412,0.24990669844380345,0.029748883053480862
D,3.0,W09,001,15.0,0.75,0.001,10,0.2,True,433,0.30058460170964163,0.025618115641984594
D,3.0,W09,001,15.0,0.8,0.0005,6,0.1,True,412,0.24990669844380345,0.029748883053480862
D,3.0,W09,001,15.0,0.8,0.0005,6,0.2,True,412,0.24990669844380345,0.029748883053480862
D,3.0,W09,001,15.0,0.8,0.0005,8,0.1,True,412,0.24990669844380345,0.029748883053480862
D,3.0,W09,001,15.0,0.8,0.0005,8,0.2,True,412,0.24990669844380345,0.029748883053480862
D,3.0,W09,001,15.0,0.8,0.0005,10,0.1,True,412,0.24990669844380345,0.029748883053480862
D,3.0,W09,001,15.0,0.8,0.0005,10,0.2,True,412,0.24990669844380345,0.029748883053480862
D,3.0,W09,001,15.0,0.8,0.001,6,0.1,True,412,0.24990669844380345,0.029748883053480862
D,3.0,W09,001,15.0,0.8,0.001,6,0.2,True,436,0.3088708778461778,0.025005601256726736
D,3.0,W09,001,15.0,0.8,0.001,8,0.1,True,412,0.24990669844380345,0.029748883053480862
D,3.0,W09,001,15.0,0.8,0.001,8,0.2,True,436,0.3088708778461778,0.025005601256726736
D,3.0,W09,001,15.0,0.8,0.001,10,0.1,True,412,0.24990669844380345,0.029748883053480862
D,3.0,W09,001,15.0,0.8,0.001,10,0.2,False,,,
D,3.0,W09,001,20.0,0.7,0.0005,6,0.1,True,412,0.24990669844380345,0.029748883053480862
D,3.0,W09,001,20.0,0.7,0.0005,6,0.2,True,412,0.24990669844380345,0.029748883053480862
D,3.0,W09,001,20.0,0.7,0.0005,8,0.1,True,412,0.24990669844380345,0.029748883053480862
D,3.0,W09,001,20.0,0.7,0.0005,8,0.2,True,412,0.24990669844380345,0.029748883053480862
D,3.0,W09,001,20.0,0.7,0.0005,10,0.1,True,412,0.24990669844380345,0.029748883053480862
D,3.0,W09,001,20.0,0.7,0.0005,10,0.2,True,412,0.24990669844380345,0.029748883053480862
D,3.0,W09,001,20.0,0.7,0.001,6,0.1,True,412,0.24990669844380345,0.029748883053480862
D,3.0,W09,001,20.0,0.7,0.001,6,0.2,True,412,0.24990669844380345,0.029748883053480862
D,3.0,W09,001,20.0,0.7,0.001,8,0.1,True,412,0.24990669844380345,0.029748883053480862
D,3.0,W09,001,20.0,0.7,0.001,8,0.2,True,412,0.24990669844380345,0.029748883053480862
D,3.0,W09,001,20.0,0.7,0.001,10,0.1,True,412,0.24990669844380345,0.029748883053480862
D,3.0,W09,001,20.0,0.7,0.001,10,0.2,True,412,0.24990669844380345,0.029748883053480862
D,3.0,W09,001,20.0,0.75,0.0005,6,0.1,True,412,0.24990669844380345,0.029748883053480862
D,3.0,W09,001,20.0,0.75,0.0005,6,0.2,True,412,0.24990669844380345,0.029748883053480862
D,3.0,W09,001,20.0,0.75,0.0005,8,0.1,True,412,0.24990669844380345,0.029748883053480862
D,3.0,W09,001,20.0,0.75,0.0005,8,0.2,True,412,0.24990669844380345,0.029748883053480862
D,3.0,W09,001,20.0,0.75,0.0005,10,0.1,True,412,0.24990669844380345,0.029748883053480862
D,3.0,W09,001,20.0,0.75,0.0005,10,0.2,True,412,0.24990669844380345,0.029748883053480862
D,3.0,W09,001,20.0,0.75,0.001,6,0.1,True,412,0.24990669844380345,0.029748883053480862
D,3.0,W09,001,20.0,0.75,0.001,6,0.2,True,434,0.3033160089728344,0.02542395297303257
D,3.0,W09,001,20.0,0.75,0.001,8,0.1,True,412,0.24990669844380345,0.029748883053480862
D,3.0,W09,001,20.0,0.75,0.001,8,0.2,True,434,0.3033160089728344,0.02542395297303257
D,3.0,W09,001,20.0,0.75,0.001,10,0.1,True,412,0.24990669844380345,0.029748883053480862
D,3.0,W09,001,20.0,0.75,0.001,10,0.2,True,434,0.3033160089728344,0.02542395297303257
D,3.0,W09,001,20.0,0.8,0.0005,6,0.1,True,412,0.24990669844380345,0.029748883053480862
D,3.0,W09,001,20.0,0.8,0.0005,6,0.2,True,412,0.24990669844380345,0.029748883053480862
D,3.0,W09,001,20.0,0.8,0.0005,8,0.1,True,412,0.24990669844380345,0.029748883053480862
D,3.0,W09,001,20.0,0.8,0.0005,8,0.2,True,412,0.24990669844380345,0.029748883053480862
D,3.0,W09,001,20.0,0.8,0.0005,10,0.1,True,412,0.24990669844380345,0.029748883053480862
D,3.0,W09,001,20.0,0.8,0.0005,10,0.2,True,412,0.24990669844380345,0.029748883053480862
D,3.0,W09,001,20.0,0.8,0.001,6,0.1,True,412,0.24990669844380345,0.029748883053480862
D,3.0,W09,001,20.0,0.8,0.001,6,0.2,True,438,0.31424377517527846,0.024574317127825266
D,3.0,W09,001,20.0,0.8,0.001,8,0.1,True,412,0.24990669844380345,0.029748883053480862
D,3.0,W09,001,20.0,0.8,0.001,8,0.2,False,,,
D,3.0,W09,001,20.0,0.8,0.001,10,0.1,True,412,0.24990669844380345,0.029748883053480862
D,3.0,W09,001,20.0,0.8,0.001,10,0.2,False,,,
D,3.0,W09,001,25.0,0.7,0.0005,6,0.1,True,412,0.24989405102454698,0.029717512619801056
D,3.0,W09,001,25.0,0.7,0.0005,6,0.2,True,412,0.24989405102454698,0.029717512619801056
D,3.0,W09,001,25.0,0.7,0.0005,8,0.1,True,412,0.24989405102454698,0.029717512619801056
D,3.0,W09,001,25.0,0.7,0.0005,8,0.2,True,412,0.24989405102454698,0.029717512619801056
D,3.0,W09,001,25.0,0.7,0.0005,10,0.1,True,412,0.24989405102454698,0.029717512619801056
D,3.0,W09,001,25.0,0.7,0.0005,10,0.2,True,412,0.24989405102454698,0.029717512619801056
D,3.0,W09,001,25.0,0.7,0.001,6,0.1,True,412,0.24989405102454698,0.029717512619801056
D,3.0,W09,001,25.0,0.7,0.001,6,0.2,True,412,0.24989405102454698,0.029717512619801056
D,3.0,W09,001,25.0,0.7,0.001,8,0.1,True,412,0.24989405102454698,0.029717512619801056
D,3.0,W09,001,25.0,0.7,0.001,8,0.2,True,412,0.24989405102454698,0.029717512619801056
D,3.0,W09,001,25.0,0.7,0.001,10,0.1,True,412,0.24989405102454698,0.029717512619801056
D,3.0,W09,001,25.0,0.7,0.001,10,0.2,True,412,0.24989405102454698,0.029717512619801056
D,3.0,W09,001,25.0,0.75,0.0005,6,0.1,True,412,0.24989405102454698,0.029717512619801056
D,3.0,W09,001,25.0,0.75,0.0005,6,0.2,True,412,0.24989405102454698,0.029717512619801056
D,3.0,W09,001,25.0,0.75,0.0005,8,0.1,True,412,0.24989405102454698,0.029717512619801056
D,3.0,W09,001,25.0,0.75,0.0005,8,0.2,True,412,0.24989405102454698,0.029717512619801056
D,3.0,W09,001,25.0,0.75,0.0005,10,0.1,True,412,0.24989405102454698,0.029717512619801056
D,3.0,W09,001,25.0,0.75,0.0005,10,0.2,True,412,0.24989405102454698,0.029717512619801056
D,3.0,W09,001,25.0,0.75,0.001,6,0.1,True,412,0.24989405102454698,0.029717512619801056
D,3.0,W09,001,25.0,0.75,0.001,6,0.2,True,434,0.3034098839912659,0.025378129039055262
D,3.0,W09,001,25.0,0.75,0.001,8,0.1,True,412,0.24989405102454698,0.029717512619801056
D,3.0,W09,001,25.0,0.75,0.001,8,0.2,True,434,0.3034098839912659,0.025378129039055262
D,3.0,W09,001,25.0,0.75,0.001,10,0.1,True,412,0.24989405102454698,0.029717512619801056
D,3.0,W09,001,25.0,0.75,0.001,10,0.2,True,434,0.3034098839912659,0.025378129039055262
D,3.0,W09,001,25.0,0.8,0.0005,6,0.1,True,412,0.24989405102454698,0.029717512619801056
D,3.0,W09,001,25.0,0.8,0.0005,6,0.2,True,412,0.24989405102454698,0.029717512619801056
D,3.0,W09,001,25.0,0.8,0.0005,8,0.1,True,412,0.24989405102454698,0.029717512619801056
D,3.0,W09,001,25.0,0.8,0.0005,8,0.2,True,412,0.24989405102454698,0.029717512619801056
D,3.0,W09,001,25.0,0.8,0.0005,10,0.1,True,412,0.24989405102454698,0.029717512619801056
D,3.0,W09,001,25.0,0.8,0.0005,10,0.2,True,412,0.24989405102454698,0.029717512619801056
D,3.0,W09,001,25.0,0.8,0.001,6,0.1,True,412,0.24989405102454698,0.029717512619801056
D,3.0,W09,001,25.0,0.8,0.001,6,0.2,False,,,
D,3.0,W09,001,25.0,0.8,0.001,8,0.1,True,412,0.24989405102454698,0.029717512619801056
D,3.0,W09,001,25.0,0.8,0.001,8,0.2,False,,,
D,3.0,W09,001,25.0,0.8,0.001,10,0.1,True,412,0.24989405102454698,0.029717512619801056
D,3.0,W09,001,25.0,0.8,0.001,10,0.2,False,,,
D,3.0,W09,002,15.0,0.7,0.0005,6,0.1,True,428,0.3031423228332795,0.024710552160998423
D,3.0,W09,002,15.0,0.7,0.0005,6,0.2,True,429,0.30535693089646027,0.024484824882932455
D,3.0,W09,002,15.0,0.7,0.0005,8,0.1,True,428,0.3031423228332795,0.024710552160998423
D,3.0,W09,002,15.0,0.7,0.0005,8,0.2,True,429,0.30535693089646027,0.024484824882932455
D,3.0,W09,002,15.0,0.7,0.0005,10,0.1,True,428,0.3031423228332795,0.024710552160998423
D,3.0,W09,002,15.0,0.7,0.0005,10,0.2,True,429,0.30535693089646027,0.024484824882932455
D,3.0,W09,002,15.0,0.7,0.001,6,0.1,True,429,0.30535693089646027,0.024484824882932455
D,3.0,W09,002,15.0,0.7,0.001,6,0.2,False,,,
D,3.0,W09,002,15.0,0.7,0.001,8,0.1,True,429,0.30535693089646027,0.024484824882932455
D,3.0,W09,002,15.0,0.7,0.001,8,0.2,False,,,
D,3.0,W09,002,15.0,0.7,0.001,10,0.1,True,429,0.30535693089646027,0.024484824882932455
D,3.0,W09,002,15.0,0.7,0.001,10,0.2,False,,,
D,3.0,W09,002,15.0,0.75,0.0005,6,0.1,True,428,0.3031423228332795,0.024710552160998423
D,3.0,W09,002,15.0,0.75,0.0005,6,0.2,True,429,0.30535693089646027,0.024484824882932455
D,3.0,W09,002,15.0,0.75,0.0005,8,0.1,True,428,0.3031423228332795,0.024710552160998423
D,3.0,W09,002,15.0,0.75,0.0005,8,0.2,True,429,0.30535693089646027,0.024484824882932455
D,3.0,W09,002,15.0,0.75,0.0005,10,0.1,True,428,0.3031423228332795,0.024710552160998423
D,3.0,W09,002,15.0,0.75,0.0005,10,0.2,True,429,0.30535693089646027,0.024484824882932455
D,3.0,W09,002,15.0,0.75,0.001,6,0.1,True,429,0.30535693089646027,0.024484824882932455
D,3.0,W09,002,15.0,0.75,0.001,6,0.2,False,,,
D,3.0,W09,002,15.0,0.75,0.001,8,0.1,True,429,0.30535693089646027,0.024484824882932455
D,3.0,W09,002,15.0,0.75,0.001,8,0.2,False,,,
D,3.0,W09,002,15.0,0.75,0.001,10,0.1,True,429,0.30535693089646027,0.024484824882932455
D,3.0,W09,002,15.0,0.75,0.001,10,0.2,False,,,
D,3.0,W09,002,15.0,0.8,0.0005,6,0.1,True,402,0.24237720399017793,0.029917517609624977
D,3.0,W09,002,15.0,0.8,0.0005,6,0.2,True,429,0.30535693089646027,0.024484824882932455
D,3.0,W09,002,15.0,0.8,0.0005,8,0.1,True,402,0.24237720399017793,0.029917517609624977
D,3.0,W09,002,15.0,0.8,0.0005,8,0.2,True,429,0.30535693089646027,0.024484824882932455
D,3.0,W09,002,15.0,0.8,0.0005,10,0.1,True,428,0.3031423228332795,0.024710552160998423
D,3.0,W09,002,15.0,0.8,0.0005,10,0.2,True,429,0.30535693089646027,0.024484824882932455
D,3.0,W09,002,15.0,0.8,0.001,6,0.1,True,429,0.30535693089646027,0.024484824882932455
D,3.0,W09,002,15.0,0.8,0.001,6,0.2,False,,,
D,3.0,W09,002,15.0,0.8,0.001,8,0.1,True,429,0.30535693089646027,0.024484824882932455
D,3.0,W09,002,15.0,0.8,0.001,8,0.2,False,,,
D,3.0,W09,002,15.0,0.8,0.001,10,0.1,True,429,0.30535693089646027,0.024484824882932455
D,3.0,W09,002,15.0,0.8,0.001,10,0.2,False,,,
D,3.0,W09,002,20.0,0.7,0.0005,6,0.1,True,407,0.25241649563772134,0.02880173634333783
D,3.0,W09,002,20.0,0.7,0.0005,6,0.2,True,428,0.3031423228332795,0.024710552160998423
D,3.0,W09,002,20.0,0.7,0.0005,8,0.1,True,407,0.25241649563772134,0.02880173634333783
D,3.0,W09,002,20.0,0.7,0.0005,8,0.2,True,428,0.3031423228332795,0.024710552160998423
D,3.0,W09,002,20.0,0.7,0.0005,10,0.1,True,427,0.3009347240608859,0.024775299681238382
D,3.0,W09,002,20.0,0.7,0.0005,10,0.2,True,428,0.3031423228332795,0.024710552160998423
D,3.0,W09,002,20.0,0.7,0.001,6,0.1,True,428,0.3031423228332795,0.024710552160998423
D,3.0,W09,002,20.0,0.7,0.001,6,0.2,False,,,
D,3.0,W09,002,20.0,0.7,0.001,8,0.1,True,428,0.3031423228332795,0.024710552160998423
D,3.0,W09,002,20.0,0.7,0.001,8,0.2,False,,,
D,3.0,W09,002,20.0,0.7,0.001,10,0.1,True,428,0.3031423228332795,0.024710552160998423
D,3.0,W09,002,20.0,0.7,0.001,10,0.2,False,,,
D,3.0,W09,002,20.0,0.75,0.0005,6,0.1,True,402,0.24237720399017793,0.029917517609624977
D,3.0,W09,002,20.0,0.75,0.0005,6,0.2,True,428,0.3031423228332795,0.024710552160998423
D,3.0,W09,002,20.0,0.75,0.0005,8,0.1,True,402,0.24237720399017793,0.029917517609624977
D,3.0,W09,002,20.0,0.75,0.0005,8,0.2,True,428,0.3031423228332795,0.024710552160998423
D,3.0,W09,002,20.0,0.75,0.0005,10,0.1,True,402,0.24237720399017793,0.029917517609624977
D,3.0,W09,002,20.0,0.75,0.0005,10,0.2,True,428,0.3031423228332795,0.024710552160998423
D,3.0,W09,002,20.0,0.75,0.001,6,0.1,True,428,0.3031423228332795,0.024710552160998423
D,3.0,W09,002,20.0,0.75,0.001,6,0.2,False,,,
D,3.0,W09,002,20.0,0.75,0.001,8,0.1,True,428,0.3031423228332795,0.024710552160998423
D,3.0,W09,002,20.0,0.75,0.001,8,0.2,False,,,
D,3.0,W09,002,20.0,0.75,0.001,10,0.1,True,428,0.3031423228332795,0.024710552160998423
D,3.0,W09,002,20.0,0.75,0.001,10,0.2,False,,,
D,3.0,W09,002,20.0,0.8,0.0005,6,0.1,True,402,0.24237720399017793,0.029917517609624977
D,3.0,W09,002,20.0,0.8,0.0005,6,0.2,True,428,0.3031423228332795,0.024710552160998423
D,3.0,W09,002,20.0,0.8,0.0005,8,0.1,True,402,0.24237720399017793,0.029917517609624977
D,3.0,W09,002,20.0,0.8,0.0005,8,0.2,True,428,0.3031423228332795,0.024710552160998423
D,3.0,W09,002,20.0,0.8,0.0005,10,0.1,True,402,0.24237720399017793,0.029917517609624977
D,3.0,W09,002,20.0,0.8,0.0005,10,0.2,True,428,0.3031423228332795,0.024710552160998423
D,3.0,W09,002,20.0,0.8,0.001,6,0.1,True,407,0.25241649563772134,0.02880173634333783
D,3.0,W09,002,20.0,0.8,0.001,6,0.2,False,,,
D,3.0,W09,002,20.0,0.8,0.001,8,0.1,True,428,0.3031423228332795,0.024710552160998423
D,3.0,W09,002,20.0,0.8,0.001,8,0.2,False,,,
D,3.0,W09,002,20.0,0.8,0.001,10,0.1,True,428,0.3031423228332795,0.024710552160998423
D,3.0,W09,002,20.0,0.8,0.001,10,0.2,False,,,
D,3.0,W09,002,25.0,0.7,0.0005,6,0.1,True,402,0.24248750928120735,0.02984937758017809
D,3.0,W09,002,25.0,0.7,0.0005,6,0.2,True,412,0.26555792567057485,0.02771244513300749
D,3.0,W09,002,25.0,0.7,0.0005,8,0.1,True,402,0.24248750928120735,0.02984937758017809
D,3.0,W09,002,25.0,0.7,0.0005,8,0.2,True,428,0.30329263248504734,0.02462495080171487
D,3.0,W09,002,25.0,0.7,0.0005,10,0.1,True,402,0.24248750928120735,0.02984937758017809
D,3.0,W09,002,25.0,0.7,0.0005,10,0.2,True,428,0.30329263248504734,0.02462495080171487
D,3.0,W09,002,25.0,0.7,0.001,6,0.1,True,412,0.26555792567057485,0.02771244513300749
D,3.0,W09,002,25.0,0.7,0.001,6,0.2,False,,,
D,3.0,W09,002,25.0,0.7,0.001,8,0.1,True,428,0.30329263248504734,0.02462495080171487
D,3.0,W09,002,25.0,0.7,0.001,8,0.2,False,,,
D,3.0,W09,002,25.0,0.7,0.001,10,0.1,True,428,0.30329263248504734,0.02462495080171487
D,3.0,W09,002,25.0,0.7,0.001,10,0.2,False,,,
D,3.0,W09,002,25.0,0.75,0.0005,6,0.1,True,402,0.24248750928120735,0.02984937758017809
D,3.0,W09,002,25.0,0.75,0.0005,6,0.2,True,412,0.26555792567057485,0.02771244513300749
D,3.0,W09,002,25.0,0.75,0.0005,8,0.1,True,402,0.24248750928120735,0.02984937758017809
D,3.0,W09,002,25.0,0.75,0.0005,8,0.2,True,428,0.30329263248504734,0.02462495080171487
D,3.0,W09,002,25.0,0.75,0.0005,10,0.1,True,402,0.24248750928120735,0.02984937758017809
D,3.0,W09,002,25.0,0.75,0.0005,10,0.2,True,428,0.30329263248504734,0.02462495080171487
D,3.0,W09,002,25.0,0.75,0.001,6,0.1,True,412,0.26555792567057485,0.02771244513300749
D,3.0,W09,002,25.0,0.75,0.001,6,0.2,False,,,
D,3.0,W09,002,25.0,0.75,0.001,8,0.1,True,428,0.30329263248504734,0.02462495080171487
D,3.0,W09,002,25.0,0.75,0.001,8,0.2,False,,,
D,3.0,W09,002,25.0,0.75,0.001,10,0.1,True,428,0.30329263248504734,0.02462495080171487
D,3.0,W09,002,25.0,0.75,0.001,10,0.2,False,,,
D,3.0,W09,002,25.0,0.8,0.0005,6,0.1,True,402,0.24248750928120735,0.02984937758017809
D,3.0,W09,002,25.0,0.8,0.0005,6,0.2,True,407,0.2524999771744777,0.02873700627913842
D,3.0,W09,002,25.0,0.8,0.0005,8,0.1,True,402,0.24248750928120735,0.02984937758017809
D,3.0,W09,002,25.0,0.8,0.0005,8,0.2,True,407,0.2524999771744777,0.02873700627913842
D,3.0,W09,002,25.0,0.8,0.0005,10,0.1,True,402,0.24248750928120735,0.02984937758017809
D,3.0,W09,002,25.0,0.8,0.0005,10,0.2,True,428,0.30329263248504734,0.02462495080171487
D,3.0,W09,002,25.0,0.8,0.001,6,0.1,True,407,0.2524999771744777,0.02873700627913842
D,3.0,W09,002,25.0,0.8,0.001,6,0.2,False,,,
D,3.0,W09,002,25.0,0.8,0.001,8,0.1,True,407,0.2524999771744777,0.02873700627913842
D,3.0,W09,002,25.0,0.8,0.001,8,0.2,False,,,
D,3.0,W09,002,25.0,0.8,0.001,10,0.1,True,428,0.30329263248504734,0.02462495080171487
D,3.0,W09,002,25.0,0.8,0.001,10,0.2,False,,,
D,3.0,W10,001,15.0,0.7,0.0005,6,0.1,True,382,0.2124134466836327,0.040594757191444696
D,3.0,W10,001,15.0,0.7,0.0005,6,0.2,True,397,0.22695056721568108,0.03936609792474069
D,3.0,W10,001,15.0,0.7,0.0005,8,0.1,True,382,0.2124134466836327,0.040594757191444696
D,3.0,W10,001,15.0,0.7,0.0005,8,0.2,True,397,0.22695056721568108,0.03936609792474069
D,3.0,W10,001,15.0,0.7,0.0005,10,0.1,True,382,0.2124134466836327,0.040594757191444696
D,3.0,W10,001,15.0,0.7,0.0005,10,0.2,True,397,0.22695056721568108,0.03936609792474069
D,3.0,W10,001,15.0,0.7,0.001,6,0.1,True,402,0.23491226685674568,0.0388325913564155
D,3.0,W10,001,15.0,0.7,0.001,6,0.2,True,412,0.2544646910146663,0.03718510132871176
D,3.0,W10,001,15.0,0.7,0.001,8,0.1,True,402,0.23491226685674568,0.0388325913564155
D,3.0,W10,001,15.0,0.7,0.001,8,0.2,True,412,0.2544646910146663,0.03718510132871176
D,3.0,W10,001,15.0,0.7,0.001,10,0.1,True,402,0.23491226685674568,0.0388325913564155
D,3.0,W10,001,15.0,0.7,0.001,10,0.2,True,412,0.2544646910146663,0.03718510132871176
D,3.0,W10,001,15.0,0.75,0.0005,6,0.1,True,382,0.2124134466836327,0.040594757191444696
D,3.0,W10,001,15.0,0.75,0.0005,6,0.2,True,397,0.22695056721568108,0.03936609792474069
D,3.0,W10,001,15.0,0.75,0.0005,8,0.1,True,382,0.2124134466836327,0.040594757191444696
D,3.0,W10,001,15.0,0.75,0.0005,8,0.2,True,397,0.22695056721568108,0.03936609792474069
D,3.0,W10,001,15.0,0.75,0.0005,10,0.1,True,382,0.2124134466836327,0.040594757191444696
D,3.0,W10,001,15.0,0.75,0.0005,10,0.2,True,397,0.22695056721568108,0.03936609792474069
D,3.0,W10,001,15.0,0.75,0.001,6,0.1,True,402,0.23491226685674568,0.0388325913564155
D,3.0,W10,001,15.0,0.75,0.001,6,0.2,True,412,0.2544646910146663,0.03718510132871176
D,3.0,W10,001,15.0,0.75,0.001,8,0.1,True,402,0.23491226685674568,0.0388325913564155
D,3.0,W10,001,15.0,0.75,0.001,8,0.2,True,412,0.2544646910146663,0.03718510132871176
D,3.0,W10,001,15.0,0.75,0.001,10,0.1,True,402,0.23491226685674568,0.0388325913564155
D,3.0,W10,001,15.0,0.75,0.001,10,0.2,True,422,0.2762108107930736,0.03541963645502141
D,3.0,W10,001,15.0,0.8,0.0005,6,0.1,True,392,0.21980935805722288,0.04007532575020665
D,3.0,W10,001,15.0,0.8,0.0005,6,0.2,True,397,0.22695056721568108,0.03936609792474069
D,3.0,W10,001,15.0,0.8,0.0005,8,0.1,True,392,0.21980935805722288,0.04007532575020665
D,3.0,W10,001,15.0,0.8,0.0005,8,0.2,True,397,0.22695056721568108,0.03936609792474069
D,3.0,W10,001,15.0,0.8,0.0005,10,0.1,True,392,0.21980935805722288,0.04007532575020665
D,3.0,W10,001,15.0,0.8,0.0005,10,0.2,True,397,0.22695056721568108,0.03936609792474069
D,3.0,W10,001,15.0,0.8,0.001,6,0.1,True,412,0.2544646910146663,0.03718510132871176
D,3.0,W10,001,15.0,0.8,0.001,6,0.2,True,424,0.28079694940855626,0.03495436397038008
D,3.0,W10,001,15.0,0.8,0.001,8,0.1,True,412,0.2544646910146663,0.03718510132871176
D,3.0,W10,001,15.0,0.8,0.001,8,0.2,True,424,0.28079694940855626,0.03495436397038008
D,3.0,W10,001,15.0,0.8,0.001,10,0.1,True,412,0.2544646910146663,0.03718510132871176
D,3.0,W10,001,15.0,0.8,0.001,10,0.2,True,424,0.28079694940855626,0.03495436397038008
D,3.0,W10,001,20.0,0.7,0.0005,6,0.1,True,382,0.2124134466836327,0.040594757191444696
D,3.0,W10,001,20.0,0.7,0.0005,6,0.2,True,397,0.22695056721568108,0.03936609792474069
D,3.0,W10,001,20.0,0.7,0.0005,8,0.1,True,382,0.2124134466836327,0.040594757191444696
D,3.0,W10,001,20.0,0.7,0.0005,8,0.2,True,397,0.22695056721568108,0.03936609792474069
D,3.0,W10,001,20.0,0.7,0.0005,10,0.1,True,382,0.2124134466836327,0.040594757191444696
D,3.0,W10,001,20.0,0.7,0.0005,10,0.2,True,397,0.22695056721568108,0.03936609792474069
D,3.0,W10,001,20.0,0.7,0.001,6,0.1,True,402,0.23491226685674568,0.0388325913564155
D,3.0,W10,001,20.0,0.7,0.001,6,0.2,True,424,0.28079694940855626,0.03495436397038008
D,3.0,W10,001,20.0,0.7,0.001,8,0.1,True,402,0.23491226685674568,0.0388325913564155
D,3.0,W10,001,20.0,0.7,0.001,8,0.2,True,424,0.28079694940855626,0.03495436397038008
D,3.0,W10,001,20.0,0.7,0.001,10,0.1,True,402,0.23491226685674568,0.0388325913564155
D,3.0,W10,001,20.0,0.7,0.001,10,0.2,True,424,0.28079694940855626,0.03495436397038008
D,3.0,W10,001,20.0,0.75,0.0005,6,0.1,True,382,0.2124134466836327,0.040594757191444696
D,3.0,W10,001,20.0,0.75,0.0005,6,0.2,True,397,0.22695056721568108,0.03936609792474069
D,3.0,W10,001,20.0,0.75,0.0005,8,0.1,True,382,0.2124134466836327,0.040594757191444696
D,3.0,W10,001,20.0,0.75,0.0005,8,0.2,True,397,0.22695056721568108,0.03936609792474069
D,3.0,W10,001,20.0,0.75,0.0005,10,0.1,True,382,0.2124134466836327,0.040594757191444696
D,3.0,W10,001,20.0,0.75,0.0005,10,0.2,True,397,0.22695056721568108,0.03936609792474069
D,3.0,W10,001,20.0,0.75,0.001,6,0.1,True,402,0.23491226685674568,0.0388325913564155
D,3.0,W10,001,20.0,0.75,0.001,6,0.2,True,425,0.28314467872443955,0.03476584310594358
D,3.0,W10,001,20.0,0.75,0.001,8,0.1,True,402,0.23491226685674568,0.0388325913564155
D,3.0,W10,001,20.0,0.75,0.001,8,0.2,True,425,0.28314467872443955,0.03476584310594358
D,3.0,W10,001,20.0,0.75,0.001,10,0.1,True,402,0.23491226685674568,0.0388325913564155
D,3.0,W10,001,20.0,0.75,0.001,10,0.2,True,425,0.28314467872443955,0.03476584310594358
D,3.0,W10,001,20.0,0.8,0.0005,6,0.1,True,392,0.21980935805722288,0.04007532575020665
D,3.0,W10,001,20.0,0.8,0.0005,6,0.2,True,402,0.23491226685674568,0.0388325913564155
D,3.0,W10,001,20.0,0.8,0.0005,8,0.1,True,392,0.21980935805722288,0.04007532575020665
D,3.0,W10,001,20.0,0.8,0.0005,8,0.2,True,402,0.23491226685674568,0.0388325913564155
D,3.0,W10,001,20.0,0.8,0.0005,10,0.1,True,392,0.21980935805722288,0.04007532575020665
D,3.0,W10,001,20.0,0.8,0.0005,10,0.2,True,402,0.23491226685674568,0.0388325913564155
D,3.0,W10,001,20.0,0.8,0.001,6,0.1,True,412,0.2544646910146663,0.03718510132871176
D,3.0,W10,001,20.0,0.8,0.001,6,0.2,True,430,0.2994532957673073,0.033871929308301525
D,3.0,W10,001,20.0,0.8,0.001,8,0.1,True,412,0.2544646910146663,0.03718510132871176
D,3.0,W10,001,20.0,0.8,0.001,8,0.2,True,430,0.2994532957673073,0.033871929308301525
D,3.0,W10,001,20.0,0.8,0.001,10,0.1,True,412,0.2544646910146663,0.03718510132871176
D,3.0,W10,001,20.0,0.8,0.001,10,0.2,True,430,0.2994532957673073,0.033871929308301525
D,3.0,W10,001,25.0,0.7,0.0005,6,0.1,True,397,0.22687146150403553,0.039348205344544515
D,3.0,W10,001,25.0,0.7,0.0005,6,0.2,True,402,0.234829761294855,0.03881131961113877
D,3.0,W10,001,25.0,0.7,0.0005,8,0.1,True,397,0.22687146150403553,0.039348205344544515
D,3.0,W10,001,25.0,0.7,0.0005,8,0.2,True,402,0.234829761294855,0.03881131961113877
D,3.0,W10,001,25.0,0.7,0.0005,10,0.1,True,397,0.22687146150403553,0.039348205344544515
D,3.0,W10,001,25.0,0.7,0.0005,10,0.2,True,402,0.234829761294855,0.03881131961113877
D,3.0,W10,001,25.0,0.7,0.001,6,0.1,True,412,0.25431620619363254,0.03714746009144518
D,3.0,W10,001,25.0,0.7,0.001,6,0.2,True,436,0.3186655201845699,0.03242681734263897
D,3.0,W10,001,25.0,0.7,0.001,8,0.1,True,412,0.25431620619363254,0.03714746009144518
D,3.0,W10,001,25.0,0.7,0.001,8,0.2,True,436,0.3186655201845699,0.03242681734263897
D,3.0,W10,001,25.0,0.7,0.001,10,0.1,True,412,0.25431620619363254,0.03714746009144518
D,3.0,W10,001,25.0,0.7,0.001,10,0.2,True,436,0.3186655201845699,0.03242681734263897
D,3.0,W10,001,25.0,0.75,0.0005,6,0.1,True,397,0.22687146150403553,0.039348205344544515
D,3.0,W10,001,25.0,0.75,0.0005,6,0.2,True,407,0.2432464568151368,0.03809606397731437
D,3.0,W10,001,25.0,0.75,0.0005,8,0.1,True,397,0.22687146150403553,0.039348205344544515
D,3.0,W10,001,25.0,0.75,0.0005,8,0.2,True,407,0.2432464568151368,0.03809606397731437
D,3.0,W10,001,25.0,0.75,0.0005,10,0.1,True,397,0.22687146150403553,0.039348205344544515
D,3.0,W10,001,25.0,0.75,0.0005,10,0.2,True,407,0.2432464568151368,0.03809606397731437
D,3.0,W10,001,25.0,0.75,0.001,6,0.1,True,412,0.25431620619363254,0.03714746009144518
D,3.0,W10,001,25.0,0.75,0.001,6,0.2,True,437,0.3227120161884361,0.03209071440829171
D,3.0,W10,001,25.0,0.75,0.001,8,0.1,True,412,0.25431620619363254,0.03714746009144518
D,3.0,W10,001,25.0,0.75,0.001,8,0.2,True,437,0.3227120161884361,0.03209071440829171
D,3.0,W10,001,25.0,0.75,0.001,10,0.1,True,412,0.25431620619363254,0.03714746009144518
D,3.0,W10,001,25.0,0.75,0.001,10,0.2,True,437,0.3227120161884361,0.03209071440829171
D,3.0,W10,001,25.0,0.8,0.0005,6,0.1,True,397,0.22687146150403553,0.039348205344544515
D,3.0,W10,001,25.0,0.8,0.0005,6,0.2,True,412,0.25431620619363254,0.03714746009144518
D,3.0,W10,001,25.0,0.8,0.0005,8,0.1,True,397,0.22687146150403553,0.039348205344544515
D,3.0,W10,001,25.0,0.8,0.0005,8,0.2,True,412,0.25431620619363254,0.03714746009144518
D,3.0,W10,001,25.0,0.8,0.0005,10,0.1,True,397,0.22687146150403553,0.039348205344544515
D,3.0,W10,001,25.0,0.8,0.0005,10,0.2,True,412,0.25431620619363254,0.03714746009144518
D,3.0,W10,001,25.0,0.8,0.001,6,0.1,True,422,0.276125132623646,0.035381907804144755
D,3.0,W10,001,25.0,0.8,0.001,6,0.2,True,439,0.33217455653680694,0.03161743448840247
D,3.0,W10,001,25.0,0.8,0.001,8,0.1,True,422,0.276125132623646,0.035381907804144755
D,3.0,W10,001,25.0,0.8,0.001,8,0.2,True,439,0.33217455653680694,0.03161743448840247
D,3.0,W10,001,25.0,0.8,0.001,10,0.1,True,422,0.276125132623646,0.035381907804144755
D,3.0,W10,001,25.0,0.8,0.001,10,0.2,True,439,0.33217455653680694,0.03161743448840247
D,3.0,W10,002,15.0,0.7,0.0005,6,0.1,True,417,0.26271503499473436,0.03657265043402293
D,3.0,W10,002,15.0,0.7,0.0005,6,0.2,True,429,0.2891026649130396,0.03451311489544719
D,3.0,W10,002,15.0,0.7,0.0005,8,0.1,True,417,0.26271503499473436,0.03657265043402293
D,3.0,W10,002,15.0,0.7,0.0005,8,0.2,True,429,0.2891026649130396,0.03451311489544719
D,3.0,W10,002,15.0,0.7,0.0005,10,0.1,True,417,0.26271503499473436,0.03657265043402293
D,3.0,W10,002,15.0,0.7,0.0005,10,0.2,True,429,0.2891026649130396,0.03451311489544719
D,3.0,W10,002,15.0,0.7,0.001,6,0.1,True,429,0.2891026649130396,0.03451311489544719
D,3.0,W10,002,15.0,0.7,0.001,6,0.2,True,433,0.2993272794298379,0.0336422909455127
D,3.0,W10,002,15.0,0.7,0.001,8,0.1,True,429,0.2891026649130396,0.03451311489544719
D,3.0,W10,002,15.0,0.7,0.001,8,0.2,True,433,0.2993272794298379,0.0336422909455127
D,3.0,W10,002,15.0,0.7,0.001,10,0.1,True,429,0.2891026649130396,0.03451311489544719
D,3.0,W10,002,15.0,0.7,0.001,10,0.2,True,433,0.2993272794298379,0.0336422909455127
D,3.0,W10,002,15.0,0.75,0.0005,6,0.1,True,411,0.24835926384092813,0.03779080474233053
D,3.0,W10,002,15.0,0.75,0.0005,6,0.2,True,428,0.28647621352988556,0.03472283805709287
D,3.0,W10,002,15.0,0.75,0.0005,8,0.1,True,411,0.24835926384092813,0.03779080474233053
D,3.0,W10,002,15.0,0.75,0.0005,8,0.2,True,428,0.28647621352988556,0.03472283805709287
D,3.0,W10,002,15.0,0.75,0.0005,10,0.1,True,411,0.24835926384092813,0.03779080474233053
D,3.0,W10,002,15.0,0.75,0.0005,10,0.2,True,428,0.28647621352988556,0.03472283805709287
D,3.0,W10,002,15.0,0.75,0.001,6,0.1,True,429,0.2891026649130396,0.03451311489544719
D,3.0,W10,002,15.0,0.75,0.001,6,0.2,True,432,0.296652299452977,0.033799501966281106
D,3.0,W10,002,15.0,0.75,0.001,8,0.1,True,429,0.2891026649130396,0.03451311489544719
D,3.0,W10,002,15.0,0.75,0.001,8,0.2,True,432,0.296652299452977,0.033799501966281106
D,3.0,W10,002,15.0,0.75,0.001,10,0.1,True,429,0.2891026649130396,0.03451311489544719
D,3.0,W10,002,15.0,0.75,0.001,10,0.2,True,432,0.296652299452977,0.033799501966281106
D,3.0,W10,002,15.0,0.8,0.0005,6,0.1,True,411,0.24835926384092813,0.03779080474233053
D,3.0,W10,002,15.0,0.8,0.0005,6,0.2,True,428,0.28647621352988556,0.03472283805709287
D,3.0,W10,002,15.0,0.8,0.0005,8,0.1,True,411,0.24835926384092813,0.03779080474233053
D,3.0,W10,002,15.0,0.8,0.0005,8,0.2,True,428,0.28647621352988556,0.03472283805709287
D,3.0,W10,002,15.0,0.8,0.0005,10,0.1,True,411,0.24835926384092813,0.03779080474233053
D,3.0,W10,002,15.0,0.8,0.0005,10,0.2,True,428,0.28647621352988556,0.03472283805709287
D,3.0,W10,002,15.0,0.8,0.001,6,0.1,True,429,0.2891026649130396,0.03451311489544719
D,3.0,W10,002,15.0,0.8,0.001,6,0.2,True,432,0.296652299452977,0.033799501966281106
D,3.0,W10,002,15.0,0.8,0.001,8,0.1,True,429,0.2891026649130396,0.03451311489544719
D,3.0,W10,002,15.0,0.8,0.001,8,0.2,True,432,0.296652299452977,0.033799501966281106
D,3.0,W10,002,15.0,0.8,0.001,10,0.1,True,429,0.2891026649130396,0.03451311489544719
D,3.0,W10,002,15.0,0.8,0.001,10,0.2,True,432,0.296652299452977,0.033799501966281106
D,3.0,W10,002,20.0,0.7,0.0005,6,0.1,True,415,0.25662165646811563,0.03704661678477942
D,3.0,W10,002,20.0,0.7,0.0005,6,0.2,True,428,0.28647621352988556,0.03472283805709287
D,3.0,W10,002,20.0,0.7,0.0005,8,0.1,True,415,0.25662165646811563,0.03704661678477942
D,3.0,W10,002,20.0,0.7,0.0005,8,0.2,True,428,0.28647621352988556,0.03472283805709287
D,3.0,W10,002,20.0,0.7,0.0005,10,0.1,True,415,0.25662165646811563,0.03704661678477942
D,3.0,W10,002,20.0,0.7,0.0005,10,0.2,True,428,0.28647621352988556,0.03472283805709287
D,3.0,W10,002,20.0,0.7,0.001,6,0.1,True,428,0.28647621352988556,0.03472283805709287
D,3.0,W10,002,20.0,0.7,0.001,6,0.2,True,434,0.30254897726587504,0.03341628252023674
D,3.0,W10,002,20.0,0.7,0.001,8,0.1,True,428,0.28647621352988556,0.03472283805709287
D,3.0,W10,002,20.0,0.7,0.001,8,0.2,True,434,0.30254897726587504,0.03341628252023674
D,3.0,W10,002,20.0,0.7,0.001,10,0.1,True,428,0.28647621352988556,0.03472283805709287
D,3.0,W10,002,20.0,0.7,0.001,10,0.2,True,434,0.30254897726587504,0.03341628252023674
D,3.0,W10,002,20.0,0.75,0.0005,6,0.1,True,415,0.25662165646811563,0.03704661678477942
D,3.0,W10,002,20.0,0.75,0.0005,6,0.2,True,428,0.28647621352988556,0.03472283805709287
D,3.0,W10,002,20.0,0.75,0.0005,8,0.1,True,415,0.25662165646811563,0.03704661678477942
D,3.0,W10,002,20.0,0.75,0.0005,8,0.2,True,428,0.28647621352988556,0.03472283805709287
D,3.0,W10,002,20.0,0.75,0.0005,10,0.1,True,415,0.25662165646811563,0.03704661678477942
D,3.0,W10,002,20.0,0.75,0.0005,10,0.2,True,428,0.28647621352988556,0.03472283805709287
D,3.0,W10,002,20.0,0.75,0.001,6,0.1,True,428,0.28647621352988556,0.03472283805709287
D,3.0,W10,002,20.0,0.75,0.001,6,0.2,True,434,0.30254897726587504,0.03341628252023674
D,3.0,W10,002,20.0,0.75,0.001,8,0.1,True,428,0.28647621352988556,0.03472283805709287
D,3.0,W10,002,20.0,0.75,0.001,8,0.2,True,434,0.30254897726587504,0.03341628252023674
D,3.0,W10,002,20.0,0.75,0.001,10,0.1,True,428,0.28647621352988556,0.03472283805709287
D,3.0,W10,002,20.0,0.75,0.001,10,0.2,True,434,0.30254897726587504,0.03341628252023674
D,3.0,W10,002,20.0,0.8,0.0005,6,0.1,True,411,0.24835926384092813,0.03779080474233053
D,3.0,W10,002,20.0,0.8,0.0005,6,0.2,True,428,0.28647621352988556,0.03472283805709287
D,3.0,W10,002,20.0,0.8,0.0005,8,0.1,True,411,0.24835926384092813,0.03779080474233053
D,3.0,W10,002,20.0,0.8,0.0005,8,0.2,True,428,0.28647621352988556,0.03472283805709287
D,3.0,W10,002,20.0,0.8,0.0005,10,0.1,True,411,0.24835926384092813,0.03779080474233053
D,3.0,W10,002,20.0,0.8,0.0005,10,0.2,True,428,0.28647621352988556,0.03472283805709287
D,3.0,W10,002,20.0,0.8,0.001,6,0.1,True,428,0.28647621352988556,0.03472283805709287
D,3.0,W10,002,20.0,0.8,0.001,6,0.2,True,437,0.3126624578452972,0.032943431512419
D,3.0,W10,002,20.0,0.8,0.001,8,0.1,True,428,0.28647621352988556,0.03472283805709287
D,3.0,W10,002,20.0,0.8,0.001,8,0.2,False,,,
D,3.0,W10,002,20.0,0.8,0.001,10,0.1,True,428,0.28647621352988556,0.03472283805709287
D,3.0,W10,002,20.0,0.8,0.001,10,0.2,False,,,
D,3.0,W10,002,25.0,0.7,0.0005,6,0.1,True,415,0.2567162208068065,0.037006603697171576
D,3.0,W10,002,25.0,0.7,0.0005,6,0.2,True,429,0.2892176356071081,0.03445729135702818
D,3.0,W10,002,25.0,0.7,0.0005,8,0.1,True,415,0.2567162208068065,0.037006603697171576
D,3.0,W10,002,25.0,0.7,0.0005,8,0.2,True,429,0.2892176356071081,0.03445729135702818
D,3.0,W10,002,25.0,0.7,0.0005,10,0.1,True,415,0.2567162208068065,0.037006603697171576
D,3.0,W10,002,25.0,0.7,0.0005,10,0.2,True,429,0.2892176356071081,0.03445729135702818
D,3.0,W10,002,25.0,0.7,0.001,6,0.1,True,429,0.2892176356071081,0.03445729135702818
D,3.0,W10,002,25.0,0.7,0.001,6,0.2,True,438,0.31590382984051335,0.03268901717204314
D,3.0,W10,002,25.0,0.7,0.001,8,0.1,True,429,0.2892176356071081,0.03445729135702818
D,3.0,W10,002,25.0,0.7,0.001,8,0.2,False,,,
D,3.0,W10,002,25.0,0.7,0.001,10,0.1,True,429,0.2892176356071081,0.03445729135702818
D,3.0,W10,002,25.0,0.7,0.001,10,0.2,False,,,
D,3.0,W10,002,25.0,0.75,0.0005,6,0.1,True,415,0.2567162208068065,0.037006603697171576
D,3.0,W10,002,25.0,0.75,0.0005,6,0.2,True,429,0.2892176356071081,0.03445729135702818
D,3.0,W10,002,25.0,0.75,0.0005,8,0.1,True,415,0.2567162208068065,0.037006603697171576
D,3.0,W10,002,25.0,0.75,0.0005,8,0.2,True,429,0.2892176356071081,0.03445729135702818
D,3.0,W10,002,25.0,0.75,0.0005,10,0.1,True,415,0.2567162208068065,0.037006603697171576
D,3.0,W10,002,25.0,0.75,0.0005,10,0.2,True,429,0.2892176356071081,0.03445729135702818
D,3.0,W10,002,25.0,0.75,0.001,6,0.1,True,429,0.2892176356071081,0.03445729135702818
D,3.0,W10,002,25.0,0.75,0.001,6,0.2,False,,,
D,3.0,W10,002,25.0,0.75,0.001,8,0.1,True,429,0.2892176356071081,0.03445729135702818
D,3.0,W10,002,25.0,0.75,0.001,8,0.2,False,,,
D,3.0,W10,002,25.0,0.75,0.001,10,0.1,True,429,0.2892176356071081,0.03445729135702818
D,3.0,W10,002,25.0,0.75,0.001,10,0.2,False,,,
D,3.0,W10,002,25.0,0.8,0.0005,6,0.1,True,411,0.24848346832471016,0.03774419560646399
D,3.0,W10,002,25.0,0.8,0.0005,6,0.2,True,429,0.2892176356071081,0.03445729135702818
D,3.0,W10,002,25.0,0.8,0.0005,8,0.1,True,411,0.24848346832471016,0.03774419560646399
D,3.0,W10,002,25.0,0.8,0.0005,8,0.2,True,429,0.2892176356071081,0.03445729135702818
D,3.0,W10,002,25.0,0.8,0.0005,10,0.1,True,411,0.24848346832471016,0.03774419560646399
D,3.0,W10,002,25.0,0.8,0.0005,10,0.2,True,429,0.2892176356071081,0.03445729135702818
D,3.0,W10,002,25.0,0.8,0.001,6,0.1,True,429,0.2892176356071081,0.03445729135702818
D,3.0,W10,002,25.0,0.8,0.001,6,0.2,False,,,
D,3.0,W10,002,25.0,0.8,0.001,8,0.1,True,429,0.2892176356071081,0.03445729135702818
D,3.0,W10,002,25.0,0.8,0.001,8,0.2,False,,,
D,3.0,W10,002,25.0,0.8,0.001,10,0.1,True,429,0.2892176356071081,0.03445729135702818
D,3.0,W10,002,25.0,0.8,0.001,10,0.2,False,,,
D,3.0,W12,001,15.0,0.7,0.0005,6,0.1,True,444,0.2631259531859892,0.061998276286814584
D,3.0,W12,001,15.0,0.7,0.0005,6,0.2,True,454,0.29363539814949036,0.059921932866774406
D,3.0,W12,001,15.0,0.7,0.0005,8,0.1,True,444,0.2631259531859892,0.061998276286814584
D,3.0,W12,001,15.0,0.7,0.0005,8,0.2,True,454,0.29363539814949036,0.059921932866774406
D,3.0,W12,001,15.0,0.7,0.0005,10,0.1,True,444,0.2631259531859892,0.061998276286814584
D,3.0,W12,001,15.0,0.7,0.0005,10,0.2,True,454,0.29363539814949036,0.059921932866774406
D,3.0,W12,001,15.0,0.7,0.001,6,0.1,True,454,0.29363539814949036,0.059921932866774406
D,3.0,W12,001,15.0,0.7,0.001,6,0.2,False,,,
D,3.0,W12,001,15.0,0.7,0.001,8,0.1,True,454,0.29363539814949036,0.059921932866774406
D,3.0,W12,001,15.0,0.7,0.001,8,0.2,False,,,
D,3.0,W12,001,15.0,0.7,0.001,10,0.1,True,454,0.29363539814949036,0.059921932866774406
D,3.0,W12,001,15.0,0.7,0.001,10,0.2,False,,,
D,3.0,W12,001,15.0,0.75,0.0005,6,0.1,True,438,0.24843690248138933,0.06301461088370128
D,3.0,W12,001,15.0,0.75,0.0005,6,0.2,True,454,0.29363539814949036,0.059921932866774406
D,3.0,W12,001,15.0,0.75,0.0005,8,0.1,True,438,0.24843690248138933,0.06301461088370128
D,3.0,W12,001,15.0,0.75,0.0005,8,0.2,True,454,0.29363539814949036,0.059921932866774406
D,3.0,W12,001,15.0,0.75,0.0005,10,0.1,True,438,0.24843690248138933,0.06301461088370128
D,3.0,W12,001,15.0,0.75,0.0005,10,0.2,True,454,0.29363539814949036,0.059921932866774406
D,3.0,W12,001,15.0,0.75,0.001,6,0.1,True,454,0.29363539814949036,0.059921932866774406
D,3.0,W12,001,15.0,0.75,0.001,6,0.2,False,,,
D,3.0,W12,001,15.0,0.75,0.001,8,0.1,True,454,0.29363539814949036,0.059921932866774406
D,3.0,W12,001,15.0,0.75,0.001,8,0.2,False,,,
D,3.0,W12,001,15.0,0.75,0.001,10,0.1,True,454,0.29363539814949036,0.059921932866774406
D,3.0,W12,001,15.0,0.75,0.001,10,0.2,False,,,
D,3.0,W12,001,15.0,0.8,0.0005,6,0.1,True,444,0.2631259531859892,0.061998276286814584
D,3.0,W12,001,15.0,0.8,0.0005,6,0.2,True,455,0.2965657829520214,0.059689960476145686
D,3.0,W12,001,15.0,0.8,0.0005,8,0.1,True,444,0.2631259531859892,0.061998276286814584
D,3.0,W12,001,15.0,0.8,0.0005,8,0.2,True,455,0.2965657829520214,0.059689960476145686
D,3.0,W12,001,15.0,0.8,0.0005,10,0.1,True,444,0.2631259531859892,0.061998276286814584
D,3.0,W12,001,15.0,0.8,0.0005,10,0.2,True,455,0.2965657829520214,0.059689960476145686
D,3.0,W12,001,15.0,0.8,0.001,6,0.1,True,455,0.2965657829520214,0.059689960476145686
D,3.0,W12,001,15.0,0.8,0.001,6,0.2,False,,,
D,3.0,W12,001,15.0,0.8,0.001,8,0.1,True,455,0.2965657829520214,0.059689960476145686
D,3.0,W12,001,15.0,0.8,0.001,8,0.2,False,,,
D,3.0,W12,001,15.0,0.8,0.001,10,0.1,True,455,0.2965657829520214,0.059689960476145686
D,3.0,W12,001,15.0,0.8,0.001,10,0.2,False,,,
D,3.0,W12,001,20.0,0.7,0.0005,6,0.1,True,444,0.2631259531859892,0.061998276286814584
D,3.0,W12,001,20.0,0.7,0.0005,6,0.2,True,455,0.2965657829520214,0.059689960476145686
D,3.0,W12,001,20.0,0.7,0.0005,8,0.1,True,444,0.2631259531859892,0.061998276286814584
D,3.0,W12,001,20.0,0.7,0.0005,8,0.2,True,455,0.2965657829520214,0.059689960476145686
D,3.0,W12,001,20.0,0.7,0.0005,10,0.1,True,444,0.2631259531859892,0.061998276286814584
D,3.0,W12,001,20.0,0.7,0.0005,10,0.2,True,455,0.2965657829520214,0.059689960476145686
D,3.0,W12,001,20.0,0.7,0.001,6,0.1,True,455,0.2965657829520214,0.059689960476145686
D,3.0,W12,001,20.0,0.7,0.001,6,0.2,False,,,
D,3.0,W12,001,20.0,0.7,0.001,8,0.1,True,455,0.2965657829520214,0.059689960476145686
D,3.0,W12,001,20.0,0.7,0.001,8,0.2,False,,,
D,3.0,W12,001,20.0,0.7,0.001,10,0.1,True,455,0.2965657829520214,0.059689960476145686
D,3.0,W12,001,20.0,0.7,0.001,10,0.2,False,,,
D,3.0,W12,001,20.0,0.75,0.0005,6,0.1,True,438,0.24843690248138933,0.06301461088370128
D,3.0,W12,001,20.0,0.75,0.0005,6,0.2,True,455,0.2965657829520214,0.059689960476145686
D,3.0,W12,001,20.0,0.75,0.0005,8,0.1,True,438,0.24843690248138933,0.06301461088370128
D,3.0,W12,001,20.0,0.75,0.0005,8,0.2,True,455,0.2965657829520214,0.059689960476145686
D,3.0,W12,001,20.0,0.75,0.0005,10,0.1,True,438,0.24843690248138933,0.06301461088370128
D,3.0,W12,001,20.0,0.75,0.0005,10,0.2,True,455,0.2965657829520214,0.059689960476145686
D,3.0,W12,001,20.0,0.75,0.001,6,0.1,True,454,0.29363539814949036,0.059921932866774406
D,3.0,W12,001,20.0,0.75,0.001,6,0.2,False,,,
D,3.0,W12,001,20.0,0.75,0.001,8,0.1,True,454,0.29363539814949036,0.059921932866774406
D,3.0,W12,001,20.0,0.75,0.001,8,0.2,False,,,
D,3.0,W12,001,20.0,0.75,0.001,10,0.1,True,454,0.29363539814949036,0.059921932866774406
D,3.0,W12,001,20.0,0.75,0.001,10,0.2,False,,,
D,3.0,W12,001,20.0,0.8,0.0005,6,0.1,True,438,0.24843690248138933,0.06301461088370128
D,3.0,W12,001,20.0,0.8,0.0005,6,0.2,True,456,0.2995184724589428,0.059408856802676095
D,3.0,W12,001,20.0,0.8,0.0005,8,0.1,True,438,0.24843690248138933,0.06301461088370128
D,3.0,W12,001,20.0,0.8,0.0005,8,0.2,True,456,0.2995184724589428,0.059408856802676095
D,3.0,W12,001,20.0,0.8,0.0005,10,0.1,True,438,0.24843690248138933,0.06301461088370128
D,3.0,W12,001,20.0,0.8,0.0005,10,0.2,True,456,0.2995184724589428,0.059408856802676095
D,3.0,W12,001,20.0,0.8,0.001,6,0.1,True,455,0.2965657829520214,0.059689960476145686
D,3.0,W12,001,20.0,0.8,0.001,6,0.2,False,,,
D,3.0,W12,001,20.0,0.8,0.001,8,0.1,True,455,0.2965657829520214,0.059689960476145686
D,3.0,W12,001,20.0,0.8,0.001,8,0.2,False,,,
D,3.0,W12,001,20.0,0.8,0.001,10,0.1,True,455,0.2965657829520214,0.059689960476145686
D,3.0,W12,001,20.0,0.8,0.001,10,0.2,False,,,
D,3.0,W12,001,25.0,0.7,0.0005,6,0.1,True,438,0.24852915012683624,0.06319986971525046
D,3.0,W12,001,25.0,0.7,0.0005,6,0.2,True,452,0.28791656708106017,0.060613105789973185
D,3.0,W12,001,25.0,0.7,0.0005,8,0.1,True,438,0.24852915012683624,0.06319986971525046
D,3.0,W12,001,25.0,0.7,0.0005,8,0.2,True,452,0.28791656708106017,0.060613105789973185
D,3.0,W12,001,25.0,0.7,0.0005,10,0.1,True,438,0.24852915012683624,0.06319986971525046
D,3.0,W12,001,25.0,0.7,0.0005,10,0.2,True,452,0.28791656708106017,0.060613105789973185
D,3.0,W12,001,25.0,0.7,0.001,6,0.1,True,453,0.29093933143676853,0.06034722389319004
D,3.0,W12,001,25.0,0.7,0.001,6,0.2,True,468,0.3611426376379453,0.05692982387084227
D,3.0,W12,001,25.0,0.7,0.001,8,0.1,True,453,0.29093933143676853,0.06034722389319004
D,3.0,W12,001,25.0,0.7,0.001,8,0.2,False,,,
D,3.0,W12,001,25.0,0.7,0.001,10,0.1,True,453,0.29093933143676853,0.06034722389319004
D,3.0,W12,001,25.0,0.7,0.001,10,0.2,False,,,
D,3.0,W12,001,25.0,0.75,0.0005,6,0.1,True,437,0.24655050860765654,0.06333580756416687
D,3.0,W12,001,25.0,0.75,0.0005,6,0.2,True,452,0.28791656708106017,0.060613105789973185
D,3.0,W12,001,25.0,0.75,0.0005,8,0.1,True,437,0.24655050860765654,0.06333580756416687
D,3.0,W12,001,25.0,0.75,0.0005,8,0.2,True,452,0.28791656708106017,0.060613105789973185
D,3.0,W12,001,25.0,0.75,0.0005,10,0.1,True,437,0.24655050860765654,0.06333580756416687
D,3.0,W12,001,25.0,0.75,0.0005,10,0.2,True,452,0.28791656708106017,0.060613105789973185
D,3.0,W12,001,25.0,0.75,0.001,6,0.1,True,453,0.29093933143676853,0.06034722389319004
D,3.0,W12,001,25.0,0.75,0.001,6,0.2,False,,,
D,3.0,W12,001,25.0,0.75,0.001,8,0.1,True,453,0.29093933143676853,0.06034722389319004
D,3.0,W12,001,25.0,0.75,0.001,8,0.2,False,,,
D,3.0,W12,001,25.0,0.75,0.001,10,0.1,True,453,0.29093933143676853,0.06034722389319004
D,3.0,W12,001,25.0,0.75,0.001,10,0.2,False,,,
D,3.0,W12,001,25.0,0.8,0.0005,6,0.1,True,437,0.24655050860765654,0.06333580756416687
D,3.0,W12,001,25.0,0.8,0.0005,6,0.2,True,453,0.29093933143676853,0.06034722389319004
D,3.0,W12,001,25.0,0.8,0.0005,8,0.1,True,437,0.24655050860765654,0.06333580756416687
D,3.0,W12,001,25.0,0.8,0.0005,8,0.2,True,453,0.29093933143676853,0.06034722389319004
D,3.0,W12,001,25.0,0.8,0.0005,10,0.1,True,437,0.24655050860765654,0.06333580756416687
D,3.0,W12,001,25.0,0.8,0.0005,10,0.2,True,453,0.29093933143676853,0.06034722389319004
D,3.0,W12,001,25.0,0.8,0.001,6,0.1,True,454,0.2938217192124098,0.06010605175143633
D,3.0,W12,001,25.0,0.8,0.001,6,0.2,False,,,
D,3.0,W12,001,25.0,0.8,0.001,8,0.1,True,454,0.2938217192124098,0.06010605175143633
D,3.0,W12,001,25.0,0.8,0.001,8,0.2,False,,,
D,3.0,W12,001,25.0,0.8,0.001,10,0.1,True,454,0.2938217192124098,0.06010605175143633
D,3.0,W12,001,25.0,0.8,0.001,10,0.2,False,,,
D,3.0,W12,002,15.0,0.7,0.0005,6,0.1,True,462,0.2938320755240429,0.05905240217605269
D,3.0,W12,002,15.0,0.7,0.0005,6,0.2,False,,,
D,3.0,W12,002,15.0,0.7,0.0005,8,0.1,True,462,0.2938320755240429,0.05905240217605269
D,3.0,W12,002,15.0,0.7,0.0005,8,0.2,False,,,
D,3.0,W12,002,15.0,0.7,0.0005,10,0.1,True,462,0.2938320755240429,0.05905240217605269
D,3.0,W12,002,15.0,0.7,0.0005,10,0.2,False,,,
D,3.0,W12,002,15.0,0.7,0.001,6,0.1,False,,,
D,3.0,W12,002,15.0,0.7,0.001,6,0.2,False,,,
D,3.0,W12,002,15.0,0.7,0.001,8,0.1,False,,,
D,3.0,W12,002,15.0,0.7,0.001,8,0.2,False,,,
D,3.0,W12,002,15.0,0.7,0.001,10,0.1,False,,,
D,3.0,W12,002,15.0,0.7,0.001,10,0.2,False,,,
D,3.0,W12,002,15.0,0.75,0.0005,6,0.1,True,462,0.2938320755240429,0.05905240217605269
D,3.0,W12,002,15.0,0.75,0.0005,6,0.2,True,465,0.3028883294886853,0.058397337255707706
D,3.0,W12,002,15.0,0.75,0.0005,8,0.1,True,462,0.2938320755240429,0.05905240217605269
D,3.0,W12,002,15.0,0.75,0.0005,8,0.2,False,,,
D,3.0,W12,002,15.0,0.75,0.0005,10,0.1,False,,,
D,3.0,W12,002,15.0,0.75,0.0005,10,0.2,False,,,
D,3.0,W12,002,15.0,0.75,0.001,6,0.1,False,,,
D,3.0,W12,002,15.0,0.75,0.001,6,0.2,False,,,
D,3.0,W12,002,15.0,0.75,0.001,8,0.1,False,,,
D,3.0,W12,002,15.0,0.75,0.001,8,0.2,False,,,
D,3.0,W12,002,15.0,0.75,0.001,10,0.1,False,,,
D,3.0,W12,002,15.0,0.75,0.001,10,0.2,False,,,
D,3.0,W12,002,15.0,0.8,0.0005,6,0.1,True,465,0.3028883294886853,0.058397337255707706
D,3.0,W12,002,15.0,0.8,0.0005,6,0.2,False,,,
D,3.0,W12,002,15.0,0.8,0.0005,8,0.1,True,465,0.3028883294886853,0.058397337255707706
D,3.0,W12,002,15.0,0.8,0.0005,8,0.2,False,,,
D,3.0,W12,002,15.0,0.8,0.0005,10,0.1,False,,,
D,3.0,W12,002,15.0,0.8,0.0005,10,0.2,False,,,
D,3.0,W12,002,15.0,0.8,0.001,6,0.1,False,,,
D,3.0,W12,002,15.0,0.8,0.001,6,0.2,False,,,
D,3.0,W12,002,15.0,0.8,0.001,8,0.1,False,,,
D,3.0,W12,002,15.0,0.8,0.001,8,0.2,False,,,
D,3.0,W12,002,15.0,0.8,0.001,10,0.1,False,,,
D,3.0,W12,002,15.0,0.8,0.001,10,0.2,False,,,
D,3.0,W12,002,20.0,0.7,0.0005,6,0.1,True,464,0.29970177936266706,0.05858998781586268
D,3.0,W12,002,20.0,0.7,0.0005,6,0.2,False,,,
D,3.0,W12,002,20.0,0.7,0.0005,8,0.1,True,464,0.29970177936266706,0.05858998781586268
D,3.0,W12,002,20.0,0.7,0.0005,8,0.2,False,,,
D,3.0,W12,002,20.0,0.7,0.0005,10,0.1,False,,,
D,3.0,W12,002,20.0,0.7,0.0005,10,0.2,False,,,
D,3.0,W12,002,20.0,0.7,0.001,6,0.1,False,,,
D,3.0,W12,002,20.0,0.7,0.001,6,0.2,False,,,
D,3.0,W12,002,20.0,0.7,0.001,8,0.1,False,,,
D,3.0,W12,002,20.0,0.7,0.001,8,0.2,False,,,
D,3.0,W12,002,20.0,0.7,0.001,10,0.1,False,,,
D,3.0,W12,002,20.0,0.7,0.001,10,0.2,False,,,
D,3.0,W12,002,20.0,0.75,0.0005,6,0.1,True,463,0.29677792234593126,0.058823644486536465
D,3.0,W12,002,20.0,0.75,0.0005,6,0.2,False,,,
D,3.0,W12,002,20.0,0.75,0.0005,8,0.1,True,463,0.29677792234593126,0.058823644486536465
D,3.0,W12,002,20.0,0.75,0.0005,8,0.2,False,,,
D,3.0,W12,002,20.0,0.75,0.0005,10,0.1,True,463,0.29677792234593126,0.058823644486536465
D,3.0,W12,002,20.0,0.75,0.0005,10,0.2,False,,,
D,3.0,W12,002,20.0,0.75,0.001,6,0.1,False,,,
D,3.0,W12,002,20.0,0.75,0.001,6,0.2,False,,,
D,3.0,W12,002,20.0,0.75,0.001,8,0.1,False,,,
D,3.0,W12,002,20.0,0.75,0.001,8,0.2,False,,,
D,3.0,W12,002,20.0,0.75,0.001,10,0.1,False,,,
D,3.0,W12,002,20.0,0.75,0.001,10,0.2,False,,,
D,3.0,W12,002,20.0,0.8,0.0005,6,0.1,True,455,0.27274016874382295,0.06061209648488516
D,3.0,W12,002,20.0,0.8,0.0005,6,0.2,False,,,
D,3.0,W12,002,20.0,0.8,0.0005,8,0.1,True,455,0.27274016874382295,0.06061209648488516
D,3.0,W12,002,20.0,0.8,0.0005,8,0.2,False,,,
D,3.0,W12,002,20.0,0.8,0.0005,10,0.1,False,,,
D,3.0,W12,002,20.0,0.8,0.0005,10,0.2,False,,,
D,3.0,W12,002,20.0,0.8,0.001,6,0.1,True,465,0.3028883294886853,0.058397337255707706
D,3.0,W12,002,20.0,0.8,0.001,6,0.2,False,,,
D,3.0,W12,002,20.0,0.8,0.001,8,0.1,False,,,
D,3.0,W12,002,20.0,0.8,0.001,8,0.2,False,,,
D,3.0,W12,002,20.0,0.8,0.001,10,0.1,False,,,
D,3.0,W12,002,20.0,0.8,0.001,10,0.2,False,,,
D,3.0,W12,002,25.0,0.7,0.0005,6,0.1,True,464,0.29976493884355593,0.058456718730620846
D,3.0,W12,002,25.0,0.7,0.0005,6,0.2,False,,,
D,3.0,W12,002,25.0,0.7,0.0005,8,0.1,True,464,0.29976493884355593,0.058456718730620846
D,3.0,W12,002,25.0,0.7,0.0005,8,0.2,False,,,
D,3.0,W12,002,25.0,0.7,0.0005,10,0.1,True,464,0.29976493884355593,0.058456718730620846
D,3.0,W12,002,25.0,0.7,0.0005,10,0.2,False,,,
D,3.0,W12,002,25.0,0.7,0.001,6,0.1,False,,,
D,3.0,W12,002,25.0,0.7,0.001,6,0.2,False,,,
D,3.0,W12,002,25.0,0.7,0.001,8,0.1,False,,,
D,3.0,W12,002,25.0,0.7,0.001,8,0.2,False,,,
D,3.0,W12,002,25.0,0.7,0.001,10,0.1,False,,,
D,3.0,W12,002,25.0,0.7,0.001,10,0.2,False,,,
D,3.0,W12,002,25.0,0.75,0.0005,6,0.1,True,463,0.29685700283600736,0.058697182494096264
D,3.0,W12,002,25.0,0.75,0.0005,6,0.2,False,,,
D,3.0,W12,002,25.0,0.75,0.0005,8,0.1,True,463,0.29685700283600736,0.058697182494096264
D,3.0,W12,002,25.0,0.75,0.0005,8,0.2,False,,,
D,3.0,W12,002,25.0,0.75,0.0005,10,0.1,True,463,0.29685700283600736,0.058697182494096264
D,3.0,W12,002,25.0,0.75,0.0005,10,0.2,False,,,
D,3.0,W12,002,25.0,0.75,0.001,6,0.1,False,,,
D,3.0,W12,002,25.0,0.75,0.001,6,0.2,False,,,
D,3.0,W12,002,25.0,0.75,0.001,8,0.1,False,,,
D,3.0,W12,002,25.0,0.75,0.001,8,0.2,False,,,
D,3.0,W12,002,25.0,0.75,0.001,10,0.1,False,,,
D,3.0,W12,002,25.0,0.75,0.001,10,0.2,False,,,
D,3.0,W12,002,25.0,0.8,0.0005,6,0.1,True,462,0.2939257935071603,0.0589351227077154
D,3.0,W12,002,25.0,0.8,0.0005,6,0.2,True,466,0.3065444529056549,0.05805353476450993
D,3.0,W12,002,25.0,0.8,0.0005,8,0.1,True,462,0.2939257935071603,0.0589351227077154
D,3.0,W12,002,25.0,0.8,0.0005,8,0.2,True,466,0.3065444529056549,0.05805353476450993
D,3.0,W12,002,25.0,0.8,0.0005,10,0.1,True,462,0.2939257935071603,0.0589351227077154
D,3.0,W12,002,25.0,0.8,0.0005,10,0.2,True,466,0.3065444529056549,0.05805353476450993
D,3.0,W12,002,25.0,0.8,0.001,6,0.1,False,,,
D,3.0,W12,002,25.0,0.8,0.001,6,0.2,False,,,
D,3.0,W12,002,25.0,0.8,0.001,8,0.1,False,,,
D,3.0,W12,002,25.0,0.8,0.001,8,0.2,False,,,
D,3.0,W12,002,25.0,0.8,0.001,10,0.1,False,,,
D,3.0,W12,002,25.0,0.8,0.001,10,0.2,False,,,
D,3.0,W20,001,15.0,0.7,0.0005,6,0.1,True,494,0.3521947329302868,0.3255889221846339
D,3.0,W20,001,15.0,0.7,0.0005,6,0.2,True,504,0.38013314805835124,0.34839561437985983
D,3.0,W20,001,15.0,0.7,0.0005,8,0.1,True,494,0.3521947329302868,0.3255889221846339
D,3.0,W20,001,15.0,0.7,0.0005,8,0.2,True,504,0.38013314805835124,0.34839561437985983
D,3.0,W20,001,15.0,0.7,0.0005,10,0.1,True,494,0.3521947329302868,0.3255889221846339
D,3.0,W20,001,15.0,0.7,0.0005,10,0.2,True,504,0.38013314805835124,0.34839561437985983
D,3.0,W20,001,15.0,0.7,0.001,6,0.1,True,524,0.4083020529115056,0.3697322599859123
D,3.0,W20,001,15.0,0.7,0.001,6,0.2,True,524,0.4083020529115056,0.3697322599859123
D,3.0,W20,001,15.0,0.7,0.001,8,0.1,True,524,0.4083020529115056,0.3697322599859123
D,3.0,W20,001,15.0,0.7,0.001,8,0.2,True,524,0.4083020529115056,0.3697322599859123
D,3.0,W20,001,15.0,0.7,0.001,10,0.1,True,524,0.4083020529115056,0.3697322599859123
D,3.0,W20,001,15.0,0.7,0.001,10,0.2,True,524,0.4083020529115056,0.3697322599859123
D,3.0,W20,001,15.0,0.75,0.0005,6,0.1,True,529,0.41275939668517514,0.37289100598139935
D,3.0,W20,001,15.0,0.75,0.0005,6,0.2,True,539,0.42183100889964276,0.3790067089609353
D,3.0,W20,001,15.0,0.75,0.0005,8,0.1,True,529,0.41275939668517514,0.37289100598139935
D,3.0,W20,001,15.0,0.75,0.0005,8,0.2,True,539,0.42183100889964276,0.3790067089609353
D,3.0,W20,001,15.0,0.75,0.0005,10,0.1,True,529,0.41275939668517514,0.37289100598139935
D,3.0,W20,001,15.0,0.75,0.0005,10,0.2,True,539,0.42183100889964276,0.3790067089609353
D,3.0,W20,001,15.0,0.75,0.001,6,0.1,True,474,0.3046442273869572,0.2842020194932639
D,3.0,W20,001,15.0,0.75,0.001,6,0.2,True,479,0.3157119564263217,0.29402158849210625
D,3.0,W20,001,15.0,0.75,0.001,8,0.1,True,539,0.42183100889964276,0.3790067089609353
D,3.0,W20,001,15.0,0.75,0.001,8,0.2,True,539,0.42183100889964276,0.3790067089609353
D,3.0,W20,001,15.0,0.75,0.001,10,0.1,True,539,0.42183100889964276,0.3790067089609353
D,3.0,W20,001,15.0,0.75,0.001,10,0.2,True,539,0.42183100889964276,0.3790067089609353
D,3.0,W20,001,15.0,0.8,0.0005,6,0.1,True,504,0.38013314805835124,0.34839561437985983
D,3.0,W20,001,15.0,0.8,0.0005,6,0.2,True,504,0.38013314805835124,0.34839561437985983
D,3.0,W20,001,15.0,0.8,0.0005,8,0.1,True,559,0.4419253870665309,0.39188336751547204
D,3.0,W20,001,15.0,0.8,0.0005,8,0.2,True,559,0.4419253870665309,0.39188336751547204
D,3.0,W20,001,15.0,0.8,0.0005,10,0.1,True,559,0.4419253870665309,0.39188336751547204
D,3.0,W20,001,15.0,0.8,0.0005,10,0.2,True,559,0.4419253870665309,0.39188336751547204
D,3.0,W20,001,15.0,0.8,0.001,6,0.1,True,494,0.3521947329302868,0.3255889221846339
D,3.0,W20,001,15.0,0.8,0.001,6,0.2,True,504,0.38013314805835124,0.34839561437985983
D,3.0,W20,001,15.0,0.8,0.001,8,0.1,True,494,0.3521947329302868,0.3255889221846339
D,3.0,W20,001,15.0,0.8,0.001,8,0.2,True,504,0.38013314805835124,0.34839561437985983
D,3.0,W20,001,15.0,0.8,0.001,10,0.1,True,494,0.3521947329302868,0.3255889221846339
D,3.0,W20,001,15.0,0.8,0.001,10,0.2,True,549,0.43156526067170753,0.38547142837421006
D,3.0,W20,001,20.0,0.7,0.0005,6,0.1,True,459,0.2743828354111637,0.25663987340697325
D,3.0,W20,001,20.0,0.7,0.0005,6,0.2,True,464,0.2840431788599635,0.26552830295390395
D,3.0,W20,001,20.0,0.7,0.0005,8,0.1,True,459,0.2743828354111637,0.25663987340697325
D,3.0,W20,001,20.0,0.7,0.0005,8,0.2,True,464,0.2840431788599635,0.26552830295390395
D,3.0,W20,001,20.0,0.7,0.0005,10,0.1,True,459,0.2743828354111637,0.25663987340697325
D,3.0,W20,001,20.0,0.7,0.0005,10,0.2,True,464,0.2840431788599635,0.26552830295390395
D,3.0,W20,001,20.0,0.7,0.001,6,0.1,True,572,0.45664801798671123,0.40026811878365204
D,3.0,W20,001,20.0,0.7,0.001,6,0.2,True,587,0.4760661319077733,0.40990304659648114
D,3.0,W20,001,20.0,0.7,0.001,8,0.1,True,572,0.45664801798671123,0.40026811878365204
D,3.0,W20,001,20.0,0.7,0.001,8,0.2,True,587,0.4760661319077733,0.40990304659648114
D,3.0,W20,001,20.0,0.7,0.001,10,0.1,True,572,0.45664801798671123,0.40026811878365204
D,3.0,W20,001,20.0,0.7,0.001,10,0.2,True,587,0.4760661319077733,0.40990304659648114
D,3.0,W20,001,20.0,0.75,0.0005,6,0.1,True,494,0.3521947329302868,0.3255889221846339
D,3.0,W20,001,20.0,0.75,0.0005,6,0.2,True,499,0.36582115938864557,0.3368906755763364
D,3.0,W20,001,20.0,0.75,0.0005,8,0.1,True,494,0.3521947329302868,0.3255889221846339
D,3.0,W20,001,20.0,0.75,0.0005,8,0.2,True,499,0.36582115938864557,0.3368906755763364
D,3.0,W20,001,20.0,0.75,0.0005,10,0.1,True,494,0.3521947329302868,0.3255889221846339
D,3.0,W20,001,20.0,0.75,0.0005,10,0.2,True,499,0.36582115938864557,0.3368906755763364
D,3.0,W20,001,20.0,0.75,0.001,6,0.1,True,539,0.42183100889964276,0.3790067089609353
D,3.0,W20,001,20.0,0.75,0.001,6,0.2,True,559,0.4419253870665309,0.39188336751547204
D,3.0,W20,001,20.0,0.75,0.001,8,0.1,True,539,0.42183100889964276,0.3790067089609353
D,3.0,W20,001,20.0,0.75,0.001,8,0.2,True,559,0.4419253870665309,0.39188336751547204
D,3.0,W20,001,20.0,0.75,0.001,10,0.1,True,539,0.42183100889964276,0.3790067089609353
D,3.0,W20,001,20.0,0.75,0.001,10,0.2,True,559,0.4419253870665309,0.39188336751547204
D,3.0,W20,001,20.0,0.8,0.0005,6,0.1,True,504,0.38013314805835124,0.34839561437985983
D,3.0,W20,001,20.0,0.8,0.0005,6,0.2,True,509,0.3956522144466998,0.3605001382080905
D,3.0,W20,001,20.0,0.8,0.0005,8,0.1,True,504,0.38013314805835124,0.34839561437985983
D,3.0,W20,001,20.0,0.8,0.0005,8,0.2,True,509,0.3956522144466998,0.3605001382080905
D,3.0,W20,001,20.0,0.8,0.0005,10,0.1,True,504,0.38013314805835124,0.34839561437985983
D,3.0,W20,001,20.0,0.8,0.0005,10,0.2,True,509,0.3956522144466998,0.3605001382080905
D,3.0,W20,001,20.0,0.8,0.001,6,0.1,True,575,0.46022001698792697,0.40216464199215535
D,3.0,W20,001,20.0,0.8,0.001,6,0.2,True,582,0.4691227685256177,0.406659931662571
D,3.0,W20,001,20.0,0.8,0.001,8,0.1,True,575,0.46022001698792697,0.40216464199215535
D,3.0,W20,001,20.0,0.8,0.001,8,0.2,True,582,0.4691227685256177,0.406659931662571
D,3.0,W20,001,20.0,0.8,0.001,10,0.1,True,575,0.46022001698792697,0.40216464199215535
D,3.0,W20,001,20.0,0.8,0.001,10,0.2,True,582,0.4691227685256177,0.406659931662571
D,3.0,W20,001,25.0,0.7,0.0005,6,0.1,True,439,0.23903478565928224,0.22398674042968006
D,3.0,W20,001,25.0,0.7,0.0005,6,0.2,True,439,0.23903478565928224,0.22398674042968006
D,3.0,W20,001,25.0,0.7,0.0005,8,0.1,True,439,0.23903478565928224,0.22398674042968006
D,3.0,W20,001,25.0,0.7,0.0005,8,0.2,True,439,0.23903478565928224,0.22398674042968006
D,3.0,W20,001,25.0,0.7,0.0005,10,0.1,True,439,0.23903478565928224,0.22398674042968006
D,3.0,W20,001,25.0,0.7,0.0005,10,0.2,True,439,0.23903478565928224,0.22398674042968006
D,3.0,W20,001,25.0,0.7,0.001,6,0.1,True,484,0.32738267601310433,0.3043198144281065
D,3.0,W20,001,25.0,0.7,0.001,6,0.2,True,489,0.3394029148213275,0.31476174701343884
D,3.0,W20,001,25.0,0.7,0.001,8,0.1,True,484,0.32738267601310433,0.3043198144281065
D,3.0,W20,001,25.0,0.7,0.001,8,0.2,True,489,0.3394029148213275,0.31476174701343884
D,3.0,W20,001,25.0,0.7,0.001,10,0.1,True,484,0.32738267601310433,0.3043198144281065
D,3.0,W20,001,25.0,0.7,0.001,10,0.2,True,489,0.3394029148213275,0.31476174701343884
D,3.0,W20,001,25.0,0.75,0.0005,6,0.1,True,469,0.2942486180887594,0.27479413345262604
D,3.0,W20,001,25.0,0.75,0.0005,6,0.2,True,474,0.3047590224773853,0.284272394397042
D,3.0,W20,001,25.0,0.75,0.0005,8,0.1,True,469,0.2942486180887594,0.27479413345262604
D,3.0,W20,001,25.0,0.75,0.0005,8,0.2,True,474,0.3047590224773853,0.284272394397042
D,3.0,W20,001,25.0,0.75,0.0005,10,0.1,True,469,0.2942486180887594,0.27479413345262604
D,3.0,W20,001,25.0,0.75,0.0005,10,0.2,True,474,0.3047590224773853,0.284272394397042
D,3.0,W20,001,25.0,0.75,0.001,6,0.1,True,534,0.4175669132889091,0.37604959444566205
D,3.0,W20,001,25.0,0.75,0.001,6,0.2,True,595,0.4891270971917487,0.4150740581673461
D,3.0,W20,001,25.0,0.75,0.001,8,0.1,True,534,0.4175669132889091,0.37604959444566205
D,3.0,W20,001,25.0,0.75,0.001,8,0.2,True,595,0.4891270971917487,0.4150740581673461
D,3.0,W20,001,25.0,0.75,0.001,10,0.1,True,534,0.4175669132889091,0.37604959444566205
D,3.0,W20,001,25.0,0.75,0.001,10,0.2,True,595,0.4891270971917487,0.4150740581673461
D,3.0,W20,001,25.0,0.8,0.0005,6,0.1,True,484,0.32738267601310433,0.3043198144281065
D,3.0,W20,001,25.0,0.8,0.0005,6,0.2,True,484,0.32738267601310433,0.3043198144281065
D,3.0,W20,001,25.0,0.8,0.0005,8,0.1,True,484,0.32738267601310433,0.3043198144281065
D,3.0,W20,001,25.0,0.8,0.0005,8,0.2,True,484,0.32738267601310433,0.3043198144281065
D,3.0,W20,001,25.0,0.8,0.0005,10,0.1,True,484,0.32738267601310433,0.3043198144281065
D,3.0,W20,001,25.0,0.8,0.0005,10,0.2,True,484,0.32738267601310433,0.3043198144281065
D,3.0,W20,001,25.0,0.8,0.001,6,0.1,True,592,0.48432221157210215,0.4131638040016224
D,3.0,W20,001,25.0,0.8,0.001,6,0.2,False,,,
D,3.0,W20,001,25.0,0.8,0.001,8,0.1,True,592,0.48432221157210215,0.4131638040016224
D,3.0,W20,001,25.0,0.8,0.001,8,0.2,False,,,
D,3.0,W20,001,25.0,0.8,0.001,10,0.1,True,592,0.48432221157210215,0.4131638040016224
D,3.0,W20,001,25.0,0.8,0.001,10,0.2,False,,,
D,3.0,W20,002,15.0,0.7,0.0005,6,0.1,True,496,0.322924617305398,0.3109950300306082
D,3.0,W20,002,15.0,0.7,0.0005,6,0.2,True,501,0.3308555632829666,0.32112066969275477
D,3.0,W20,002,15.0,0.7,0.0005,8,0.1,True,496,0.322924617305398,0.3109950300306082
D,3.0,W20,002,15.0,0.7,0.0005,8,0.2,True,501,0.3308555632829666,0.32112066969275477
D,3.0,W20,002,15.0,0.7,0.0005,10,0.1,True,496,0.322924617305398,0.3109950300306082
D,3.0,W20,002,15.0,0.7,0.0005,10,0.2,True,501,0.3308555632829666,0.32112066969275477
D,3.0,W20,002,15.0,0.7,0.001,6,0.1,True,541,0.35407880172133444,0.3475820876657963
D,3.0,W20,002,15.0,0.7,0.001,6,0.2,True,546,0.3562734663486481,0.34958879128098486
D,3.0,W20,002,15.0,0.7,0.001,8,0.1,True,541,0.35407880172133444,0.3475820876657963
D,3.0,W20,002,15.0,0.7,0.001,8,0.2,True,546,0.3562734663486481,0.34958879128098486
D,3.0,W20,002,15.0,0.7,0.001,10,0.1,True,541,0.35407880172133444,0.3475820876657963
D,3.0,W20,002,15.0,0.7,0.001,10,0.2,True,546,0.3562734663486481,0.34958879128098486
D,3.0,W20,002,15.0,0.75,0.0005,6,0.1,True,476,0.2918259110301733,0.273141910508275
D,3.0,W20,002,15.0,0.75,0.0005,6,0.2,True,481,0.2997171238064766,0.2823280468583107
D,3.0,W20,002,15.0,0.75,0.0005,8,0.1,True,476,0.2918259110301733,0.273141910508275
D,3.0,W20,002,15.0,0.75,0.0005,8,0.2,True,481,0.2997171238064766,0.2823280468583107
D,3.0,W20,002,15.0,0.75,0.0005,10,0.1,True,476,0.2918259110301733,0.273141910508275
D,3.0,W20,002,15.0,0.75,0.0005,10,0.2,True,481,0.2997171238064766,0.2823280468583107
D,3.0,W20,002,15.0,0.75,0.001,6,0.1,True,521,0.34550841227173806,0.3390661023557186
D,3.0,W20,002,15.0,0.75,0.001,6,0.2,True,541,0.35407880172133444,0.3475820876657963
D,3.0,W20,002,15.0,0.75,0.001,8,0.1,True,521,0.34550841227173806,0.3390661023557186
D,3.0,W20,002,15.0,0.75,0.001,8,0.2,True,541,0.35407880172133444,0.3475820876657963
D,3.0,W20,002,15.0,0.75,0.001,10,0.1,True,521,0.34550841227173806,0.3390661023557186
D,3.0,W20,002,15.0,0.75,0.001,10,0.2,True,541,0.35407880172133444,0.3475820876657963
D,3.0,W20,002,15.0,0.8,0.0005,6,0.1,True,486,0.3072362903505564,0.29162264205515387
D,3.0,W20,002,15.0,0.8,0.0005,6,0.2,True,486,0.3072362903505564,0.29162264205515387
D,3.0,W20,002,15.0,0.8,0.0005,8,0.1,True,486,0.3072362903505564,0.29162264205515387
D,3.0,W20,002,15.0,0.8,0.0005,8,0.2,True,486,0.3072362903505564,0.29162264205515387
D,3.0,W20,002,15.0,0.8,0.0005,10,0.1,True,486,0.3072362903505564,0.29162264205515387
D,3.0,W20,002,15.0,0.8,0.0005,10,0.2,True,486,0.3072362903505564,0.29162264205515387
D,3.0,W20,002,15.0,0.8,0.001,6,0.1,True,546,0.3562734663486481,0.34958879128098486
D,3.0,W20,002,15.0,0.8,0.001,6,0.2,True,556,0.360931308940053,0.35356154330074785
D,3.0,W20,002,15.0,0.8,0.001,8,0.1,True,546,0.3562734663486481,0.34958879128098486
D,3.0,W20,002,15.0,0.8,0.001,8,0.2,True,556,0.360931308940053,0.35356154330074785
D,3.0,W20,002,15.0,0.8,0.001,10,0.1,True,546,0.3562734663486481,0.34958879128098486
D,3.0,W20,002,15.0,0.8,0.001,10,0.2,True,556,0.360931308940053,0.35356154330074785
D,3.0,W20,002,20.0,0.7,0.0005,6,0.1,True,466,0.2760457683354616,0.2557823169976473
D,3.0,W20,002,20.0,0.7,0.0005,6,0.2,True,471,0.2839385397732258,0.26445375084877015
D,3.0,W20,002,20.0,0.7,0.0005,8,0.1,True,466,0.2760457683354616,0.2557823169976473
D,3.0,W20,002,20.0,0.7,0.0005,8,0.2,True,471,0.2839385397732258,0.26445375084877015
D,3.0,W20,002,20.0,0.7,0.0005,10,0.1,True,466,0.2760457683354616,0.2557823169976473
D,3.0,W20,002,20.0,0.7,0.0005,10,0.2,True,471,0.2839385397732258,0.26445375084877015
D,3.0,W20,002,20.0,0.7,0.001,6,0.1,True,546,0.3562734663486481,0.34958879128098486
D,3.0,W20,002,20.0,0.7,0.001,6,0.2,True,561,0.3629209533333778,0.35492570847272875
D,3.0,W20,002,20.0,0.7,0.001,8,0.1,True,546,0.3562734663486481,0.34958879128098486
D,3.0,W20,002,20.0,0.7,0.001,8,0.2,True,561,0.3629209533333778,0.35492570847272875
D,3.0,W20,002,20.0,0.7,0.001,10,0.1,True,546,0.3562734663486481,0.34958879128098486
D,3.0,W20,002,20.0,0.7,0.001,10,0.2,True,561,0.3629209533333778,0.35492570847272875
D,3.0,W20,002,20.0,0.75,0.0005,6,0.1,True,491,0.31539876386523247,0.3012431010603905
D,3.0,W20,002,20.0,0.75,0.0005,6,0.2,True,496,0.322924617305398,0.3109950300306082
D,3.0,W20,002,20.0,0.75,0.0005,8,0.1,True,491,0.31539876386523247,0.3012431010603905
D,3.0,W20,002,20.0,0.75,0.0005,8,0.2,True,496,0.322924617305398,0.3109950300306082
D,3.0,W20,002,20.0,0.75,0.0005,10,0.1,True,491,0.31539876386523247,0.3012431010603905
D,3.0,W20,002,20.0,0.75,0.0005,10,0.2,True,496,0.322924617305398,0.3109950300306082
D,3.0,W20,002,20.0,0.75,0.001,6,0.1,True,577,0.37026894353330136,0.3599603522568941
D,3.0,W20,002,20.0,0.75,0.001,6,0.2,True,592,0.37625633254647256,0.36439438089728354
D,3.0,W20,002,20.0,0.75,0.001,8,0.1,True,577,0.37026894353330136,0.3599603522568941
D,3.0,W20,002,20.0,0.75,0.001,8,0.2,True,592,0.37625633254647256,0.36439438089728354
D,3.0,W20,002,20.0,0.75,0.001,10,0.1,True,577,0.37026894353330136,0.3599603522568941
D,3.0,W20,002,20.0,0.75,0.001,10,0.2,True,592,0.37625633254647256,0.36439438089728354
D,3.0,W20,002,20.0,0.8,0.0005,6,0.1,True,486,0.3072362903505564,0.29162264205515387
D,3.0,W20,002,20.0,0.8,0.0005,6,0.2,True,491,0.31539876386523247,0.3012431010603905
D,3.0,W20,002,20.0,0.8,0.0005,8,0.1,True,486,0.3072362903505564,0.29162264205515387
D,3.0,W20,002,20.0,0.8,0.0005,8,0.2,True,491,0.31539876386523247,0.3012431010603905
D,3.0,W20,002,20.0,0.8,0.0005,10,0.1,True,486,0.3072362903505564,0.29162264205515387
D,3.0,W20,002,20.0,0.8,0.0005,10,0.2,True,491,0.31539876386523247,0.3012431010603905
D,3.0,W20,002,20.0,0.8,0.001,6,0.1,True,571,0.3675480395555496,0.3583834759891033
D,3.0,W20,002,20.0,0.8,0.001,6,0.2,True,583,0.37271948643028735,0.36187232919037343
D,3.0,W20,002,20.0,0.8,0.001,8,0.1,True,571,0.3675480395555496,0.3583834759891033
D,3.0,W20,002,20.0,0.8,0.001,8,0.2,True,583,0.37271948643028735,0.36187232919037343
D,3.0,W20,002,20.0,0.8,0.001,10,0.1,True,571,0.3675480395555496,0.3583834759891033
D,3.0,W20,002,20.0,0.8,0.001,10,0.2,True,583,0.37271948643028735,0.36187232919037343
D,3.0,W20,002,25.0,0.7,0.0005,6,0.1,True,536,0.3514864138762156,0.34503144065539043
D,3.0,W20,002,25.0,0.7,0.0005,6,0.2,True,541,0.35379884640375775,0.34740630388259885
D,3.0,W20,002,25.0,0.7,0.0005,8,0.1,True,536,0.3514864138762156,0.34503144065539043
D,3.0,W20,002,25.0,0.7,0.0005,8,0.2,True,541,0.35379884640375775,0.34740630388259885
D,3.0,W20,002,25.0,0.7,0.0005,10,0.1,True,536,0.3514864138762156,0.34503144065539043
D,3.0,W20,002,25.0,0.7,0.0005,10,0.2,True,541,0.35379884640375775,0.34740630388259885
D,3.0,W20,002,25.0,0.7,0.001,6,0.1,True,578,0.3703777865568797,0.3600276950995127
D,3.0,W20,002,25.0,0.7,0.001,6,0.2,True,592,0.3759061646461487,0.3641571386655172
D,3.0,W20,002,25.0,0.7,0.001,8,0.1,True,578,0.3703777865568797,0.3600276950995127
D,3.0,W20,002,25.0,0.7,0.001,8,0.2,True,592,0.3759061646461487,0.3641571386655172
D,3.0,W20,002,25.0,0.7,0.001,10,0.1,True,578,0.3703777865568797,0.3600276950995127
D,3.0,W20,002,25.0,0.7,0.001,10,0.2,True,592,0.3759061646461487,0.3641571386655172
D,3.0,W20,002,25.0,0.75,0.0005,6,0.1,True,491,0.31521637161572774,0.30114655137062074
D,3.0,W20,002,25.0,0.75,0.0005,6,0.2,True,496,0.322724685271581,0.310895231962204
D,3.0,W20,002,25.0,0.75,0.0005,8,0.1,True,491,0.31521637161572774,0.30114655137062074
D,3.0,W20,002,25.0,0.75,0.0005,8,0.2,True,496,0.322724685271581,0.310895231962204
D,3.0,W20,002,25.0,0.75,0.0005,10,0.1,True,491,0.31521637161572774,0.30114655137062074
D,3.0,W20,002,25.0,0.75,0.0005,10,0.2,True,496,0.322724685271581,0.310895231962204
D,3.0,W20,002,25.0,0.75,0.001,6,0.1,True,579,0.3707239007949829,0.3602519504229228
D,3.0,W20,002,25.0,0.75,0.001,6,0.2,True,593,0.37622828006744385,0.36441619555155436
D,3.0,W20,002,25.0,0.75,0.001,8,0.1,True,579,0.3707239007949829,0.3602519504229228
D,3.0,W20,002,25.0,0.75,0.001,8,0.2,True,593,0.37622828006744385,0.36441619555155436
D,3.0,W20,002,25.0,0.75,0.001,10,0.1,True,579,0.3707239007949829,0.3602519504229228
D,3.0,W20,002,25.0,0.75,0.001,10,0.2,True,593,0.37622828006744385,0.36441619555155436
D,3.0,W20,002,25.0,0.8,0.0005,6,0.1,True,506,0.33844061851501467,0.3305613549550374
D,3.0,W20,002,25.0,0.8,0.0005,6,0.2,True,521,0.3452524975935618,0.33891398469607037
D,3.0,W20,002,25.0,0.8,0.0005,8,0.1,True,506,0.33844061851501467,0.3305613549550374
D,3.0,W20,002,25.0,0.8,0.0005,8,0.2,True,521,0.3452524975935618,0.33891398469607037
D,3.0,W20,002,25.0,0.8,0.0005,10,0.1,True,506,0.33844061851501467,0.3305613549550374
D,3.0,W20,002,25.0,0.8,0.0005,10,0.2,True,521,0.3452524975935618,0.33891398469607037
D,3.0,W20,002,25.0,0.8,0.001,6,0.1,True,592,0.3759061646461487,0.3641571386655172
D,3.0,W20,002,25.0,0.8,0.001,6,0.2,True,596,0.37720561226209004,0.3651557187239329
D,3.0,W20,002,25.0,0.8,0.001,8,0.1,True,592,0.3759061646461487,0.3641571386655172
D,3.0,W20,002,25.0,0.8,0.001,8,0.2,False,,,
D,3.0,W20,002,25.0,0.8,0.001,10,0.1,True,592,0.3759061646461487,0.3641571386655172
D,3.0,W20,002,25.0,0.8,0.001,10,0.2,False,,,
